recall,precision,threshold
1.0,0.24183006535947713,0.17688202857971191
1.0,0.24197384066587396,0.18051287531852722
1.0,0.24211778703152886,0.18250064551830292
1.0,0.24226190476190476,0.18543288111686707
1.0,0.24240619416319237,0.18632109463214874
1.0,0.24255065554231228,0.19030095636844635
1.0,0.2426952892069171,0.19119471311569214
1.0,0.24284009546539378,0.19337397813796997
1.0,0.24298507462686567,0.19370144605636597
1.0,0.24313022700119474,0.20281144976615906
1.0,0.24327555289898387,0.20453180372714996
1.0,0.24342105263157895,0.20785972476005554
1.0,0.24356672651107122,0.20933949947357178
1.0,0.2437125748502994,0.21227926015853882
1.0,0.243858597962852,0.21733848750591278
1.0,0.24400479616306955,0.21897631883621216
1.0,0.24415116976604678,0.219824880361557
1.0,0.24429771908763506,0.22289632260799408
1.0,0.24444444444444444,0.22332218289375305
1.0,0.24459134615384615,0.22381317615509033
1.0,0.24473842453397474,0.22469784319400787
1.0,0.24488567990373045,0.22773778438568115
1.0,0.24503311258278146,0.2286640703678131
1.0,0.24518072289156626,0.22994932532310486
1.0,0.24532851115129597,0.23016676306724548
1.0,0.24547647768395658,0.23074352741241455
1.0,0.2456246228123114,0.23088529706001282
1.0,0.2457729468599034,0.23105227947235107
1.0,0.2459214501510574,0.23156839609146118
1.0,0.2460701330108827,0.23299580812454224
1.0,0.24621899576527526,0.234067901968956
1.0,0.2463680387409201,0.23474863171577454
1.0,0.24651726226529377,0.23482072353363037
1.0,0.24666666666666667,0.2348848134279251
1.0,0.24681625227410553,0.23579931259155273
1.0,0.24696601941747573,0.23636001348495483
1.0,0.24711596842744385,0.2377924621105194
1.0,0.24726609963547996,0.23817726969718933
1.0,0.2474164133738602,0.2385326325893402
1.0,0.2475669099756691,0.24227982759475708
1.0,0.24771758977480218,0.2423517107963562
1.0,0.24786845310596833,0.24291130900382996
1.0,0.24801950030469225,0.2436399757862091
1.0,0.24817073170731707,0.24420775473117828
1.0,0.2483221476510067,0.2451860010623932
1.0,0.24847374847374848,0.245583176612854
1.0,0.24862553451435554,0.24561719596385956
1.0,0.24877750611246943,0.24574002623558044
1.0,0.2489296636085627,0.24873682856559753
1.0,0.24908200734394126,0.2489052712917328
1.0,0.2492345376607471,0.24899998307228088
0.9975429975429976,0.24877450980392157,0.24948009848594666
0.9975429975429976,0.24892703862660945,0.24976703524589539
0.9975429975429976,0.249079754601227,0.2514799237251282
0.9975429975429976,0.24923265807243708,0.25211483240127563
0.9975429975429976,0.2493857493857494,0.2548365890979767
0.9975429975429976,0.24953902888752305,0.25582996010780334
0.9975429975429976,0.24969249692496925,0.2569856643676758
0.9975429975429976,0.24984615384615386,0.2575281858444214
0.9975429975429976,0.25,0.2578085958957672
0.9975429975429976,0.2501540357362908,0.2583250105381012
0.9975429975429976,0.25030826140567203,0.2583555579185486
0.9975429975429976,0.25046267735965455,0.25920403003692627
0.9975429975429976,0.2506172839506173,0.25940513610839844
0.9975429975429976,0.25077208153180974,0.2595221996307373
0.9975429975429976,0.25092707045735474,0.2601800262928009
0.9975429975429976,0.2510822510822511,0.2606789469718933
0.9975429975429976,0.25123762376237624,0.2609490752220154
0.9975429975429976,0.2513931888544892,0.2628198564052582
0.9975429975429976,0.25154894671623296,0.26345670223236084
0.9975429975429976,0.25170489770613763,0.2641236186027527
0.9975429975429976,0.2518610421836228,0.26427385210990906
0.9975429975429976,0.25201738050900063,0.2647961378097534
0.9975429975429976,0.25217391304347825,0.2649003267288208
0.9975429975429976,0.25233064014916096,0.2649076581001282
0.9975429975429976,0.2524875621890547,0.2657792568206787
0.9975429975429976,0.2526446795270691,0.2659982442855835
0.9975429975429976,0.25280199252801994,0.26655250787734985
0.9975429975429976,0.2529595015576324,0.2669682502746582
0.9975429975429976,0.25311720698254364,0.26757147908210754
0.9975429975429976,0.25327510917030566,0.2676600217819214
0.9975429975429976,0.2534332084893883,0.2679247260093689
0.9975429975429976,0.25375,0.2685132920742035
0.9975429975429976,0.25390869293308316,0.2699219584465027
0.9975429975429976,0.25406758448060074,0.2700912654399872
0.9975429975429976,0.2542266750156543,0.27074718475341797
0.9975429975429976,0.2543859649122807,0.2720627784729004
0.9975429975429976,0.2545454545454545,0.2721819281578064
0.9975429975429976,0.2547051442910916,0.27293533086776733
0.9975429975429976,0.25486503452605147,0.2732619345188141
0.9975429975429976,0.2550251256281407,0.27402856945991516
0.9975429975429976,0.25518541797611566,0.2743383049964905
0.9975429975429976,0.25534591194968553,0.2751477062702179
0.9975429975429976,0.2555066079295154,0.27545711398124695
0.9975429975429976,0.25566750629722923,0.2756880521774292
0.9975429975429976,0.25582860743541275,0.27580082416534424
0.9975429975429976,0.25598991172761665,0.2762795686721802
0.9975429975429976,0.2561514195583596,0.27691414952278137
0.9975429975429976,0.2563131313131313,0.27776724100112915
0.9975429975429976,0.25647504737839544,0.2785797417163849
0.9975429975429976,0.2567994939911448,0.2791852653026581
0.9975429975429976,0.2569620253164557,0.2804190516471863
0.9975429975429976,0.2571247625079164,0.28088700771331787
0.9975429975429976,0.2572877059569075,0.28089606761932373
0.9975429975429976,0.25745085605580215,0.2814651429653168
0.9975429975429976,0.25761421319796957,0.28161144256591797
0.9975429975429976,0.2577777777777778,0.28175491094589233
0.9975429975429976,0.2579415501905972,0.2826039791107178
0.9975429975429976,0.2581055308328036,0.28273943066596985
0.9975429975429976,0.2582697201017812,0.2831166684627533
0.9975429975429976,0.25843411839592617,0.2832825481891632
0.995085995085995,0.25796178343949044,0.2835913300514221
0.995085995085995,0.25812619502868067,0.2837674617767334
0.995085995085995,0.2582908163265306,0.2838994264602661
0.995085995085995,0.25845564773452456,0.28418615460395813
0.995085995085995,0.25862068965517243,0.2843625545501709
0.995085995085995,0.25878594249201275,0.28478655219078064
0.995085995085995,0.25895140664961636,0.28489959239959717
0.995085995085995,0.2591170825335892,0.28596261143684387
0.995085995085995,0.2592829705505762,0.28604060411453247
0.995085995085995,0.25944907110826393,0.2876037359237671
0.995085995085995,0.25961538461538464,0.2881770730018616
0.995085995085995,0.25978191148171903,0.2881777882575989
0.995085995085995,0.25994865211810014,0.288205623626709
0.995085995085995,0.26011560693641617,0.28845202922821045
0.995085995085995,0.2602827763496144,0.28886252641677856
0.995085995085995,0.2604501607717042,0.28956061601638794
0.995085995085995,0.2606177606177606,0.29063495993614197
0.995085995085995,0.2607855763039279,0.2910797595977783
0.995085995085995,0.2609536082474227,0.2917034924030304
0.995085995085995,0.2611218568665377,0.2924765944480896
0.995085995085995,0.26129032258064516,0.29257336258888245
0.995085995085995,0.26145900581020015,0.2929343581199646
0.995085995085995,0.2616279069767442,0.29317915439605713
0.995085995085995,0.26179702650290887,0.2933822572231293
0.995085995085995,0.26196636481241914,0.2937043011188507
0.995085995085995,0.2621359223300971,0.29406923055648804
0.995085995085995,0.2623056994818653,0.2941676378250122
0.995085995085995,0.26247569669475046,0.2946324944496155
0.995085995085995,0.26264591439688717,0.2952719032764435
0.995085995085995,0.2628163530175211,0.29529696702957153
0.995085995085995,0.262987012987013,0.2956724166870117
0.995085995085995,0.2631578947368421,0.29577744007110596
0.995085995085995,0.2633289986996099,0.29672104120254517
0.995085995085995,0.2635003253090436,0.2968020439147949
0.995085995085995,0.263671875,0.29691165685653687
0.995085995085995,0.26384364820846906,0.29767492413520813
0.995085995085995,0.26401564537157757,0.29801416397094727
0.995085995085995,0.26418786692759294,0.2980409860610962
0.995085995085995,0.2643603133159269,0.29925423860549927
0.995085995085995,0.2645329849771391,0.2997403144836426
0.995085995085995,0.2647058823529412,0.3005400002002716
0.995085995085995,0.2648790058862001,0.30107003450393677
0.995085995085995,0.2650523560209424,0.3028185963630676
0.995085995085995,0.26522593320235754,0.303222119808197
0.995085995085995,0.2653997378768021,0.3035464286804199
0.995085995085995,0.26557377049180325,0.30377358198165894
0.995085995085995,0.265748031496063,0.3041781485080719
0.995085995085995,0.2659225213394616,0.3045586347579956
0.995085995085995,0.26609724047306177,0.3047138452529907
0.995085995085995,0.26627218934911245,0.30660420656204224
0.995085995085995,0.26644736842105265,0.3074650168418884
0.995085995085995,0.2666227781435155,0.3078633248806
0.995085995085995,0.26679841897233203,0.3081214427947998
0.995085995085995,0.26697429136453527,0.30902716517448425
0.995085995085995,0.26732673267326734,0.30972400307655334
0.995085995085995,0.2675033025099075,0.31012165546417236
0.995085995085995,0.2676801057501652,0.3105672597885132
0.995085995085995,0.26785714285714285,0.3118654787540436
0.995085995085995,0.2680344142951688,0.31193262338638306
0.995085995085995,0.2682119205298013,0.31254345178604126
0.995085995085995,0.26856763925729443,0.31263968348503113
0.995085995085995,0.26874585268745854,0.3128199577331543
0.995085995085995,0.2689243027888446,0.31310558319091797
0.995085995085995,0.2691029900332226,0.3135334551334381
0.995085995085995,0.269281914893617,0.3141133785247803
0.995085995085995,0.2694610778443114,0.31424617767333984
0.995085995085995,0.26964047936085217,0.3151891231536865
0.995085995085995,0.2698201199200533,0.3152759075164795
0.995085995085995,0.27,0.3170761466026306
0.995085995085995,0.2701801200800534,0.31860873103141785
0.995085995085995,0.2703604806408545,0.31860899925231934
0.995085995085995,0.27054108216432865,0.318869411945343
0.995085995085995,0.27072192513368987,0.31945568323135376
0.995085995085995,0.2710843373493976,0.3202159106731415
0.995085995085995,0.2712659075686537,0.32040977478027344
0.995085995085995,0.2714477211796247,0.3214989900588989
0.995085995085995,0.2716297786720322,0.3217223286628723
0.995085995085995,0.27181208053691275,0.32188501954078674
0.995085995085995,0.2719946272666219,0.32247215509414673
0.995085995085995,0.2721774193548387,0.3232828378677368
0.995085995085995,0.27236045729657027,0.3235451579093933
0.9926289926289926,0.2718707940780619,0.3236578106880188
0.9926289926289926,0.27205387205387205,0.32451331615448
0.9926289926289926,0.2722371967654987,0.3251442313194275
0.9926289926289926,0.2724207687120701,0.3261980414390564
0.9926289926289926,0.2726045883940621,0.32633382081985474
0.9926289926289926,0.27278865631330185,0.32644128799438477
0.9926289926289926,0.27297297297297296,0.3265044391155243
0.9926289926289926,0.27315753887762,0.3269275426864624
0.9926289926289926,0.2733423545331529,0.328228235244751
0.9926289926289926,0.27352742044685174,0.32828980684280396
0.9926289926289926,0.27371273712737126,0.3285280466079712
0.9926289926289926,0.2738983050847458,0.3285979628562927
0.9926289926289926,0.27408412483039346,0.328891396522522
0.9926289926289926,0.2742701968771215,0.3289652168750763
0.9926289926289926,0.27445652173913043,0.32939082384109497
0.9926289926289926,0.274643099932019,0.33037540316581726
0.9926289926289926,0.2748299319727891,0.33064496517181396
0.9926289926289926,0.27501701837985026,0.331284761428833
0.9926289926289926,0.27520435967302453,0.33139926195144653
0.9926289926289926,0.27539195637355146,0.3318783640861511
0.9926289926289926,0.2755798090040928,0.33264487981796265
0.9926289926289926,0.2757679180887372,0.33285701274871826
0.9926289926289926,0.27595628415300544,0.3354963958263397
0.9926289926289926,0.2761449077238551,0.3364328145980835
0.9926289926289926,0.2763337893296854,0.3371880054473877
0.9926289926289926,0.27652292950034224,0.33761072158813477
0.9926289926289926,0.27671232876712326,0.338023841381073
0.9926289926289926,0.27690198766278273,0.33816370368003845
0.9926289926289926,0.27709190672153633,0.3381872773170471
0.9926289926289926,0.2772820864790666,0.3401055335998535
0.9926289926289926,0.2774725274725275,0.34033557772636414
0.9926289926289926,0.27766323024054984,0.34068524837493896
0.9926289926289926,0.27785419532324623,0.3408328890800476
0.9926289926289926,0.2780454232622161,0.34123432636260986
0.9926289926289926,0.27823691460055094,0.3412819504737854
0.9926289926289926,0.27842866988283943,0.3416082561016083
0.9926289926289926,0.2786206896551724,0.34250161051750183
0.9926289926289926,0.27881297446514836,0.34269216656684875
0.9901719901719902,0.27831491712707185,0.3428431451320648
0.9901719901719902,0.27850725639253626,0.34304410219192505
0.9901719901719902,0.27869986168741356,0.3431324362754822
0.9901719901719902,0.27889273356401384,0.3434246778488159
0.9901719901719902,0.2790858725761773,0.3443467617034912
0.9901719901719902,0.27927927927927926,0.34464824199676514
0.9901719901719902,0.27947295423023577,0.34480899572372437
0.9901719901719902,0.27966689798750866,0.34622377157211304
0.9901719901719902,0.2798611111111111,0.34644997119903564
0.9901719901719902,0.28005559416261294,0.34785109758377075
0.9901719901719902,0.28025034770514606,0.34792929887771606
0.9877149877149877,0.2797494780793319,0.34885329008102417
0.9877149877149877,0.2799442896935933,0.34890222549438477
0.9877149877149877,0.28013937282229967,0.34923112392425537
0.9877149877149877,0.2803347280334728,0.3497790992259979
0.9877149877149877,0.28053035589672015,0.34983599185943604
0.9877149877149877,0.2807262569832402,0.35149461030960083
0.9877149877149877,0.2809224318658281,0.3515755534172058
0.9877149877149877,0.2811188811188811,0.3517321050167084
0.9877149877149877,0.2813156053184045,0.35247939825057983
0.9877149877149877,0.2815126050420168,0.3526107668876648
0.9877149877149877,0.2817098808689559,0.3526124954223633
0.9877149877149877,0.28210526315789475,0.3534683585166931
0.9852579852579852,0.2816011235955056,0.35374945402145386
0.9828009828009828,0.28109627547434995,0.35380712151527405
0.9828009828009828,0.2812939521800281,0.3541809320449829
0.9828009828009828,0.28149190710767064,0.3545188009738922
0.9828009828009828,0.28169014084507044,0.3553677201271057
0.9828009828009828,0.28188865398167723,0.3558277487754822
0.9828009828009828,0.2820874471086037,0.35713493824005127
0.9828009828009828,0.2822865208186309,0.3578268885612488
0.9828009828009828,0.2824858757062147,0.35819312930107117
0.9828009828009828,0.2826855123674912,0.3583918809890747
0.9803439803439803,0.28217821782178215,0.3586602210998535
0.9803439803439803,0.2823779193205945,0.35881730914115906
0.9803439803439803,0.28257790368271957,0.3592267632484436
0.9803439803439803,0.2827781715095677,0.3605104088783264
0.9803439803439803,0.28297872340425534,0.3606806993484497
0.9803439803439803,0.2831795599716111,0.3610229790210724
0.9803439803439803,0.2833806818181818,0.3612033724784851
0.9803439803439803,0.2835820895522388,0.3616274893283844
0.9803439803439803,0.28378378378378377,0.3622075915336609
0.9803439803439803,0.28398576512455515,0.3627694547176361
0.9803439803439803,0.2841880341880342,0.36325347423553467
0.9803439803439803,0.2843905915894512,0.3634713292121887
0.9803439803439803,0.2845934379457917,0.36401358246803284
0.9803439803439803,0.284796573875803,0.36454176902770996
0.9803439803439803,0.285,0.366635799407959
0.9803439803439803,0.2852037169406719,0.3672499656677246
0.9803439803439803,0.2854077253218884,0.3682131767272949
0.9803439803439803,0.28561202576950606,0.36842724680900574
0.9803439803439803,0.28581661891117477,0.368516743183136
0.9803439803439803,0.2860215053763441,0.3685258626937866
0.9803439803439803,0.28622668579626975,0.3686685562133789
0.9803439803439803,0.2864321608040201,0.3700607120990753
0.9803439803439803,0.28663793103448276,0.3704753518104553
0.9803439803439803,0.286843997124371,0.3719465732574463
0.9803439803439803,0.2870503597122302,0.3723524212837219
0.9803439803439803,0.28725701943844495,0.372380793094635
0.9803439803439803,0.28746397694524495,0.37270253896713257
0.9803439803439803,0.2876712328767123,0.37291407585144043
0.9803439803439803,0.2878787878787879,0.3735695779323578
0.9803439803439803,0.28808664259927796,0.374822735786438
0.9803439803439803,0.28829479768786126,0.37520381808280945
0.9803439803439803,0.2885032537960954,0.37584036588668823
0.9803439803439803,0.28871201157742404,0.3759303092956543
0.9778869778869779,0.28819695872556117,0.37610387802124023
0.9754299754299754,0.2876811594202899,0.3761482834815979
0.9754299754299754,0.2878897751994199,0.37621116638183594
0.972972972972973,0.28737300435413643,0.37660694122314453
0.972972972972973,0.2875816993464052,0.3766871690750122
0.972972972972973,0.2877906976744186,0.3766939640045166
0.972972972972973,0.288,0.3767341375350952
0.972972972972973,0.28820960698689957,0.37727808952331543
0.972972972972973,0.2884195193008012,0.3780375123023987
0.972972972972973,0.2886297376093295,0.3781137466430664
0.972972972972973,0.2888402625820569,0.37865015864372253
0.972972972972973,0.28905109489051095,0.37932291626930237
0.972972972972973,0.2892622352081812,0.37963008880615234
0.972972972972973,0.2894736842105263,0.3808877170085907
0.972972972972973,0.2896854425749817,0.3812326192855835
0.972972972972973,0.28989751098096633,0.3823665380477905
0.972972972972973,0.29010989010989013,0.38259008526802063
0.972972972972973,0.2903225806451613,0.3828539550304413
0.972972972972973,0.2905355832721937,0.38391679525375366
0.972972972972973,0.2907488986784141,0.38413459062576294
0.972972972972973,0.2909625275532697,0.3842845559120178
0.972972972972973,0.2911764705882353,0.38438791036605835
0.972972972972973,0.2913907284768212,0.3845292329788208
0.972972972972973,0.2916053019145803,0.3846871852874756
0.972972972972973,0.2918201915991157,0.3849193751811981
0.972972972972973,0.2920353982300885,0.38515186309814453
0.9705159705159705,0.2915129151291513,0.38541966676712036
0.9705159705159705,0.2917282127031019,0.3869720697402954
0.9680589680589681,0.29120473022912047,0.38774368166923523
0.9680589680589681,0.29142011834319526,0.38845354318618774
0.9680589680589681,0.29163582531458176,0.3886268138885498
0.9680589680589681,0.29185185185185186,0.38880136609077454
0.9680589680589681,0.2920681986656783,0.3899519741535187
0.9680589680589681,0.2922848664688427,0.3900921642780304
0.9680589680589681,0.2925018559762435,0.39150378108024597
0.9680589680589681,0.29271916790490343,0.3917970061302185
0.9680589680589681,0.2929368029739777,0.39190611243247986
0.9680589680589681,0.2931547619047619,0.3919447064399719
0.9680589680589681,0.2933730454206999,0.3924216330051422
0.9656019656019657,0.29284649776453053,0.3931959867477417
0.9656019656019657,0.2930648769574944,0.3932599425315857
0.9656019656019657,0.29328358208955224,0.39362633228302
0.9631449631449631,0.292755787901419,0.393710196018219
0.9631449631449631,0.2929745889387145,0.3941541612148285
0.9631449631449631,0.2931937172774869,0.395185649394989
0.9631449631449631,0.2934131736526946,0.3957946300506592
0.9631449631449631,0.29363295880149815,0.39609408378601074
0.9606879606879607,0.29310344827586204,0.39639583230018616
0.9606879606879607,0.2933233308327082,0.3965531587600708
0.9606879606879607,0.29354354354354356,0.3976967930793762
0.9606879606879607,0.293984962406015,0.39788150787353516
0.9606879606879607,0.2942061700526712,0.3981820046901703
0.9606879606879607,0.2944277108433735,0.39882996678352356
0.9606879606879607,0.2946495855312736,0.39955586194992065
0.9606879606879607,0.2948717948717949,0.4000452756881714
0.9606879606879607,0.29509433962264153,0.4011131525039673
0.9606879606879607,0.29531722054380666,0.40119072794914246
0.9606879606879607,0.29554043839758126,0.40285465121269226
0.9606879606879607,0.2957639939485628,0.40333640575408936
0.9606879606879607,0.2959878879636639,0.40520790219306946
0.9606879606879607,0.2962121212121212,0.40533071756362915
0.9606879606879607,0.2964366944655042,0.4054836630821228
0.9606879606879607,0.2966616084977238,0.40564703941345215
0.9606879606879607,0.2968868640850418,0.40596336126327515
0.9606879606879607,0.29711246200607905,0.406119167804718
0.9606879606879607,0.2973384030418251,0.40755602717399597
0.9606879606879607,0.2975646879756469,0.40762925148010254
0.9606879606879607,0.2977913175932978,0.40775343775749207
0.9606879606879607,0.29801829268292684,0.4080888628959656
0.9606879606879607,0.2982456140350877,0.40810278058052063
0.9606879606879607,0.29847328244274807,0.40832948684692383
0.9606879606879607,0.2987012987012987,0.4083462059497833
0.9582309582309583,0.2981651376146789,0.40864554047584534
0.9582309582309583,0.29839326702371843,0.40947073698043823
0.9582309582309583,0.2986217457886677,0.4094959497451782
0.9582309582309583,0.2988505747126437,0.40997231006622314
0.9557739557739557,0.2983128834355828,0.40999171137809753
0.9557739557739557,0.29877112135176653,0.4109751284122467
0.9557739557739557,0.2990007686395081,0.41109222173690796
0.9533169533169533,0.29846153846153844,0.4112541079521179
0.9533169533169533,0.29869130100076985,0.41204941272735596
0.9533169533169533,0.29892141756548535,0.41238299012184143
0.9533169533169533,0.2991518889745567,0.4132934808731079
0.9533169533169533,0.2993827160493827,0.4134324789047241
0.9533169533169533,0.2996138996138996,0.4136194884777069
0.9533169533169533,0.29984544049459044,0.41369950771331787
0.9533169533169533,0.300077339520495,0.41438227891921997
0.9533169533169533,0.30030959752321984,0.41561663150787354
0.9533169533169533,0.3005422153369481,0.4168723523616791
0.9533169533169533,0.30077519379844964,0.4175647497177124
0.9533169533169533,0.30100853374709075,0.4182031750679016
0.9533169533169533,0.30124223602484473,0.4184296727180481
0.9533169533169533,0.3014763014763015,0.4189279079437256
0.9508599508599509,0.3009331259720062,0.4190664291381836
0.9508599508599509,0.30116731517509726,0.4194687306880951
0.9508599508599509,0.3014018691588785,0.4194788336753845
0.9508599508599509,0.3016367887763055,0.42033782601356506
0.9508599508599509,0.30187207488299533,0.4206531047821045
0.9508599508599509,0.30210772833723654,0.4206560254096985
0.9508599508599509,0.30258014073494915,0.4206654727458954
0.9508599508599509,0.3028169014084507,0.4209953546524048
0.9508599508599509,0.303054032889585,0.42104285955429077
0.9508599508599509,0.30329153605015674,0.42204710841178894
0.9484029484029484,0.3027450980392157,0.42207735776901245
0.9484029484029484,0.3029827315541601,0.4223802089691162
0.9484029484029484,0.3032207384131972,0.4227982461452484
0.9459459459459459,0.3026729559748428,0.42303311824798584
0.9459459459459459,0.3029110936270653,0.4230416417121887
0.9459459459459459,0.3031496062992126,0.42356032133102417
0.9459459459459459,0.3033884948778566,0.423846960067749
0.9459459459459459,0.30362776025236593,0.4242040514945984
0.9459459459459459,0.30386740331491713,0.4247859716415405
0.9459459459459459,0.3041074249605055,0.42491084337234497
0.9459459459459459,0.30434782608695654,0.4251065254211426
0.9459459459459459,0.3045886075949367,0.42525044083595276
0.9459459459459459,0.30482977038796516,0.42582061886787415
0.9459459459459459,0.3050713153724247,0.426665723323822
0.9459459459459459,0.3053132434575734,0.4269096255302429
0.9459459459459459,0.3055555555555556,0.4270312786102295
0.9459459459459459,0.3057982525814138,0.4270823001861572
0.9459459459459459,0.30604133545310014,0.4278640151023865
0.9459459459459459,0.30628480509148764,0.42853400111198425
0.9459459459459459,0.3065286624203822,0.42860203981399536
0.9459459459459459,0.30677290836653387,0.42879700660705566
0.9459459459459459,0.30701754385964913,0.4291010797023773
0.9459459459459459,0.30726256983240224,0.4291406273841858
0.9459459459459459,0.3075079872204473,0.42934882640838623
0.9459459459459459,0.30775379696243005,0.4296005368232727
0.9459459459459459,0.308,0.4297507405281067
0.9459459459459459,0.3082465972778223,0.4298110604286194
0.9459459459459459,0.30849358974358976,0.43006008863449097
0.9459459459459459,0.30874097834803527,0.43038052320480347
0.9459459459459459,0.3089887640449438,0.4304392337799072
0.9459459459459459,0.3092369477911647,0.4307507574558258
0.9459459459459459,0.3094855305466238,0.43093299865722656
0.9459459459459459,0.30973451327433627,0.4309403896331787
0.9459459459459459,0.30998389694041867,0.4310923218727112
0.9459459459459459,0.31048387096774194,0.43155810236930847
0.9459459459459459,0.3107344632768362,0.431560218334198
0.9434889434889435,0.31017770597738287,0.431740403175354
0.941031941031941,0.30962004850444624,0.4320114254951477
0.941031941031941,0.3098705501618123,0.4320754110813141
0.9385749385749386,0.30931174089068825,0.43239733576774597
0.9385749385749386,0.3095623987034036,0.43246397376060486
0.9385749385749386,0.31006493506493504,0.43288278579711914
0.9385749385749386,0.3103168155970755,0.4345255494117737
0.9385749385749386,0.3105691056910569,0.43456166982650757
0.9385749385749386,0.31082180634662326,0.435602605342865
0.9385749385749386,0.31107491856677527,0.4358043670654297
0.9385749385749386,0.3113284433577832,0.43648943305015564
0.9385749385749386,0.31158238172920066,0.43667706847190857
0.9385749385749386,0.31183673469387757,0.43713441491127014
0.9385749385749386,0.31209150326797386,0.43761247396469116
0.9385749385749386,0.312346688470973,0.4379170536994934
0.9385749385749386,0.31260229132569556,0.4387502074241638
0.9385749385749386,0.31285831285831284,0.43892157077789307
0.9361179361179361,0.3122950819672131,0.43910783529281616
0.9361179361179361,0.3125512715340443,0.4393552541732788
0.9361179361179361,0.312807881773399,0.43938276171684265
0.9361179361179361,0.31306491372226786,0.4395139813423157
0.9361179361179361,0.31332236842105265,0.4396379590034485
0.9361179361179361,0.3135802469135803,0.4406120181083679
0.9361179361179361,0.313838550247117,0.4406852722167969
0.9361179361179361,0.31409727947238253,0.4406864047050476
0.9361179361179361,0.31435643564356436,0.44072210788726807
0.9361179361179361,0.314616019818332,0.4409584403038025
0.9361179361179361,0.3148760330578512,0.44132745265960693
0.9361179361179361,0.315136476426799,0.44133490324020386
0.9361179361179361,0.31539735099337746,0.4414457082748413
0.9361179361179361,0.3156586578293289,0.4415585994720459
0.9361179361179361,0.31592039800995025,0.44158926606178284
0.9361179361179361,0.31618257261410787,0.4418916702270508
0.9361179361179361,0.3164451827242525,0.44196560978889465
0.9361179361179361,0.3167082294264339,0.44221967458724976
0.9361179361179361,0.31697171381031614,0.442528635263443
0.9361179361179361,0.3172356369691923,0.44261449575424194
0.9361179361179361,0.3175,0.4427473545074463
0.9361179361179361,0.3177648040033361,0.4429512619972229
0.9361179361179361,0.31803005008347246,0.44321000576019287
0.9361179361179361,0.3182957393483709,0.44422101974487305
0.9361179361179361,0.318561872909699,0.4450673460960388
0.9361179361179361,0.3188284518828452,0.4451686143875122
0.9361179361179361,0.31909547738693467,0.44517582654953003
0.9336609336609336,0.31852472757753564,0.44587963819503784
0.9336609336609336,0.3187919463087248,0.44682103395462036
0.9336609336609336,0.31905961376994124,0.44702666997909546
0.9312039312039312,0.31848739495798317,0.44779714941978455
0.9287469287469288,0.31791421362489486,0.448893666267395
0.9287469287469288,0.3181818181818182,0.44927453994750977
0.9287469287469288,0.3184498736310025,0.44968611001968384
0.9287469287469288,0.31871838111298484,0.4507595896720886
0.9287469287469288,0.3189873417721519,0.4507901668548584
0.9287469287469288,0.31925675675675674,0.45092207193374634
0.9287469287469288,0.31952662721893493,0.4510449171066284
0.9287469287469288,0.3197969543147208,0.45148855447769165
0.9287469287469288,0.32006773920406434,0.4515919089317322
0.9287469287469288,0.32033898305084746,0.4517948627471924
0.9287469287469288,0.32061068702290074,0.452705979347229
0.9287469287469288,0.32088285229202035,0.4529018700122833
0.9287469287469288,0.3211554800339847,0.45296406745910645
0.9287469287469288,0.32142857142857145,0.4546653926372528
0.9287469287469288,0.32170212765957445,0.4548107385635376
0.9262899262899262,0.32112436115843274,0.4555262327194214
0.9262899262899262,0.3213981244671782,0.4559347629547119
0.9262899262899262,0.3216723549488055,0.457908034324646
0.9262899262899262,0.3219470538001708,0.4583534598350525
0.9262899262899262,0.32222222222222224,0.4587520956993103
0.9238329238329238,0.3219178082191781,0.45897379517555237
0.9238329238329238,0.3221936589545844,0.4592741131782532
0.9238329238329238,0.32246998284734135,0.4599277377128601
0.9238329238329238,0.32274678111587984,0.4599531590938568
0.9238329238329238,0.3230240549828179,0.4601353406906128
0.9213759213759214,0.32244196044711954,0.4605230689048767
0.9213759213759214,0.3227194492254733,0.46102869510650635
0.9213759213759214,0.32299741602067183,0.46103814244270325
0.9213759213759214,0.3232758620689655,0.4614449143409729
0.9213759213759214,0.32355478861087145,0.4617263376712799
0.9213759213759214,0.3238341968911917,0.46200427412986755
0.9213759213759214,0.324114088159032,0.4627242386341095
0.918918918918919,0.3235294117647059,0.46273016929626465
0.918918918918919,0.3238095238095238,0.46275559067726135
0.918918918918919,0.3240901213171577,0.46313703060150146
0.918918918918919,0.32437120555073723,0.46327850222587585
0.918918918918919,0.3246527777777778,0.46354031562805176
0.918918918918919,0.32493483927019984,0.46354731917381287
0.918918918918919,0.32521739130434785,0.4638160467147827
0.918918918918919,0.32550043516100957,0.4640430212020874
0.918918918918919,0.32578397212543553,0.4642906188964844
0.918918918918919,0.3260680034873583,0.4645729660987854
0.918918918918919,0.3263525305410122,0.4646990895271301
0.918918918918919,0.3266375545851528,0.46514812111854553
0.918918918918919,0.3269230769230769,0.46571722626686096
0.918918918918919,0.32720909886264216,0.4662542939186096
0.918918918918919,0.3274956217162872,0.4662971794605255
0.918918918918919,0.32778264680105174,0.466319739818573
0.918918918918919,0.3280701754385965,0.4666760563850403
0.918918918918919,0.3286467486818981,0.46669214963912964
0.918918918918919,0.3289357959542656,0.46735119819641113
0.918918918918919,0.32922535211267606,0.4673722982406616
0.9164619164619164,0.32863436123348017,0.4673985242843628
0.9164619164619164,0.3289241622574956,0.4679350256919861
0.9164619164619164,0.3292144748455428,0.46820759773254395
0.9164619164619164,0.3295053003533569,0.4687698781490326
0.9164619164619164,0.3297966401414677,0.4690213203430176
0.9164619164619164,0.33008849557522124,0.46905380487442017
0.9164619164619164,0.3303808680248007,0.4694141745567322
0.9164619164619164,0.33067375886524825,0.46963244676589966
0.9164619164619164,0.33096716947648624,0.4698747396469116
0.9164619164619164,0.33126110124333924,0.4705115556716919
0.9164619164619164,0.33155555555555555,0.47094014286994934
0.9164619164619164,0.3318505338078292,0.47127634286880493
0.9164619164619164,0.3321460373998219,0.47158747911453247
0.9164619164619164,0.3324420677361854,0.47175949811935425
0.9164619164619164,0.3327386262265834,0.47252899408340454
0.9164619164619164,0.33303571428571427,0.4747641980648041
0.9164619164619164,0.3333333333333333,0.47517257928848267
0.9164619164619164,0.3336314847942755,0.47527778148651123
0.9164619164619164,0.3339301700984781,0.47592103481292725
0.9164619164619164,0.3342293906810036,0.4759784936904907
0.914004914004914,0.33363228699551567,0.4762710928916931
0.914004914004914,0.3339317773788151,0.4763745069503784
0.914004914004914,0.33423180592991913,0.4763815104961395
0.914004914004914,0.3345323741007194,0.4767373204231262
0.9115479115479116,0.3339333933393339,0.4768550992012024
0.9115479115479116,0.3342342342342342,0.4772070646286011
0.9115479115479116,0.3345356176735798,0.4773072600364685
0.9115479115479116,0.3348375451263538,0.4773244857788086
0.9115479115479116,0.33514001806684734,0.4776420295238495
0.9115479115479116,0.33544303797468356,0.4779570996761322
0.9115479115479116,0.3357466063348416,0.4781274199485779
0.9115479115479116,0.33605072463768115,0.4782550036907196
0.9115479115479116,0.33635539437896644,0.47843360900878906
0.9115479115479116,0.3366606170598911,0.47881489992141724
0.9115479115479116,0.3369663941871026,0.47973161935806274
0.9115479115479116,0.3372727272727273,0.4797961711883545
0.9115479115479116,0.3375796178343949,0.4801448583602905
0.9115479115479116,0.33788706739526414,0.48052504658699036
0.9115479115479116,0.3381950774840474,0.4806268811225891
0.9115479115479116,0.3385036496350365,0.4807489216327667
0.9115479115479116,0.33881278538812787,0.481194406747818
0.9115479115479116,0.3391224862888483,0.48119956254959106
0.9115479115479116,0.3394327538883806,0.48149290680885315
0.9115479115479116,0.33974358974358976,0.4821734130382538
0.9115479115479116,0.3400549954170486,0.48219388723373413
0.9115479115479116,0.3403669724770642,0.4823571443557739
0.9115479115479116,0.34067952249770433,0.4823715090751648
0.9090909090909091,0.3400735294117647,0.4826934039592743
0.9090909090909091,0.3403863845446182,0.4835394322872162
0.9090909090909091,0.3406998158379374,0.48364555835723877
0.9066339066339066,0.3400921658986175,0.4845098853111267
0.9066339066339066,0.3404059040590406,0.4845682382583618
0.9066339066339066,0.3407202216066482,0.48487037420272827
0.9066339066339066,0.3410351201478743,0.48487532138824463
0.9066339066339066,0.34135060129509714,0.4848947525024414
0.9041769041769042,0.34074074074074073,0.4849048852920532
0.9041769041769042,0.3410565338276182,0.48523300886154175
0.9041769041769042,0.34137291280148424,0.4854009747505188
0.9041769041769042,0.34168987929433614,0.48544400930404663
0.9041769041769042,0.3420074349442379,0.48608481884002686
0.9041769041769042,0.34232558139534885,0.48695051670074463
0.9041769041769042,0.3426443202979516,0.4872569739818573
0.9017199017199017,0.34203168685927304,0.4874648451805115
0.9017199017199017,0.3423507462686567,0.4876483678817749
0.9017199017199017,0.3426704014939309,0.4880380928516388
0.9017199017199017,0.3429906542056075,0.48868006467819214
0.9017199017199017,0.343311506080449,0.4892283082008362
0.9017199017199017,0.34363295880149813,0.48946401476860046
0.9017199017199017,0.34395501405810686,0.4903440773487091
0.9017199017199017,0.3442776735459662,0.49052006006240845
0.9017199017199017,0.34460093896713617,0.490523099899292
0.9017199017199017,0.3449248120300752,0.4911072254180908
0.9017199017199017,0.34524929444967073,0.4930459260940552
0.9017199017199017,0.3455743879472693,0.4934561252593994
0.8992628992628993,0.3449575871819039,0.49352508783340454
0.8992628992628993,0.3452830188679245,0.49362605810165405
0.8992628992628993,0.34560906515580736,0.49454396963119507
0.8968058968058968,0.3449905482041588,0.4945829510688782
0.8968058968058968,0.34531693472090824,0.49481725692749023
0.8968058968058968,0.3456439393939394,0.4949181079864502
0.8943488943488943,0.34502369668246446,0.49515652656555176
0.8943488943488943,0.34535104364326374,0.4955527186393738
0.8943488943488943,0.345679012345679,0.495754599571228
0.8943488943488943,0.34600760456273766,0.49668240547180176
0.8943488943488943,0.346336822074215,0.49673932790756226
0.8943488943488943,0.3466666666666667,0.4970676600933075
0.8943488943488943,0.34699714013346045,0.4972226619720459
0.8943488943488943,0.3473282442748092,0.49793070554733276
0.8943488943488943,0.34765998089780326,0.4981195330619812
0.8943488943488943,0.3479923518164436,0.49820223450660706
0.8943488943488943,0.34832535885167465,0.4983760714530945
0.8943488943488943,0.3486590038314176,0.4988781213760376
0.8943488943488943,0.348993288590604,0.49898624420166016
0.8943488943488943,0.3493282149712092,0.49934348464012146
0.8943488943488943,0.34966378482228627,0.49940937757492065
0.8943488943488943,0.35,0.4998703598976135
0.8943488943488943,0.3503368623676612,0.49994343519210815
0.8943488943488943,0.35067437379576105,0.5001608729362488
0.8943488943488943,0.3510125361620058,0.5008466243743896
0.8943488943488943,0.35135135135135137,0.5010594725608826
0.8943488943488943,0.3516908212560386,0.5015369057655334
0.8943488943488943,0.3520309477756286,0.501602828502655
0.8943488943488943,0.35237173281703776,0.5018023252487183
0.8918918918918919,0.35174418604651164,0.5021263360977173
0.8918918918918919,0.3524271844660194,0.5028653144836426
0.8918918918918919,0.35276967930029157,0.5029114484786987
0.8918918918918919,0.3531128404669261,0.5030314326286316
0.8894348894348895,0.3524829600778968,0.5039426684379578
0.8894348894348895,0.35282651072124754,0.5044617652893066
0.8894348894348895,0.35317073170731705,0.5049925446510315
0.8894348894348895,0.353515625,0.5050873160362244
0.8869778869778869,0.35288367546432065,0.5051906108856201
0.8869778869778869,0.3532289628180039,0.5052752494812012
0.8869778869778869,0.3535749265426053,0.5055830478668213
0.8869778869778869,0.353921568627451,0.5055942535400391
0.8845208845208845,0.35328753680078506,0.5059186220169067
0.8845208845208845,0.35363457760314343,0.5059260129928589
0.8820638820638821,0.3529990167158309,0.5060703158378601
0.8796068796068796,0.35236220472440943,0.5062731504440308
0.8796068796068796,0.3527093596059113,0.5064888596534729
0.8796068796068796,0.3530571992110454,0.5073760151863098
0.8796068796068796,0.35340572556762095,0.5080156326293945
0.8796068796068796,0.35375494071146246,0.5082094669342041
0.8796068796068796,0.35410484668644904,0.5082185864448547
0.8796068796068796,0.35445544554455444,0.5083262920379639
0.8771498771498771,0.3538156590683845,0.5085774064064026
0.8771498771498771,0.3541666666666667,0.5088936686515808
0.8746928746928747,0.3535253227408143,0.5094923377037048
0.8746928746928747,0.3538767395626243,0.5104818344116211
0.8722358722358723,0.35323383084577115,0.5108869671821594
0.8722358722358723,0.35358565737051795,0.5111181139945984
0.8722358722358723,0.353938185443669,0.5111412405967712
0.8722358722358723,0.35429141716566864,0.5121246576309204
0.8722358722358723,0.3546453546453546,0.5121749043464661
0.8722358722358723,0.355,0.5123047828674316
0.8722358722358723,0.35535535535535534,0.512407660484314
0.8722358722358723,0.3557114228456914,0.512460470199585
0.8697788697788698,0.3550651955867603,0.5126610994338989
0.8673218673218673,0.35441767068273095,0.512728750705719
0.8673218673218673,0.35477386934673366,0.5127323865890503
0.8673218673218673,0.3551307847082495,0.5127589106559753
0.8673218673218673,0.3554884189325277,0.5140189528465271
0.8673218673218673,0.3558467741935484,0.5140484571456909
0.8673218673218673,0.3562058526740666,0.5142446756362915
0.8673218673218673,0.3565656565656566,0.5147157907485962
0.8673218673218673,0.3569261880687563,0.5148231387138367
0.8648648648648649,0.3562753036437247,0.5148880481719971
0.8648648648648649,0.3566362715298885,0.5156192779541016
0.8648648648648649,0.35699797160243407,0.5161246061325073
0.8624078624078624,0.35634517766497464,0.517096221446991
0.8624078624078624,0.3567073170731707,0.5171682834625244
0.8624078624078624,0.3570701932858596,0.5176454782485962
0.8624078624078624,0.3574338085539715,0.5177381634712219
0.8624078624078624,0.3577981651376147,0.51776123046875
0.8624078624078624,0.35816326530612247,0.518157958984375
0.8624078624078624,0.3585291113381001,0.5188198089599609
0.8624078624078624,0.3588957055214724,0.5188674330711365
0.8624078624078624,0.3592630501535312,0.5197907090187073
0.8624078624078624,0.35963114754098363,0.5198759436607361
0.8624078624078624,0.36,0.5200932025909424
0.8624078624078624,0.3603696098562628,0.5202040672302246
0.8624078624078624,0.3607399794450154,0.5206790566444397
0.8624078624078624,0.3611111111111111,0.5208694934844971
0.8624078624078624,0.36148300720906285,0.5208925008773804
0.8624078624078624,0.3618556701030928,0.521163284778595
0.85995085995086,0.36119711042311664,0.5215055346488953
0.85995085995086,0.3615702479338843,0.5215635299682617
0.85995085995086,0.3619441571871768,0.5216755867004395
0.85995085995086,0.36231884057971014,0.5218664407730103
0.85995085995086,0.3626943005181347,0.5220006704330444
0.85995085995086,0.363447559709242,0.5220474004745483
0.85995085995086,0.36382536382536385,0.5220829248428345
0.85995085995086,0.36420395421436,0.5226756930351257
0.85995085995086,0.3645833333333333,0.5227531790733337
0.85995085995086,0.36496350364963503,0.5229330062866211
0.85995085995086,0.3653444676409186,0.5230329036712646
0.85995085995086,0.3657262277951933,0.5249717235565186
0.85995085995086,0.36649214659685864,0.5249980688095093
0.85995085995086,0.3668763102725367,0.525023341178894
0.8574938574938575,0.36621196222455404,0.5253815650939941
0.855036855036855,0.36554621848739494,0.5254305005073547
0.855036855036855,0.3659305993690852,0.5256121158599854
0.855036855036855,0.3663157894736842,0.5256607532501221
0.855036855036855,0.3667017913593256,0.5258743166923523
0.855036855036855,0.3670886075949367,0.5260320901870728
0.855036855036855,0.36747624076029567,0.5267672538757324
0.855036855036855,0.3678646934460888,0.5268943905830383
0.855036855036855,0.3682539682539683,0.5273399353027344
0.855036855036855,0.3686440677966102,0.5273791551589966
0.855036855036855,0.36903499469777307,0.5274986028671265
0.8525798525798526,0.36836518046709127,0.5275115966796875
0.8525798525798526,0.3687566418703507,0.5276288986206055
0.8525798525798526,0.36914893617021277,0.5277311205863953
0.8525798525798526,0.3699360341151386,0.5280206203460693
0.8525798525798526,0.3703308431163287,0.5280826091766357
0.8525798525798526,0.37072649572649574,0.5281108617782593
0.8501228501228502,0.3700534759358289,0.5281741619110107
0.8501228501228502,0.37044967880085655,0.5282689332962036
0.8476658476658476,0.36977491961414793,0.5285401940345764
0.8476658476658476,0.3701716738197425,0.5291528701782227
0.8476658476658476,0.37056928034371645,0.5292165875434875
0.8476658476658476,0.3709677419354839,0.5306477546691895
0.8476658476658476,0.3713670613562971,0.5308957099914551
0.8476658476658476,0.37176724137931033,0.5309761762619019
0.8476658476658476,0.37216828478964403,0.5315849781036377
0.8476658476658476,0.37257019438444927,0.5316183567047119
0.8476658476658476,0.372972972972973,0.5319558382034302
0.8476658476658476,0.37337662337662336,0.5321435928344727
0.8476658476658476,0.37378114842903576,0.5323339104652405
0.8476658476658476,0.37418655097613884,0.5323989987373352
0.8476658476658476,0.3745928338762215,0.5328282117843628
0.8476658476658476,0.375,0.533069908618927
0.8476658476658476,0.3754080522306855,0.5335019826889038
0.8476658476658476,0.3758169934640523,0.5337048768997192
0.8476658476658476,0.376226826608506,0.5338114500045776
0.8476658476658476,0.37663755458515286,0.5339968204498291
0.8476658476658476,0.3770491803278688,0.5340739488601685
0.8476658476658476,0.3774617067833698,0.5352228879928589
0.8476658476658476,0.3778751369112815,0.5355051755905151
0.8476658476658476,0.3782894736842105,0.5362253785133362
0.8476658476658476,0.3787047200878156,0.5362345576286316
0.8476658476658476,0.3791208791208791,0.5362380743026733
0.8476658476658476,0.3795379537953795,0.5365152359008789
0.8476658476658476,0.3799559471365639,0.5366451740264893
0.8476658476658476,0.38037486218302097,0.5367766618728638
0.8476658476658476,0.38079470198675497,0.5369119048118591
0.8476658476658476,0.3812154696132597,0.537036657333374
0.8476658476658476,0.38163716814159293,0.5372757315635681
0.8476658476658476,0.38205980066445183,0.5373567938804626
0.8476658476658476,0.38248337028824836,0.5376967191696167
0.8452088452088452,0.38179800221975585,0.5378990173339844
0.8452088452088452,0.38222222222222224,0.5380502343177795
0.8452088452088452,0.38264738598442716,0.53836590051651
0.8452088452088452,0.3830734966592428,0.5383989214897156
0.8452088452088452,0.3835005574136009,0.538506031036377
0.8452088452088452,0.38392857142857145,0.5386359691619873
0.8452088452088452,0.3843575418994413,0.5387992262840271
0.8427518427518428,0.383668903803132,0.5390053987503052
0.8427518427518428,0.3840985442329227,0.5390266180038452
0.8427518427518428,0.3845291479820628,0.5391877293586731
0.8427518427518428,0.38496071829405165,0.5393559336662292
0.8427518427518428,0.3853932584269663,0.5401766300201416
0.8427518427518428,0.3858267716535433,0.5402863621711731
0.8427518427518428,0.38626126126126126,0.5410971641540527
0.8402948402948403,0.3855693348365276,0.5416708588600159
0.8402948402948403,0.3860045146726862,0.5418896079063416
0.8402948402948403,0.3864406779661017,0.5418947339057922
0.8402948402948403,0.38687782805429866,0.5420201420783997
0.8402948402948403,0.3877551020408163,0.5423354506492615
0.8402948402948403,0.38819523269012485,0.5425329208374023
0.8402948402948403,0.3886363636363636,0.5425810217857361
0.8402948402948403,0.3890784982935154,0.5426597595214844
0.8378378378378378,0.38838268792710706,0.543059229850769
0.8378378378378378,0.3888255416191562,0.5432139039039612
0.8378378378378378,0.3892694063926941,0.5433810949325562
0.8378378378378378,0.38971428571428574,0.5434534549713135
0.8378378378378378,0.3901601830663616,0.5434573292732239
0.8378378378378378,0.39060710194730813,0.5436317920684814
0.8378378378378378,0.39105504587155965,0.5437695384025574
0.8378378378378378,0.39150401836969,0.5441876649856567
0.8378378378378378,0.39195402298850573,0.5442584156990051
0.8378378378378378,0.3924050632911392,0.5442905426025391
0.8378378378378378,0.39285714285714285,0.5447739362716675
0.8378378378378378,0.3933102652825836,0.5450807809829712
0.8378378378378378,0.39376443418013857,0.5454899668693542
0.8353808353808354,0.3930635838150289,0.5456823110580444
0.8353808353808354,0.39351851851851855,0.5459357500076294
0.8353808353808354,0.3939745075318656,0.5461676716804504
0.8353808353808354,0.39443155452436196,0.5461992025375366
0.8353808353808354,0.3948896631823461,0.5462889075279236
0.8353808353808354,0.3953488372093023,0.5465732216835022
0.8329238329238329,0.3946449359720605,0.5466233491897583
0.8329238329238329,0.3951048951048951,0.5471060276031494
0.8329238329238329,0.39556592765460913,0.547143816947937
0.8329238329238329,0.39602803738317754,0.547227144241333
0.8304668304668305,0.3953216374269006,0.5472925901412964
0.8304668304668305,0.3957845433255269,0.5473082065582275
0.8304668304668305,0.3962485345838218,0.547393798828125
0.8304668304668305,0.3967136150234742,0.5474474430084229
0.8304668304668305,0.3971797884841363,0.5477965474128723
0.8304668304668305,0.3976470588235294,0.5478587746620178
0.828009828009828,0.39693757361601884,0.5488890409469604
0.828009828009828,0.39740566037735847,0.5489686131477356
0.8255528255528255,0.39669421487603307,0.5494198799133301
0.8255528255528255,0.3971631205673759,0.5502458810806274
0.8255528255528255,0.3981042654028436,0.5504048466682434
0.8255528255528255,0.398576512455516,0.5504153966903687
0.8255528255528255,0.3990498812351544,0.5505357980728149
0.8255528255528255,0.3995243757431629,0.550588846206665
0.8255528255528255,0.4,0.5509753227233887
0.8255528255528255,0.40047675804529204,0.5513550043106079
0.8255528255528255,0.4009546539379475,0.5514504909515381
0.8255528255528255,0.4014336917562724,0.5517174601554871
0.8255528255528255,0.4019138755980861,0.5522466897964478
0.8255528255528255,0.4023952095808383,0.5522942543029785
0.8255528255528255,0.4028776978417266,0.5531012415885925
0.8255528255528255,0.40336134453781514,0.5532675981521606
0.8255528255528255,0.40384615384615385,0.5538259744644165
0.8255528255528255,0.4043321299638989,0.5541097521781921
0.8255528255528255,0.40481927710843374,0.5542570948600769
0.8255528255528255,0.40530759951749096,0.5545679330825806
0.8255528255528255,0.4057971014492754,0.5545690059661865
0.8255528255528255,0.4062877871825877,0.5548011660575867
0.8255528255528255,0.4067796610169492,0.5554961562156677
0.8255528255528255,0.4072727272727273,0.5557177066802979
0.8255528255528255,0.4077669902912621,0.5557845830917358
0.8255528255528255,0.4082624544349939,0.5558502674102783
0.8255528255528255,0.40875912408759124,0.5564276576042175
0.8230958230958231,0.40803897685749085,0.5569562911987305
0.8230958230958231,0.40853658536585363,0.5574228763580322
0.8230958230958231,0.409035409035409,0.557939887046814
0.8230958230958231,0.4095354523227384,0.5584580898284912
0.8230958230958231,0.41003671970624234,0.5585756301879883
0.8230958230958231,0.4105392156862745,0.558686375617981
0.8230958230958231,0.4110429447852761,0.5587974190711975
0.8230958230958231,0.41154791154791154,0.5589107275009155
0.8230958230958231,0.41205412054120544,0.5589545965194702
0.8230958230958231,0.4125615763546798,0.5590142607688904
0.8206388206388207,0.4118372379778052,0.559033989906311
0.8206388206388207,0.4123456790123457,0.5593057870864868
0.8181818181818182,0.411619283065513,0.5593416094779968
0.8181818181818182,0.4121287128712871,0.5594683885574341
0.8181818181818182,0.41263940520446096,0.5594927668571472
0.8181818181818182,0.413151364764268,0.559742271900177
0.8157248157248157,0.4124223602484472,0.5598797798156738
0.8157248157248157,0.4129353233830846,0.5600709915161133
0.8157248157248157,0.41344956413449563,0.5605489611625671
0.8157248157248157,0.4139650872817955,0.5616362690925598
0.8157248157248157,0.41448189762796506,0.5621392726898193
0.8157248157248157,0.415,0.562189519405365
0.8157248157248157,0.41551939924906134,0.5622270107269287
0.8157248157248157,0.41604010025062654,0.5624165534973145
0.8157248157248157,0.41656210790464243,0.562831461429596
0.8132678132678133,0.4158291457286432,0.563398003578186
0.8132678132678133,0.41635220125786165,0.5637805461883545
0.8132678132678133,0.4168765743073048,0.5641685724258423
0.8108108108108109,0.416141235813367,0.5643220543861389
0.8108108108108109,0.4166666666666667,0.5646141767501831
0.8108108108108109,0.41719342604298354,0.5650990009307861
0.8083538083538083,0.41645569620253164,0.5653845071792603
0.8083538083538083,0.41698352344740175,0.5654348731040955
0.8083538083538083,0.41751269035532995,0.5654522180557251
0.8058968058968059,0.4167725540025413,0.5658262968063354
0.8058968058968059,0.4173027989821883,0.5658901333808899
0.8058968058968059,0.4178343949044586,0.566089391708374
0.8058968058968059,0.41836734693877553,0.5664865970611572
0.8058968058968059,0.41890166028097064,0.566673755645752
0.8058968058968059,0.4194373401534527,0.5670377016067505
0.8058968058968059,0.4199743918053777,0.5672361850738525
0.8058968058968059,0.4205128205128205,0.5672972798347473
0.8058968058968059,0.42105263157894735,0.567302942276001
0.8058968058968059,0.42159383033419023,0.5673266649246216
0.8058968058968059,0.42213642213642216,0.567406177520752
0.8058968058968059,0.422680412371134,0.567440390586853
0.8034398034398035,0.42193548387096774,0.5678053498268127
0.8034398034398035,0.42248062015503873,0.5679751038551331
0.8034398034398035,0.4230271668822768,0.5682525038719177
0.8034398034398035,0.42357512953367876,0.568369448184967
0.8034398034398035,0.42412451361867703,0.5684005618095398
0.8034398034398035,0.42467532467532465,0.5685298442840576
0.8034398034398035,0.42522756827048114,0.5686056613922119
0.8034398034398035,0.42578125,0.5695249438285828
0.800982800982801,0.42503259452411996,0.5695818662643433
0.800982800982801,0.4255874673629243,0.5695850253105164
0.800982800982801,0.4261437908496732,0.5696401000022888
0.7985257985257985,0.42539267015706805,0.5697062611579895
0.7960687960687961,0.42463958060288337,0.5697294473648071
0.7960687960687961,0.4251968503937008,0.569887638092041
0.7960687960687961,0.42575558475689884,0.5699065327644348
0.7960687960687961,0.4263157894736842,0.570158064365387
0.7960687960687961,0.4268774703557312,0.570264458656311
0.7936117936117936,0.4261213720316623,0.5705502033233643
0.7936117936117936,0.42668428005284015,0.570656955242157
0.7936117936117936,0.42724867724867727,0.5708022117614746
0.7936117936117936,0.4278145695364238,0.5713508129119873
0.7936117936117936,0.42838196286472147,0.5717651844024658
0.7936117936117936,0.42895086321381143,0.5718445777893066
0.7936117936117936,0.4295212765957447,0.5721326470375061
0.7936117936117936,0.43009320905459386,0.5722086429595947
0.7936117936117936,0.43124165554072097,0.5726466178894043
0.7936117936117936,0.4318181818181818,0.5726984143257141
0.7911547911547911,0.43105756358768405,0.5727464556694031
0.7886977886977887,0.43029490616621985,0.5733495950698853
0.7886977886977887,0.43087248322147653,0.5735355615615845
0.7886977886977887,0.4314516129032258,0.5737072825431824
0.7886977886977887,0.43203230148048455,0.5740731954574585
0.7862407862407862,0.431266846361186,0.5744495391845703
0.7862407862407862,0.4318488529014845,0.5744921565055847
0.7862407862407862,0.43243243243243246,0.5745848417282104
0.7862407862407862,0.4330175913396482,0.5746280550956726
0.7862407862407862,0.43360433604336046,0.5747841596603394
0.7837837837837838,0.43283582089552236,0.5755612254142761
0.7837837837837838,0.43342391304347827,0.575883150100708
0.7837837837837838,0.4340136054421769,0.5760464072227478
0.7813267813267813,0.4332425068119891,0.576066255569458
0.7813267813267813,0.43383356070941337,0.5761088132858276
0.7813267813267813,0.4344262295081967,0.5761947631835938
0.7788697788697788,0.43365253077975374,0.5762126445770264
0.7764127764127764,0.4328767123287671,0.576310396194458
0.7764127764127764,0.4334705075445816,0.5765359997749329
0.7764127764127764,0.4340659340659341,0.5767767429351807
0.7764127764127764,0.4346629986244842,0.5768260955810547
0.7764127764127764,0.43526170798898073,0.5768498778343201
0.7764127764127764,0.43586206896551727,0.5770288109779358
0.7764127764127764,0.43646408839779005,0.5775783061981201
0.773955773955774,0.43568464730290457,0.5777208209037781
0.773955773955774,0.4362880886426593,0.5778457522392273
0.7714987714987716,0.435506241331484,0.5779580473899841
0.7714987714987716,0.4361111111111111,0.5783082246780396
0.7714987714987716,0.43671766342141866,0.5783644914627075
0.769041769041769,0.435933147632312,0.5786528587341309
0.769041769041769,0.43654114365411434,0.5793307423591614
0.769041769041769,0.4371508379888268,0.5794053077697754
0.769041769041769,0.43776223776223777,0.580254077911377
0.769041769041769,0.438375350140056,0.5807034969329834
0.7641277641277642,0.43679775280898875,0.5809423327445984
0.7641277641277642,0.43741209563994377,0.5809693932533264
0.7641277641277642,0.43802816901408453,0.5812999606132507
0.7641277641277642,0.4386459802538787,0.5813624858856201
0.7641277641277642,0.4392655367231638,0.5814926624298096
0.7616707616707616,0.43847241867043846,0.5815684795379639
0.7592137592137592,0.4376770538243626,0.5820298194885254
0.7592137592137592,0.43829787234042555,0.5822364687919617
0.7592137592137592,0.43892045454545453,0.5823805928230286
0.7592137592137592,0.4395448079658606,0.5833203792572021
0.7592137592137592,0.44017094017094016,0.5836589932441711
0.7592137592137592,0.44079885877318115,0.5838518142700195
0.7567567567567568,0.44,0.5839263200759888
0.7567567567567568,0.4406294706723891,0.5839495062828064
0.7567567567567568,0.44126074498567336,0.5841163992881775
0.7567567567567568,0.4418938307030129,0.5845890641212463
0.7567567567567568,0.4425287356321839,0.585027813911438
0.7567567567567568,0.44316546762589926,0.5852966904640198
0.7567567567567568,0.4438040345821326,0.5861079692840576
0.7567567567567568,0.4444444444444444,0.5861395597457886
0.7542997542997543,0.4436416184971098,0.5861459374427795
0.7542997542997543,0.4442836468885673,0.5862160325050354
0.7542997542997543,0.4449275362318841,0.5867910385131836
0.7518427518427518,0.444121915820029,0.5870463848114014
0.7518427518427518,0.44476744186046513,0.587099015712738
0.7518427518427518,0.44541484716157204,0.5886338353157043
0.7518427518427518,0.446064139941691,0.5892143249511719
0.7493857493857494,0.44525547445255476,0.5896379947662354
0.7493857493857494,0.44590643274853803,0.5897995233535767
0.7493857493857494,0.4465592972181552,0.5898222923278809
0.7469287469287469,0.44574780058651026,0.59010910987854
0.7469287469287469,0.44640234948604995,0.590151846408844
0.7469287469287469,0.4470588235294118,0.5906376242637634
0.7469287469287469,0.4477172312223859,0.5908490419387817
0.7469287469287469,0.44837758112094395,0.5909440517425537
0.7469287469287469,0.44903988183161003,0.5910874605178833
0.7469287469287469,0.44970414201183434,0.5914928913116455
0.7469287469287469,0.45037037037037037,0.5915077328681946
0.7469287469287469,0.45103857566765576,0.5916191339492798
0.7469287469287469,0.45170876671619614,0.5917115211486816
0.7469287469287469,0.45305514157973176,0.5918142795562744
0.7444717444717445,0.45223880597014926,0.5919795632362366
0.742014742014742,0.4514200298953662,0.5920186042785645
0.742014742014742,0.45209580838323354,0.5922541618347168
0.742014742014742,0.4527736131934033,0.5925523042678833
0.7395577395577395,0.4519519519519519,0.5927159786224365
0.7371007371007371,0.45112781954887216,0.5931692123413086
0.7371007371007371,0.45180722891566266,0.5937007665634155
0.7371007371007371,0.45248868778280543,0.5938602685928345
0.7371007371007371,0.45317220543806647,0.5943225026130676
0.7371007371007371,0.45385779122541603,0.5943378210067749
0.7371007371007371,0.45454545454545453,0.5948975682258606
0.7371007371007371,0.4552352048558422,0.5951483249664307
0.7346437346437347,0.45440729483282677,0.5952752828598022
0.7346437346437347,0.4550989345509893,0.5954904556274414
0.7346437346437347,0.4557926829268293,0.5955812931060791
0.7346437346437347,0.45648854961832064,0.5962145328521729
0.7321867321867321,0.45565749235474007,0.5965077877044678
0.7297297297297297,0.4548238897396631,0.5965242385864258
0.7297297297297297,0.455521472392638,0.5965843200683594
0.7297297297297297,0.45622119815668205,0.5969421863555908
0.7297297297297297,0.45692307692307693,0.5972644090652466
0.7297297297297297,0.4576271186440678,0.5980255007743835
0.7297297297297297,0.4583333333333333,0.5983655452728271
0.7272727272727273,0.4574961360123648,0.5984220504760742
0.7272727272727273,0.4582043343653251,0.5993520021438599
0.7272727272727273,0.45891472868217054,0.5993757247924805
0.7272727272727273,0.45962732919254656,0.5997610092163086
0.7272727272727273,0.4603421461897356,0.5997792482376099
0.7248157248157249,0.45950155763239875,0.5998790264129639
0.7223587223587223,0.45865834633385333,0.5998835563659668
0.7223587223587223,0.459375,0.6002420783042908
0.7223587223587223,0.460093896713615,0.6004102826118469
0.7223587223587223,0.4608150470219436,0.6006505489349365
0.7223587223587223,0.46153846153846156,0.6011894941329956
0.7223587223587223,0.46226415094339623,0.6011931300163269
0.7223587223587223,0.462992125984252,0.6012685894966125
0.7223587223587223,0.4637223974763407,0.6014845371246338
0.7223587223587223,0.46445497630331756,0.6014868021011353
0.7223587223587223,0.4651898734177215,0.6016442775726318
0.7199017199017199,0.4643423137876387,0.6016991138458252
0.7174447174447175,0.4634920634920635,0.6018652319908142
0.7174447174447175,0.4642289348171701,0.6019130945205688
0.7174447174447175,0.46496815286624205,0.6021016240119934
0.7174447174447175,0.46570972886762363,0.6022018194198608
0.7174447174447175,0.46645367412140576,0.6024646759033203
0.7174447174447175,0.4672,0.6026574373245239
0.7174447174447175,0.46794871794871795,0.6027615070343018
0.7174447174447175,0.46869983948635635,0.6032171249389648
0.714987714987715,0.4678456591639871,0.6037989258766174
0.714987714987715,0.46859903381642515,0.604366660118103
0.714987714987715,0.4693548387096774,0.6047972440719604
0.714987714987715,0.4701130856219709,0.6048489809036255
0.714987714987715,0.470873786407767,0.6050318479537964
0.7125307125307125,0.4700162074554295,0.6051492691040039
0.7125307125307125,0.4707792207792208,0.6051943302154541
0.7125307125307125,0.4715447154471545,0.6063748598098755
0.7125307125307125,0.4723127035830619,0.6071243286132812
0.7125307125307125,0.4730831973898858,0.6071491241455078
0.7125307125307125,0.4738562091503268,0.607289731502533
0.7100737100737101,0.47299509001636664,0.6079241037368774
0.7076167076167076,0.4721311475409836,0.6081267595291138
0.7051597051597052,0.47126436781609193,0.6084703207015991
0.7051597051597052,0.4720394736842105,0.6092971563339233
0.7027027027027027,0.471169686985173,0.609376847743988
0.7027027027027027,0.47194719471947194,0.6095740795135498
0.7027027027027027,0.4727272727272727,0.6095901727676392
0.7027027027027027,0.4735099337748344,0.6098465323448181
0.7027027027027027,0.47429519071310117,0.6105767488479614
0.7027027027027027,0.4750830564784053,0.6108116507530212
0.7027027027027027,0.47587354409317806,0.6111193895339966
0.7002457002457002,0.475,0.6114709377288818
0.7002457002457002,0.4757929883138564,0.6118097901344299
0.7002457002457002,0.4765886287625418,0.6118341684341431
0.6977886977886978,0.47571189279731996,0.6118976473808289
0.6953316953316954,0.4748322147651007,0.6119465827941895
0.6953316953316954,0.4756302521008403,0.6122326850891113
0.6953316953316954,0.4764309764309764,0.6124122738838196
0.6953316953316954,0.4772344013490725,0.6130350232124329
0.6953316953316954,0.4780405405405405,0.613067626953125
0.6953316953316954,0.47884940778341795,0.6138674020767212
0.6953316953316954,0.47966101694915253,0.6149765253067017
0.6953316953316954,0.48047538200339557,0.6152434349060059
0.6953316953316954,0.4812925170068027,0.6158465147018433
0.6953316953316954,0.48211243611584326,0.616108775138855
0.6928746928746928,0.4812286689419795,0.6162514686584473
0.6928746928746928,0.48205128205128206,0.6164063215255737
0.6904176904176904,0.4811643835616438,0.6165028810501099
0.6904176904176904,0.48198970840480276,0.6171143054962158
0.6904176904176904,0.48281786941580757,0.6172957420349121
0.6904176904176904,0.4836488812392427,0.6174070239067078
0.6904176904176904,0.4844827586206897,0.6174575090408325
0.6904176904176904,0.4853195164075993,0.6177667379379272
0.6904176904176904,0.486159169550173,0.6177957653999329
0.6904176904176904,0.48700173310225303,0.6181087493896484
0.6904176904176904,0.4878472222222222,0.6181628704071045
0.687960687960688,0.48695652173913045,0.6182786822319031
0.687960687960688,0.4878048780487805,0.618350625038147
0.687960687960688,0.4886561954624782,0.6185206174850464
0.687960687960688,0.48951048951048953,0.6186904907226562
0.687960687960688,0.4903677758318739,0.6187642812728882
0.6855036855036855,0.48947368421052634,0.6195959448814392
0.6855036855036855,0.4903339191564148,0.6196600198745728
0.6855036855036855,0.49119718309859156,0.6201707124710083
0.683046683046683,0.49029982363315694,0.6205593347549438
0.683046683046683,0.4911660777385159,0.6207931041717529
0.683046683046683,0.4920353982300885,0.6221828460693359
0.683046683046683,0.4929078014184397,0.6221867203712463
0.683046683046683,0.4937833037300178,0.6224088668823242
0.6805896805896806,0.4928825622775801,0.6225504875183105
0.6805896805896806,0.49376114081996436,0.6227974891662598
0.6781326781326781,0.4928571428571429,0.6231766939163208
0.6781326781326781,0.4937388193202147,0.6233922243118286
0.6756756756756757,0.492831541218638,0.6234593391418457
0.6732186732186732,0.4919210053859964,0.6236202716827393
0.6707616707616708,0.4910071942446043,0.6237136721611023
0.6707616707616708,0.4918918918918919,0.6237955093383789
0.6707616707616708,0.4927797833935018,0.6248443126678467
0.6707616707616708,0.4936708860759494,0.625834584236145
0.6707616707616708,0.4945652173913043,0.6259016990661621
0.6707616707616708,0.4954627949183303,0.6263227462768555
0.6707616707616708,0.49636363636363634,0.6266689300537109
0.6683046683046683,0.49544626593806923,0.6268744468688965
0.6658476658476659,0.49452554744525545,0.6272852420806885
0.6658476658476659,0.4954296160877514,0.6277636289596558
0.6633906633906634,0.4945054945054945,0.6278621554374695
0.6609336609336609,0.4935779816513762,0.6280601620674133
0.6609336609336609,0.4944852941176471,0.6288306713104248
0.6584766584766585,0.49355432780847147,0.6290651559829712
0.6584766584766585,0.4944649446494465,0.6291356086730957
0.6584766584766585,0.4953789279112754,0.6294965744018555
0.6584766584766585,0.4962962962962963,0.6295880079269409
0.6584766584766585,0.4972170686456401,0.6296621561050415
0.6560196560196561,0.4962825278810409,0.6301007270812988
0.6560196560196561,0.4972067039106145,0.6302890777587891
0.6535626535626535,0.4962686567164179,0.6303054094314575
0.6535626535626535,0.497196261682243,0.6305030584335327
0.6511056511056511,0.49625468164794007,0.6309212446212769
0.6511056511056511,0.4971857410881801,0.6309225559234619
0.6511056511056511,0.4981203007518797,0.6311225891113281
0.6511056511056511,0.4990583804143126,0.6317031383514404
0.6511056511056511,0.5,0.6319947838783264
0.6511056511056511,0.500945179584121,0.6325905323028564
0.6511056511056511,0.5018939393939394,0.6327039003372192
0.6511056511056511,0.5028462998102466,0.6327044367790222
0.6511056511056511,0.5038022813688213,0.6327549815177917
0.6511056511056511,0.5047619047619047,0.6331430673599243
0.6511056511056511,0.5057251908396947,0.6331459879875183
0.6511056511056511,0.5066921606118547,0.6333256959915161
0.6511056511056511,0.5076628352490421,0.6335731744766235
0.6511056511056511,0.508637236084453,0.6338367462158203
0.6486486486486487,0.5076923076923077,0.634124755859375
0.6486486486486487,0.5086705202312138,0.6343514919281006
0.6486486486486487,0.5096525096525096,0.6344125270843506
0.6486486486486487,0.5106382978723404,0.6344713568687439
0.6486486486486487,0.512621359223301,0.6348105669021606
0.6461916461916462,0.5116731517509727,0.6349268555641174
0.6461916461916462,0.5126705653021443,0.6349595785140991
0.6437346437346437,0.51171875,0.635116457939148
0.6437346437346437,0.512720156555773,0.6354638338088989
0.6437346437346437,0.5137254901960784,0.6356276869773865
0.6437346437346437,0.515748031496063,0.6357225179672241
0.6412776412776413,0.514792899408284,0.6359621286392212
0.6412776412776413,0.5158102766798419,0.6361119747161865
0.6412776412776413,0.5168316831683168,0.6362292766571045
0.6412776412776413,0.5178571428571429,0.6364736557006836
0.6388206388206388,0.5168986083499006,0.6366349458694458
0.6388206388206388,0.5179282868525896,0.6368886232376099
0.6388206388206388,0.5189620758483033,0.636988639831543
0.6388206388206388,0.52,0.6374455690383911
0.6388206388206388,0.5210420841683366,0.6383968591690063
0.6363636363636364,0.5200803212851406,0.638890266418457
0.6339066339066339,0.5191146881287726,0.6388947367668152
0.6339066339066339,0.5201612903225806,0.6389007568359375
0.6339066339066339,0.5212121212121212,0.6395137310028076
0.6339066339066339,0.5222672064777328,0.639529824256897
0.6314496314496314,0.5212981744421906,0.6400655508041382
0.628992628992629,0.5203252032520326,0.6400657892227173
0.6265356265356266,0.5193482688391039,0.6402546167373657
0.6265356265356266,0.5204081632653061,0.6404392719268799
0.6265356265356266,0.5214723926380368,0.6405332088470459
0.6265356265356266,0.5225409836065574,0.6405861377716064
0.6265356265356266,0.5236139630390144,0.6408252716064453
0.6265356265356266,0.5246913580246914,0.641974151134491
0.6265356265356266,0.5257731958762887,0.642116904258728
0.6265356265356266,0.5268595041322314,0.6422420740127563
0.6265356265356266,0.5279503105590062,0.6422895193099976
0.6240786240786241,0.5269709543568465,0.6424268484115601
0.6216216216216216,0.525987525987526,0.6424958109855652
0.6191646191646192,0.525,0.6426351070404053
0.6142506142506142,0.5230125523012552,0.6427220106124878
0.6117936117936118,0.5220125786163522,0.6431798934936523
0.6117936117936118,0.523109243697479,0.6436671614646912
0.6093366093366094,0.5221052631578947,0.6439480185508728
0.6093366093366094,0.5232067510548524,0.6445556879043579
0.6068796068796068,0.5221987315010571,0.6449781656265259
0.6068796068796068,0.5233050847457628,0.6451411247253418
0.6068796068796068,0.524416135881104,0.6461324691772461
0.6068796068796068,0.5255319148936171,0.6463741064071655
0.6044226044226044,0.5245202558635395,0.6463999152183533
0.6044226044226044,0.5256410256410257,0.6465282440185547
0.6044226044226044,0.5267665952890792,0.6465977430343628
0.6044226044226044,0.5278969957081545,0.6467905044555664
0.601965601965602,0.5268817204301075,0.6468105316162109
0.601965601965602,0.5280172413793104,0.6468752026557922
0.601965601965602,0.5291576673866091,0.6470878720283508
0.5995085995085995,0.5281385281385281,0.6475343704223633
0.5995085995085995,0.5292841648590022,0.6481114029884338
0.597051597051597,0.5282608695652173,0.648127555847168
0.597051597051597,0.5294117647058824,0.6483310461044312
0.597051597051597,0.5317286652078774,0.6483412981033325
0.5945945945945946,0.5307017543859649,0.6483737230300903
0.5921375921375921,0.5296703296703297,0.6484024524688721
0.5921375921375921,0.5308370044052864,0.6484144926071167
0.5896805896805897,0.5298013245033113,0.6484647393226624
0.5896805896805897,0.5309734513274337,0.6490698456764221
0.5896805896805897,0.5333333333333333,0.6493165493011475
0.5896805896805897,0.534521158129176,0.6496000289916992
0.5896805896805897,0.5357142857142857,0.6498931646347046
0.5896805896805897,0.5369127516778524,0.6504291892051697
0.5896805896805897,0.5381165919282511,0.6505438685417175
0.5872235872235873,0.5370786516853933,0.6506116390228271
0.5847665847665847,0.536036036036036,0.6510417461395264
0.5847665847665847,0.5372460496613995,0.6512466669082642
0.5847665847665847,0.5384615384615384,0.6513948440551758
0.5847665847665847,0.5396825396825397,0.6513974666595459
0.5823095823095823,0.5386363636363637,0.6517776250839233
0.5798525798525799,0.5375854214123007,0.6520099639892578
0.5749385749385749,0.5354691075514875,0.6520392894744873
0.5749385749385749,0.536697247706422,0.652873158454895
0.5749385749385749,0.5379310344827586,0.6529842019081116
0.5749385749385749,0.5404157043879908,0.6537301540374756
0.5749385749385749,0.5416666666666666,0.6538856625556946
0.5749385749385749,0.54292343387471,0.6543009281158447
0.5749385749385749,0.5441860465116279,0.6546555757522583
0.5749385749385749,0.5467289719626168,0.6547383069992065
0.5749385749385749,0.5480093676814989,0.6550070643424988
0.5749385749385749,0.5492957746478874,0.6550874710083008
0.5724815724815725,0.548235294117647,0.6550996899604797
0.5700245700245701,0.5471698113207547,0.6551826000213623
0.5700245700245701,0.5484633569739953,0.6552984714508057
0.5700245700245701,0.5497630331753555,0.655463695526123
0.5700245700245701,0.5510688836104513,0.6558264493942261
0.5675675675675675,0.55,0.6560970544815063
0.5651105651105651,0.548926014319809,0.6561191082000732
0.5651105651105651,0.5502392344497608,0.6562867164611816
0.5651105651105651,0.5515587529976019,0.6563599109649658
0.5651105651105651,0.5528846153846154,0.6564632058143616
0.5651105651105651,0.5542168674698795,0.656509280204773
0.5626535626535627,0.5531400966183575,0.6566543579101562
0.5601965601965602,0.5520581113801453,0.657798171043396
0.5601965601965602,0.5533980582524272,0.6579747200012207
0.5552825552825553,0.551219512195122,0.6586452722549438
0.5528255528255528,0.5501222493887531,0.6587285399436951
0.5503685503685504,0.5490196078431373,0.6591277122497559
0.547911547911548,0.547911547911548,0.6594268083572388
0.5454545454545454,0.5467980295566502,0.6599076986312866
0.5405405405405406,0.5445544554455446,0.6602251529693604
0.5405405405405406,0.5459057071960298,0.6606290340423584
0.5405405405405406,0.5472636815920398,0.6606915593147278
0.5405405405405406,0.5486284289276808,0.6609857082366943
0.5405405405405406,0.55,0.6610661745071411
0.538083538083538,0.5488721804511278,0.6619126796722412
0.538083538083538,0.550251256281407,0.6620653867721558
0.5356265356265356,0.5491183879093199,0.6626701354980469
0.5331695331695332,0.547979797979798,0.662797212600708
0.5307125307125307,0.5468354430379747,0.6631921529769897
0.5307125307125307,0.549618320610687,0.6633604764938354
0.5307125307125307,0.5510204081632653,0.6641000509262085
0.5307125307125307,0.5524296675191815,0.664383053779602
0.5282555282555282,0.5512820512820513,0.6656917333602905
0.5282555282555282,0.5526992287917738,0.6658916473388672
0.5257985257985258,0.5515463917525774,0.6662895679473877
0.5257985257985258,0.5529715762273901,0.6667320728302002
0.5257985257985258,0.5544041450777202,0.6667565107345581
0.5233415233415234,0.5532467532467532,0.6673943996429443
0.5233415233415234,0.5546875,0.667610764503479
0.5233415233415234,0.556135770234987,0.6681561470031738
0.5233415233415234,0.5575916230366492,0.6683157682418823
0.5233415233415234,0.5590551181102362,0.6687110066413879
0.5233415233415234,0.5605263157894737,0.668770432472229
0.5208845208845209,0.5608465608465608,0.6691979169845581
0.5208845208845209,0.5623342175066313,0.670297384262085
0.5208845208845209,0.5638297872340425,0.6705330610275269
0.5208845208845209,0.5653333333333334,0.6705439686775208
0.5208845208845209,0.5668449197860963,0.6710933446884155
0.5184275184275184,0.5656836461126006,0.6711109280586243
0.5184275184275184,0.5672043010752689,0.6720843315124512
0.5184275184275184,0.568733153638814,0.6721075773239136
0.5184275184275184,0.5702702702702702,0.6723235845565796
0.5184275184275184,0.5718157181571816,0.6728127598762512
0.5184275184275184,0.5733695652173914,0.6728270649909973
0.5184275184275184,0.5749318801089919,0.6728415489196777
0.5184275184275184,0.5765027322404371,0.6730549931526184
0.5184275184275184,0.5780821917808219,0.6732269525527954
0.5184275184275184,0.5796703296703297,0.6733276844024658
0.5184275184275184,0.581267217630854,0.6734858155250549
0.515970515970516,0.580110497237569,0.673486590385437
0.515970515970516,0.5817174515235457,0.6738094091415405
0.515970515970516,0.5833333333333334,0.6742916107177734
0.5135135135135135,0.5821727019498607,0.6744804978370667
0.5135135135135135,0.5837988826815642,0.6747395992279053
0.5135135135135135,0.5854341736694678,0.6756945848464966
0.5135135135135135,0.5870786516853933,0.6759134531021118
0.5135135135135135,0.5887323943661972,0.6766908168792725
0.5135135135135135,0.5903954802259888,0.6770371198654175
0.5135135135135135,0.5920679886685553,0.6773543357849121
0.5135135135135135,0.59375,0.6781294345855713
0.5135135135135135,0.5954415954415955,0.6785341501235962
0.5135135135135135,0.5971428571428572,0.6785492897033691
0.5135135135135135,0.5988538681948424,0.678717315196991
0.5135135135135135,0.6005747126436781,0.6789289712905884
0.5135135135135135,0.6023054755043228,0.6789529323577881
0.5110565110565111,0.6011560693641619,0.6793022155761719
0.5085995085995086,0.6,0.6797119379043579
0.5085995085995086,0.6017441860465116,0.6798174381256104
0.5085995085995086,0.6034985422740525,0.6799609065055847
0.5061425061425061,0.6023391812865497,0.6808470487594604
0.5036855036855037,0.6011730205278593,0.6808491945266724
0.5036855036855037,0.6029411764705882,0.6812498569488525
0.5036855036855037,0.6047197640117994,0.6820009350776672
0.5012285012285013,0.6035502958579881,0.6823083162307739
0.5012285012285013,0.6053412462908012,0.6825666427612305
0.5012285012285013,0.6071428571428571,0.6828293800354004
0.4987714987714988,0.6059701492537314,0.6829965114593506
0.4963144963144963,0.6047904191616766,0.6833041906356812
0.49385749385749383,0.6036036036036037,0.6833829879760742
0.49385749385749383,0.6054216867469879,0.6835178136825562
0.49385749385749383,0.6072507552870091,0.6835854053497314
0.49385749385749383,0.6090909090909091,0.6841028928756714
0.4914004914004914,0.60790273556231,0.6842739582061768
0.48894348894348894,0.6067073170731707,0.6846190690994263
0.48894348894348894,0.6085626911314985,0.6846651434898376
0.4864864864864865,0.6073619631901841,0.6847373247146606
0.4864864864864865,0.6092307692307692,0.6849995851516724
0.4864864864864865,0.6111111111111112,0.6850618124008179
0.4864864864864865,0.6130030959752322,0.6851726174354553
0.48402948402948404,0.6118012422360248,0.6857424378395081
0.48402948402948404,0.6137071651090342,0.686067521572113
0.48402948402948404,0.615625,0.6860872507095337
0.48402948402948404,0.6175548589341693,0.6861292719841003
0.48157248157248156,0.6163522012578616,0.6862589120864868
0.48157248157248156,0.6182965299684543,0.6863858699798584
0.48157248157248156,0.620253164556962,0.6866428852081299
0.48157248157248156,0.6222222222222222,0.6870130300521851
0.47911547911547914,0.6210191082802548,0.6872907876968384
0.47665847665847666,0.6198083067092651,0.6874064803123474
0.47665847665847666,0.6217948717948718,0.6874642372131348
0.47665847665847666,0.6237942122186495,0.6884785890579224
0.47665847665847666,0.6258064516129033,0.6887447834014893
0.4742014742014742,0.6245954692556634,0.6890552639961243
0.4742014742014742,0.6266233766233766,0.6891043186187744
0.47174447174447176,0.6254071661237784,0.6893901824951172
0.47174447174447176,0.6274509803921569,0.6895008087158203
0.47174447174447176,0.6295081967213115,0.6895880103111267
0.4692874692874693,0.6282894736842105,0.6899253129959106
0.4668304668304668,0.6270627062706271,0.6903350949287415
0.4643734643734644,0.6258278145695364,0.6907005906105042
0.4643734643734644,0.627906976744186,0.690775990486145
0.4643734643734644,0.63,0.6912246942520142
0.4619164619164619,0.6287625418060201,0.6914678812026978
0.4619164619164619,0.6308724832214765,0.6916786432266235
0.4594594594594595,0.6296296296296297,0.6920222043991089
0.4594594594594595,0.6317567567567568,0.6920933723449707
0.4594594594594595,0.6338983050847458,0.6927982568740845
0.457002457002457,0.6326530612244898,0.6928704977035522
0.457002457002457,0.6348122866894198,0.6929605007171631
0.457002457002457,0.636986301369863,0.6932530999183655
0.457002457002457,0.6391752577319587,0.6937540769577026
0.45454545454545453,0.6379310344827587,0.6938141584396362
0.45454545454545453,0.6401384083044983,0.6939125657081604
0.4520884520884521,0.6388888888888888,0.6941459774971008
0.44717444717444715,0.6363636363636364,0.6941676139831543
0.44471744471744473,0.6350877192982456,0.6944048404693604
0.44471744471744473,0.6373239436619719,0.6946172118186951
0.44471744471744473,0.6395759717314488,0.694739580154419
0.44471744471744473,0.6418439716312057,0.6952719688415527
0.44471744471744473,0.6441281138790036,0.695405125617981
0.44471744471744473,0.6464285714285715,0.6960916519165039
0.44226044226044225,0.6451612903225806,0.6968348026275635
0.4398034398034398,0.6438848920863309,0.6971086263656616
0.4398034398034398,0.6462093862815884,0.6971244215965271
0.43734643734643736,0.644927536231884,0.697455883026123
0.4348894348894349,0.6436363636363637,0.6979123950004578
0.4348894348894349,0.6459854014598541,0.6980931758880615
0.4348894348894349,0.6483516483516484,0.6981968879699707
0.43243243243243246,0.6470588235294118,0.6992219686508179
0.42997542997543,0.6457564575645757,0.6996762752532959
0.4275184275184275,0.6444444444444445,0.6998472213745117
0.4275184275184275,0.6468401486988847,0.7000234127044678
0.4275184275184275,0.6492537313432836,0.7000935077667236
0.4250614250614251,0.6479400749063671,0.7001625299453735
0.4226044226044226,0.6466165413533834,0.7001920938491821
0.4226044226044226,0.6490566037735849,0.7004271745681763
0.4201474201474201,0.6477272727272727,0.7007659077644348
0.4201474201474201,0.6501901140684411,0.7008627653121948
0.4176904176904177,0.648854961832061,0.7011669874191284
0.4152334152334152,0.6475095785440613,0.7012801170349121
0.41277641277641275,0.6461538461538462,0.7012944221496582
0.4103194103194103,0.6447876447876448,0.7025924921035767
0.4103194103194103,0.6472868217054264,0.7029204368591309
0.40786240786240785,0.6459143968871596,0.7031172513961792
0.40540540540540543,0.64453125,0.703192412853241
0.40294840294840295,0.6431372549019608,0.7036721110343933
0.40294840294840295,0.6456692913385826,0.7043253183364868
0.4004914004914005,0.6442687747035574,0.7062437534332275
0.39803439803439805,0.6428571428571429,0.7067232131958008
0.39803439803439805,0.6454183266932271,0.706936240196228
0.3955773955773956,0.644,0.707755982875824
0.3955773955773956,0.6465863453815262,0.7079552412033081
0.3931203931203931,0.6451612903225806,0.7081348896026611
0.3906633906633907,0.6437246963562753,0.7084499597549438
0.3906633906633907,0.6463414634146342,0.7085016965866089
0.3882063882063882,0.6448979591836734,0.7095084190368652
0.3882063882063882,0.6475409836065574,0.7095816135406494
0.3857493857493858,0.6460905349794238,0.7100257873535156
0.3832923832923833,0.6446280991735537,0.7100846767425537
0.3808353808353808,0.6431535269709544,0.7103075385093689
0.3783783783783784,0.6416666666666667,0.7113924026489258
0.3783783783783784,0.6443514644351465,0.7115052938461304
0.3759213759213759,0.6428571428571429,0.7118800282478333
0.37346437346437344,0.6413502109704642,0.7124016284942627
0.37346437346437344,0.6440677966101694,0.7138783931732178
0.371007371007371,0.6425531914893617,0.7139425873756409
0.36855036855036855,0.6410256410256411,0.7141156196594238
0.36855036855036855,0.6437768240343348,0.7142523527145386
0.36609336609336607,0.6422413793103449,0.7142932415008545
0.36363636363636365,0.6406926406926406,0.7145739793777466
0.36117936117936117,0.6391304347826087,0.7146396040916443
0.35872235872235875,0.6375545851528385,0.7150678634643555
0.35626535626535627,0.6359649122807017,0.7155130505561829
0.3538083538083538,0.6343612334801763,0.7165387868881226
0.3538083538083538,0.6371681415929203,0.7166033387184143
0.35135135135135137,0.6355555555555555,0.7173997163772583
0.35135135135135137,0.6383928571428571,0.7175519466400146
0.35135135135135137,0.6412556053811659,0.7177046537399292
0.343980343980344,0.6363636363636364,0.7180148363113403
0.3415233415233415,0.634703196347032,0.7180303335189819
0.3415233415233415,0.6376146788990825,0.7180539965629578
0.3415233415233415,0.6405529953917051,0.7183065414428711
0.33906633906633904,0.6388888888888888,0.7194300889968872
0.3366093366093366,0.6372093023255814,0.7196890115737915
0.33415233415233414,0.6355140186915887,0.7197279334068298
0.3316953316953317,0.6338028169014085,0.7197400331497192
0.3316953316953317,0.6367924528301887,0.7200301885604858
0.32678132678132676,0.6333333333333333,0.7200753688812256
0.32432432432432434,0.631578947368421,0.7201207876205444
0.32432432432432434,0.6346153846153846,0.7201811075210571
0.32432432432432434,0.6376811594202898,0.7205488085746765
0.32432432432432434,0.6407766990291263,0.7206206321716309
0.32186732186732187,0.6390243902439025,0.7209365963935852
0.32186732186732187,0.6421568627450981,0.7212810516357422
0.3194103194103194,0.6403940886699507,0.7213691473007202
0.31695331695331697,0.6386138613861386,0.7214941382408142
0.31695331695331697,0.6417910447761194,0.7216774225234985
0.31695331695331697,0.645,0.7217038869857788
0.3144963144963145,0.6432160804020101,0.722308874130249
0.3144963144963145,0.6464646464646465,0.7223317623138428
0.31203931203931207,0.6446700507614214,0.7223493456840515
0.3095823095823096,0.6428571428571429,0.7225191593170166
0.3071253071253071,0.6410256410256411,0.7225499153137207
0.3071253071253071,0.6443298969072165,0.7228009700775146
0.3071253071253071,0.6476683937823834,0.7229215502738953
0.3071253071253071,0.6510416666666666,0.7229760885238647
0.3071253071253071,0.6544502617801047,0.7230358719825745
0.3046683046683047,0.6526315789473685,0.7235165238380432
0.3022113022113022,0.6507936507936508,0.7235327363014221
0.29975429975429974,0.648936170212766,0.7236400842666626
0.2972972972972973,0.6470588235294118,0.7236511707305908
0.29484029484029484,0.6451612903225806,0.7241632342338562
0.29238329238329236,0.6432432432432432,0.724185585975647
0.28992628992628994,0.6413043478260869,0.7245527505874634
0.28746928746928746,0.639344262295082,0.7249201536178589
0.28501228501228504,0.6373626373626373,0.7249496579170227
0.28501228501228504,0.6408839779005525,0.7251404523849487
0.28255528255528256,0.6388888888888888,0.7257890701293945
0.28255528255528256,0.6424581005586593,0.726250410079956
0.2800982800982801,0.6404494382022472,0.7269761562347412
0.2800982800982801,0.6440677966101694,0.7274513840675354
0.27764127764127766,0.6420454545454546,0.7274599075317383
0.2751842751842752,0.64,0.7274832725524902
0.2727272727272727,0.6379310344827587,0.727779746055603
0.2702702702702703,0.6358381502890174,0.7279908061027527
0.2678132678132678,0.6337209302325582,0.7286583185195923
0.26535626535626533,0.631578947368421,0.7291126847267151
0.2628992628992629,0.6294117647058823,0.7292126417160034
0.26044226044226043,0.6272189349112426,0.7294880151748657
0.26044226044226043,0.6309523809523809,0.7296960353851318
0.257985257985258,0.6287425149700598,0.7299559116363525
0.257985257985258,0.6325301204819277,0.7304041981697083
0.25552825552825553,0.6303030303030303,0.7304513454437256
0.25307125307125306,0.6280487804878049,0.730548620223999
0.25307125307125306,0.6319018404907976,0.7305859327316284
0.25061425061425063,0.6296296296296297,0.7307398915290833
0.25061425061425063,0.6335403726708074,0.7318515777587891
0.24815724815724816,0.63125,0.7321866750717163
0.2457002457002457,0.6289308176100629,0.7322920560836792
0.24324324324324326,0.6265822784810127,0.7324061989784241
0.24078624078624078,0.6242038216560509,0.7325024604797363
0.23832923832923833,0.6217948717948718,0.732785165309906
0.23832923832923833,0.6258064516129033,0.7329224348068237
0.23587223587223588,0.6233766233766234,0.7333011627197266
0.2334152334152334,0.6209150326797386,0.7339261770248413
0.23095823095823095,0.618421052631579,0.7341811656951904
0.2285012285012285,0.6158940397350994,0.7341833710670471
0.22604422604422605,0.6133333333333333,0.7350040674209595
0.22604422604422605,0.6174496644295302,0.7353060245513916
0.22358722358722358,0.6148648648648649,0.7360192537307739
0.22358722358722358,0.6190476190476191,0.7364549040794373
0.22113022113022113,0.6164383561643836,0.7365168929100037
0.22113022113022113,0.6206896551724138,0.7367740869522095
0.22113022113022113,0.625,0.7369063496589661
0.21867321867321868,0.6223776223776224,0.7371442317962646
0.21621621621621623,0.6197183098591549,0.7372764348983765
0.21621621621621623,0.624113475177305,0.7373737096786499
0.21375921375921375,0.6214285714285714,0.737872838973999
0.2113022113022113,0.6187050359712231,0.738249659538269
0.20884520884520885,0.6159420289855072,0.7383215427398682
0.20638820638820637,0.6131386861313869,0.7384984493255615
0.20393120393120392,0.6102941176470589,0.7387303709983826
0.20393120393120392,0.6148148148148148,0.7388451099395752
0.20147420147420148,0.6119402985074627,0.738896369934082
0.19901719901719903,0.6090225563909775,0.7390716075897217
0.19656019656019655,0.6060606060606061,0.7392412424087524
0.1941031941031941,0.6030534351145038,0.7393769025802612
0.19164619164619165,0.6,0.7396528720855713
0.1891891891891892,0.5968992248062015,0.7397701740264893
0.18673218673218672,0.59375,0.7398920655250549
0.18673218673218672,0.5984251968503937,0.7403873801231384
0.18673218673218672,0.6031746031746031,0.7405667304992676
0.18427518427518427,0.6,0.7413197755813599
0.18181818181818182,0.5967741935483871,0.7413718104362488
0.18181818181818182,0.6016260162601627,0.7415082454681396
0.18181818181818182,0.6065573770491803,0.7415144443511963
0.17936117936117937,0.6033057851239669,0.7415639162063599
0.1769041769041769,0.6,0.7416254281997681
0.17444717444717445,0.5966386554621849,0.7423299551010132
0.171990171990172,0.5932203389830508,0.7425682544708252
0.16953316953316952,0.5897435897435898,0.7430459260940552
0.16707616707616707,0.5862068965517241,0.7431020140647888
0.16461916461916462,0.5826086956521739,0.7435663342475891
0.16216216216216217,0.5789473684210527,0.7448495626449585
0.1597051597051597,0.5752212389380531,0.7448900938034058
0.15724815724815724,0.5714285714285714,0.744999349117279
0.1547911547911548,0.5675675675675675,0.7454174160957336
0.15233415233415235,0.5636363636363636,0.7458739280700684
0.14987714987714987,0.5596330275229358,0.7461651563644409
0.14987714987714987,0.5648148148148148,0.7464668154716492
0.14742014742014742,0.5607476635514018,0.7465173602104187
0.14250614250614252,0.5523809523809524,0.7466062307357788
0.14250614250614252,0.5576923076923077,0.74725341796875
0.14004914004914004,0.5533980582524272,0.7476053237915039
0.1375921375921376,0.5490196078431373,0.7476091384887695
0.1375921375921376,0.5544554455445545,0.7479565739631653
0.13513513513513514,0.55,0.7484152317047119
0.13267813267813267,0.5454545454545454,0.7485518455505371
0.13022113022113022,0.5408163265306123,0.7490611672401428
0.12776412776412777,0.5360824742268041,0.7491688132286072
0.12530712530712532,0.53125,0.7502309083938599
0.12530712530712532,0.5425531914893617,0.7502366304397583
0.12530712530712532,0.5483870967741935,0.7503894567489624
0.12285012285012285,0.5434782608695652,0.7504861354827881
0.12285012285012285,0.5494505494505495,0.7504942417144775
0.12285012285012285,0.5555555555555556,0.7510319948196411
0.12039312039312039,0.550561797752809,0.7514156699180603
0.11793611793611794,0.5454545454545454,0.7516342401504517
0.11547911547911548,0.5402298850574713,0.7533211708068848
0.11302211302211303,0.5348837209302325,0.7534635663032532
0.11056511056511056,0.5294117647058824,0.754488468170166
0.10810810810810811,0.5238095238095238,0.7555330991744995
0.10565110565110565,0.5180722891566265,0.755622386932373
0.10319410319410319,0.5121951219512195,0.7559255957603455
0.10073710073710074,0.5061728395061729,0.7560368180274963
0.09828009828009827,0.5,0.75616055727005
0.09582309582309582,0.4936708860759494,0.7570825815200806
0.09582309582309582,0.5,0.758230447769165
0.09336609336609336,0.4935064935064935,0.7582663893699646
0.09336609336609336,0.5,0.7583214044570923
0.09336609336609336,0.5066666666666667,0.7585391998291016
0.09336609336609336,0.5135135135135135,0.7589040398597717
0.09336609336609336,0.5205479452054794,0.7589263916015625
0.09336609336609336,0.5277777777777778,0.7591700553894043
0.09090909090909091,0.5211267605633803,0.7593448758125305
0.08845208845208845,0.5142857142857142,0.7606545686721802
0.085995085995086,0.5072463768115942,0.7607343196868896
0.085995085995086,0.5147058823529411,0.7629054188728333
0.08353808353808354,0.5074626865671642,0.7631567716598511
0.08108108108108109,0.5,0.7634506225585938
0.08108108108108109,0.5076923076923077,0.7639913558959961
0.07862407862407862,0.5,0.7653915882110596
0.07616707616707617,0.49206349206349204,0.7669155597686768
0.07616707616707617,0.5,0.7678176164627075
0.07371007371007371,0.4918032786885246,0.768416166305542
0.07371007371007371,0.5084745762711864,0.7688611149787903
0.07125307125307126,0.5,0.7690633535385132
0.0687960687960688,0.49122807017543857,0.7699294090270996
0.06633906633906633,0.48214285714285715,0.7707309722900391
0.06388206388206388,0.4727272727272727,0.7729476094245911
0.06388206388206388,0.48148148148148145,0.7732909321784973
0.06142506142506143,0.4716981132075472,0.7735055685043335
0.05896805896805897,0.46153846153846156,0.7736617922782898
0.056511056511056514,0.45098039215686275,0.7738217115402222
0.05405405405405406,0.44,0.774192214012146
0.051597051597051594,0.42857142857142855,0.7742949724197388
0.04914004914004914,0.4166666666666667,0.7752869129180908
0.04914004914004914,0.425531914893617,0.7761684656143188
0.04668304668304668,0.41304347826086957,0.7763290405273438
0.044226044226044224,0.4,0.7781907916069031
0.044226044226044224,0.4090909090909091,0.7793773412704468
0.04176904176904177,0.3953488372093023,0.7796441912651062
0.04176904176904177,0.40476190476190477,0.7799091339111328
0.04176904176904177,0.4146341463414634,0.7814027070999146
0.03931203931203931,0.4,0.7821422815322876
0.03931203931203931,0.41025641025641024,0.7822691202163696
0.036855036855036855,0.39473684210526316,0.7830338478088379
0.0343980343980344,0.3783783783783784,0.783078670501709
0.03194103194103194,0.3611111111111111,0.7835328578948975
0.03194103194103194,0.37142857142857144,0.7840708494186401
0.03194103194103194,0.38235294117647056,0.7877383232116699
0.03194103194103194,0.3939393939393939,0.788605809211731
0.029484029484029485,0.375,0.7896223664283752
0.029484029484029485,0.3870967741935484,0.7899123430252075
0.029484029484029485,0.4,0.790256142616272
0.02702702702702703,0.3793103448275862,0.7922978401184082
0.02702702702702703,0.39285714285714285,0.793562650680542
0.02702702702702703,0.4074074074074074,0.7938588857650757
0.02702702702702703,0.4230769230769231,0.7947467565536499
0.02457002457002457,0.4,0.7963497042655945
0.022113022113022112,0.375,0.7977323532104492
0.019656019656019656,0.34782608695652173,0.7978768348693848
0.019656019656019656,0.36363636363636365,0.7987401485443115
0.0171990171990172,0.3333333333333333,0.7992641925811768
0.014742014742014743,0.3,0.8010196685791016
0.014742014742014743,0.3157894736842105,0.801687479019165
0.012285012285012284,0.2777777777777778,0.801869809627533
0.012285012285012284,0.29411764705882354,0.8028755784034729
0.012285012285012284,0.3125,0.8056613206863403
0.009828009828009828,0.26666666666666666,0.8058099746704102
0.007371007371007371,0.21428571428571427,0.8067915439605713
0.007371007371007371,0.23076923076923078,0.8125857710838318
0.007371007371007371,0.25,0.8178578615188599
0.007371007371007371,0.2727272727272727,0.818079948425293
0.004914004914004914,0.2,0.8185411691665649
0.004914004914004914,0.2222222222222222,0.8236418962478638
0.004914004914004914,0.25,0.8256654739379883
0.004914004914004914,0.2857142857142857,0.8277024030685425
0.004914004914004914,0.3333333333333333,0.834984302520752
0.002457002457002457,0.2,0.8443751335144043
0.002457002457002457,0.3333333333333333,0.8486305475234985
0.0,0.0,0.8505911827087402
0.0,0.0,0.857040524482727
0.0,1.0,1.0
