CID,y_true,p_ens,n_instances,tier
119,0,0.22469784,1,GREEN
177,0,0.18250065,1,GREEN
275,0,0.2937043,1,GREEN
471,0,0.63170314,1,YELLOW
547,0,0.3282898,1,GREEN
614,0,0.47051156,1,YELLOW
830,0,0.29293436,1,GREEN
876,0,0.28845203,1,GREEN
903,0,0.4646991,1,YELLOW
991,1,0.35346836,1,GREEN
994,0,0.44682103,1,YELLOW
1053,0,0.42786402,1,GREEN
1216,0,0.28311667,1,GREEN
1222,0,0.37932292,1,GREEN
1228,0,0.5323339,1,YELLOW
1232,0,0.32859796,1,GREEN
1233,0,0.50801563,1,YELLOW
1245,0,0.23299581,1,GREEN
1256,0,0.32852805,1,GREEN
1257,0,0.50949234,1,YELLOW
1309,1,0.6445557,1,YELLOW
1317,0,0.29338226,1,GREEN
1329,0,0.50558305,1,YELLOW
1330,0,0.485233,1,YELLOW
1340,0,0.5142447,1,YELLOW
1365,0,0.4414457,1,YELLOW
1367,0,0.34434676,1,GREEN
1392,0,0.67284155,1,YELLOW
1456,0,0.4779571,1,YELLOW
1564,0,0.54189473,1,YELLOW
1607,0,0.23482072,1,GREEN
1641,0,0.49673933,1,YELLOW
1645,0,0.33064497,1,GREEN
1649,0,0.60119313,1,YELLOW
1676,0,0.36120337,1,GREEN
1683,1,0.46013534,1,YELLOW
1687,1,0.59621453,1,YELLOW
1694,0,0.3236578,1,GREEN
1697,1,0.6463741,1,YELLOW
1720,1,0.47673732,1,YELLOW
1738,0,0.23105228,1,GREEN
1742,0,0.38452923,1,GREEN
1756,1,0.5211633,1,YELLOW
1774,0,0.27218193,1,GREEN
1779,0,0.6004103,1,YELLOW
1794,1,0.48364556,1,YELLOW
1820,0,0.5897995,1,YELLOW
1826,0,0.46987474,1,YELLOW
1845,0,0.56990653,1,YELLOW
1853,0,0.5008466,1,YELLOW
1858,0,0.547106,1,YELLOW
1864,0,0.50446177,1,YELLOW
1868,0,0.29317915,1,GREEN
1871,0,0.42303312,1,GREEN
1893,0,0.5763104,1,YELLOW
1908,0,0.3622076,1,GREEN
1917,0,0.37669396,1,GREEN
1922,0,0.38845354,1,GREEN
1979,0,0.2817549,1,GREEN
1984,0,0.41687235,1,GREEN
2040,0,0.42478597,1,GREEN
2046,0,0.52915287,1,YELLOW
2061,0,0.48014486,1,YELLOW
2063,0,0.2859626,1,GREEN
2071,0,0.554569,1,YELLOW
2122,0,0.4083295,1,GREEN
2132,0,0.46739852,1,YELLOW
2154,0,0.6463999,1,YELLOW
2207,0,0.27206278,1,GREEN
2247,1,0.5918143,1,YELLOW
2252,0,0.34284315,1,GREEN
2259,0,0.66022515,1,YELLOW
2292,0,0.60436666,1,YELLOW
2303,0,0.5770288,1,YELLOW
2310,0,0.2997403,1,GREEN
2348,0,0.6225505,1,YELLOW
2351,1,0.69279826,1,YELLOW
2365,0,0.22332218,1,GREEN
2436,0,0.718054,1,YELLOW
2448,1,0.73250246,1,YELLOW
2460,0,0.5197907,1,YELLOW
2544,0,0.28359133,1,GREEN
2545,0,0.29691166,1,GREEN
2569,0,0.5809694,1,YELLOW
2690,0,0.53863597,1,YELLOW
2724,0,0.5280206,1,YELLOW
2726,1,0.6899253,1,YELLOW
2769,1,0.57026446,1,YELLOW
2795,1,0.6201707,1,YELLOW
2804,0,0.60984653,1,YELLOW
2821,0,0.60265744,1,YELLOW
2882,0,0.64931655,1,YELLOW
2890,0,0.5308957,1,YELLOW
2893,0,0.5594684,1,YELLOW
2935,0,0.3303754,1,GREEN
2972,0,0.37520382,1,GREEN
2990,0,0.23779246,1,GREEN
3048,1,0.7000935,1,YELLOW
3080,0,0.37584037,1,GREEN
3114,1,0.6833042,1,YELLOW
3115,0,0.57865286,1,YELLOW
3122,0,0.31254345,1,GREEN
3125,0,0.36454177,1,GREEN
3132,0,0.44506735,1,YELLOW
3136,0,0.27568805,1,GREEN
3151,1,0.7416254,1,YELLOW
3168,1,0.7388451,1,YELLOW
3191,1,0.7341834,1,YELLOW
3213,1,0.39609408,1,GREEN
3261,0,0.6893902,1,YELLOW
3275,1,0.65061164,1,YELLOW
3292,0,0.3488533,1,GREEN
3338,0,0.5850278,1,YELLOW
3345,1,0.6793022,1,YELLOW
3393,1,0.70311725,1,YELLOW
3396,1,0.7688611,1,RED
3408,0,0.5277311,1,YELLOW
3413,0,0.36851674,1,GREEN
3442,0,0.35380712,1,GREEN
3452,0,0.23474863,1,GREEN
3455,1,0.74356633,1,YELLOW
3607,1,0.52538157,1,YELLOW
3627,1,0.6610662,1,YELLOW
3707,0,0.56378055,1,YELLOW
3718,0,0.5442584,1,YELLOW
3742,0,0.68461907,1,YELLOW
3758,0,0.49034408,1,YELLOW
3759,0,0.42690963,1,GREEN
3773,0,0.42033783,1,GREEN
3802,0,0.6291356,1,YELLOW
3820,0,0.5598798,1,YELLOW
3822,1,0.719689,1,YELLOW
3845,0,0.5258743,1,YELLOW
3857,0,0.27009127,1,GREEN
3873,0,0.707756,1,YELLOW
3883,0,0.64840245,1,YELLOW
3926,1,0.75346357,1,RED
3949,1,0.65054387,1,YELLOW
4051,0,0.5127324,1,YELLOW
4099,0,0.26577926,1,GREEN
4100,0,0.28161144,1,GREEN
4106,1,0.6111194,1,YELLOW
4115,1,0.32354516,1,GREEN
4116,0,0.20785972,1,GREEN
4138,0,0.3545188,1,GREEN
4189,1,0.72234935,1,YELLOW
4211,1,0.6971244,1,YELLOW
4236,0,0.5450808,1,YELLOW
4237,0,0.3478511,1,GREEN
4271,0,0.64989316,1,YELLOW
4353,0,0.20281145,1,GREEN
4362,0,0.23817727,1,GREEN
4375,0,0.31186548,1,GREEN
4386,0,0.5839495,1,YELLOW
4389,0,0.4120494,1,GREEN
4397,0,0.478255,1,YELLOW
4418,1,0.49454397,1,YELLOW
4494,0,0.6186905,1,YELLOW
4498,0,0.4632785,1,YELLOW
4534,0,0.50499254,1,YELLOW
4549,0,0.42960054,1,GREEN
4552,0,0.6998472,1,YELLOW
4578,0,0.5473938,1,YELLOW
4592,0,0.5028653,1,YELLOW
4594,0,0.68608725,1,YELLOW
4602,0,0.57015806,1,YELLOW
4612,0,0.5777208,1,YELLOW
4615,1,0.74484956,1,YELLOW
4616,0,0.66569173,1,YELLOW
4626,0,0.40864554,1,GREEN
4712,1,0.70086277,1,YELLOW
4713,0,0.32633382,1,GREEN
4747,1,0.7286583,1,YELLOW
4748,1,0.74151444,1,YELLOW
4775,0,0.31411338,1,GREEN
4780,0,0.40947074,1,GREEN
4814,0,0.36821318,1,GREEN
4815,0,0.43109232,1,GREEN
4890,0,0.6895008,1,YELLOW
4971,0,0.690776,1,YELLOW
4990,0,0.26018003,1,GREEN
5064,0,0.42510653,1,GREEN
5074,1,0.7479566,1,RED
5090,0,0.37482274,1,GREEN
5123,0,0.47730726,1,YELLOW
5169,0,0.65104175,1,YELLOW
5198,0,0.4419656,1,YELLOW
5215,0,0.38995197,1,GREEN
5242,0,0.35536772,1,GREEN
5265,1,0.7262504,1,YELLOW
5270,0,0.59150773,1,YELLOW
5278,0,0.57444954,1,YELLOW
5353,0,0.32692754,1,GREEN
5354,1,0.69391257,1,YELLOW
5355,1,0.5274986,1,YELLOW
5381,1,0.5674404,1,YELLOW
5405,1,0.74906117,1,RED
5420,0,0.2578086,1,GREEN
5452,1,0.7100847,1,YELLOW
5472,1,0.6912247,1,YELLOW
5484,1,0.6227975,1,YELLOW
5502,0,0.5432139,1,YELLOW
5520,0,0.25698566,1,GREEN
5590,0,0.553826,1,YELLOW
5595,1,0.50303143,1,YELLOW
5640,0,0.67853415,1,YELLOW
5665,0,0.258325,1,GREEN
5673,1,0.6599077,1,YELLOW
5697,0,0.6207931,1,YELLOW
5712,0,0.6258346,1,YELLOW
5775,1,0.60812676,1,YELLOW
5789,0,0.34160826,1,GREEN
5794,0,0.5051906,1,YELLOW
5813,0,0.63447136,1,YELLOW
5818,0,0.5001609,1,YELLOW
5849,0,0.6529842,1,YELLOW
5852,0,0.24291131,1,GREEN
5857,0,0.43038052,1,GREEN
5860,0,0.61625147,1,YELLOW
5877,0,0.55585027,1,YELLOW
5892,0,0.6849996,1,YELLOW
5909,0,0.55171746,1,YELLOW
5911,0,0.54167086,1,YELLOW
5917,0,0.332857,1,GREEN
5926,0,0.4673512,1,YELLOW
5927,1,0.68200094,1,YELLOW
5936,0,0.25835556,1,GREEN
5938,0,0.599761,1,YELLOW
5940,0,0.24976704,1,GREEN
5941,0,0.28089607,1,GREEN
5957,0,0.5761088,1,YELLOW
5960,0,0.27857974,1,GREEN
5961,0,0.245186,1,GREEN
5974,0,0.6884786,1,YELLOW
5997,0,0.60514927,1,YELLOW
6040,0,0.5390266,1,YELLOW
6075,1,0.6620654,1,YELLOW
6081,0,0.6356277,1,YELLOW
6093,0,0.42420405,1,GREEN
6099,0,0.43791705,1,GREEN
6100,0,0.5965843,1,YELLOW
6112,0,0.280887,1,GREEN
6169,1,0.5060703,1,YELLOW
6194,0,0.4821734,1,YELLOW
6198,0,0.39655316,1,GREEN
6202,0,0.5220829,1,YELLOW
6231,0,0.40808886,1,GREEN
6239,1,0.7678176,1,RED
6240,1,0.73418117,1,YELLOW
6292,0,0.35418093,1,GREEN
6296,0,0.6014868,1,YELLOW
6314,0,0.6095741,1,YELLOW
6433,0,0.24873683,1,GREEN
6494,0,0.21227926,1,GREEN
6529,1,0.56283146,1,YELLOW
6536,1,0.72062063,1,YELLOW
6581,0,0.18051288,1,GREEN
6585,0,0.18543288,1,GREEN
6651,0,0.28418615,1,GREEN
6753,1,0.38515186,1,GREEN
6764,0,0.5085774,1,YELLOW
6769,1,0.7236401,1,YELLOW
6988,0,0.29925424,1,GREEN
6999,1,0.4317404,1,GREEN
7046,0,0.34313244,1,GREEN
7147,0,0.43201143,1,GREEN
7191,0,0.43963796,1,YELLOW
7315,0,0.27074718,1,GREEN
7402,0,0.2575282,1,GREEN
7472,1,0.24899998,1,GREEN
7475,0,0.40111315,1,GREEN
7494,0,0.46902132,1,YELLOW
7572,0,0.56988764,1,YELLOW
7611,0,0.33761072,1,GREEN
8026,0,0.21897632,1,GREEN
8127,0,0.30377358,1,GREEN
8138,0,0.23636001,1,GREEN
8271,0,0.3605104,1,GREEN
8310,0,0.298041,1,GREEN
8367,0,0.54233545,1,YELLOW
8430,0,0.37668717,1,GREEN
8478,1,0.7464668,1,RED
8479,0,0.29063496,1,GREEN
8514,0,0.7216774,1,YELLOW
8515,0,0.63314307,1,YELLOW
8550,1,0.592716,1,YELLOW
8689,1,0.4759785,1,YELLOW
8708,0,0.5952753,1,YELLOW
8722,1,0.50889367,1,YELLOW
8743,0,0.4112541,1,GREEN
8961,0,0.41329348,1,GREEN
8980,1,0.57784575,1,YELLOW
9064,0,0.55229425,1,YELLOW
9217,1,0.49345613,1,YELLOW
9281,0,0.589638,1,YELLOW
9296,0,0.28760374,1,GREEN
9301,0,0.5589546,1,YELLOW
9330,1,0.5775783,1,YELLOW
9367,0,0.4515919,1,YELLOW
9370,0,0.54662335,1,YELLOW
9377,0,0.613035,1,YELLOW
9384,0,0.49898624,1,YELLOW
9399,0,0.5794053,1,YELLOW
9409,0,0.58614594,1,YELLOW
9433,0,0.46200427,1,YELLOW
9458,0,0.40775344,1,GREEN
9528,0,0.3408329,1,GREEN
9532,0,0.3188694,1,GREEN
9539,0,0.47527778,1,YELLOW
9568,1,0.73330116,1,YELLOW
9639,0,0.489464,1,YELLOW
9651,0,0.59386027,1,YELLOW
9703,0,0.5176455,1,YELLOW
9912,0,0.6071491,1,YELLOW
10204,0,0.5434573,1,YELLOW
10569,0,0.48608482,1,YELLOW
10621,0,0.6520393,1,YELLOW
10638,0,0.41343248,1,GREEN
10646,1,0.6941676,1,YELLOW
10649,0,0.66815615,1,YELLOW
10712,0,0.38491938,1,GREEN
10761,0,0.5708022,1,YELLOW
10866,1,0.6799609,1,YELLOW
10900,0,0.3780375,1,GREEN
11057,1,0.5489686,1,YELLOW
11061,1,0.5654522,1,YELLOW
11065,1,0.72514045,1,YELLOW
11078,0,0.6733277,1,YELLOW
11082,0,0.33818728,1,GREEN
11102,1,0.7814027,1,RED
11147,0,0.67322695,1,YELLOW
11310,0,0.44889367,1,YELLOW
11313,0,0.68638587,1,YELLOW
11859,0,0.51488805,1,YELLOW
12484,0,0.29767492,1,GREEN
12620,0,0.42934883,1,GREEN
12675,0,0.4814929,1,YELLOW
12938,0,0.4682076,1,YELLOW
13113,1,0.6872908,1,YELLOW
13221,0,0.4614449,1,YELLOW
13347,0,0.2315684,1,GREEN
13756,0,0.6404393,1,YELLOW
13770,1,0.6887448,1,YELLOW
13791,0,0.5664866,1,YELLOW
13985,1,0.75917006,1,RED
14012,0,0.28886253,1,GREEN
14219,0,0.37047535,1,GREEN
14220,0,0.41842967,1,GREEN
14525,0,0.26992196,1,GREEN
14668,1,0.72777975,1,YELLOW
14676,1,0.70016253,1,YELLOW
14759,0,0.34890223,1,GREEN
14776,0,0.6248443,1,YELLOW
14878,0,0.35819313,1,GREEN
14895,0,0.44927454,1,YELLOW
14906,0,0.29672104,1,GREEN
15103,0,0.3526125,1,GREEN
15139,1,0.5050873,1,YELLOW
15443,1,0.68701303,1,YELLOW
15568,0,0.44158927,1,YELLOW
15730,0,0.47517258,1,YELLOW
16124,0,0.22381318,1,GREEN
16315,0,0.22289632,1,GREEN
16362,1,0.77937734,1,RED
16363,1,0.73924124,1,YELLOW
16486,0,0.39325994,1,GREEN
16564,0,0.40810278,1,GREEN
16817,0,0.6012686,1,YELLOW
16837,0,0.35157555,1,GREEN
16918,0,0.33802384,1,GREEN
16957,1,0.7115053,1,YELLOW
17499,0,0.30322212,1,GREEN
17506,0,0.45835346,1,YELLOW
17683,1,0.7081349,1,YELLOW
17882,0,0.57220864,1,YELLOW
18484,0,0.6954051,1,YELLOW
18493,0,0.6021016,1,YELLOW
18728,1,0.5161246,1,YELLOW
19003,0,0.48487037,1,YELLOW
19592,0,0.44095844,1,YELLOW
19648,0,0.6333257,1,YELLOW
19675,1,0.7390716,1,YELLOW
19731,0,0.59225416,1,YELLOW
19917,0,0.4717595,1,YELLOW
19918,0,0.39579463,1,GREEN
19958,0,0.40119073,1,GREEN
20298,0,0.683383,1,YELLOW
20469,0,0.5249717,1,YELLOW
21157,0,0.31945568,1,GREEN
21467,0,0.56732666,1,YELLOW
21517,1,0.6288307,1,YELLOW
21583,0,0.43043923,1,GREEN
21651,0,0.38774368,1,GREEN
21653,0,0.6311226,1,YELLOW
21718,1,0.72251916,1,YELLOW
21798,0,0.2946325,1,GREEN
21847,1,0.71801484,1,YELLOW
22411,0,0.48764837,1,YELLOW
22456,0,0.25211483,1,GREEN
22529,1,0.79874015,1,RED
22549,1,0.4099723,1,GREEN
22880,0,0.28260398,1,GREEN
23603,0,0.48746485,1,YELLOW
23659,0,0.66069156,1,YELLOW
23674,0,0.29406923,1,GREEN
23702,0,0.60186523,1,YELLOW
24360,0,0.5123048,1,YELLOW
24733,0,0.44061202,1,YELLOW
24769,0,0.3028186,1,GREEN
24846,0,0.37194657,1,GREEN
25495,0,0.6451411,1,YELLOW
25798,0,0.3425016,1,GREEN
25804,0,0.51886743,1,YELLOW
26098,0,0.54429054,1,YELLOW
26197,0,0.68905526,1,YELLOW
26436,0,0.3517321,1,GREEN
26483,0,0.48540097,1,YELLOW
26534,0,0.5339968,1,YELLOW
26951,0,0.321499,1,GREEN
27350,0,0.64906985,1,YELLOW
27648,0,0.27918527,1,GREEN
28145,0,0.38236654,1,GREEN
28280,0,0.5717652,1,YELLOW
28523,1,0.7274833,1,YELLOW
28693,1,0.62240887,1,YELLOW
28718,0,0.4690538,1,YELLOW
29976,0,0.52733994,1,YELLOW
30717,0,0.6158465,1,YELLOW
30928,1,0.7304042,1,YELLOW
30951,0,0.344809,1,GREEN
31060,1,0.5696401,1,YELLOW
31195,0,0.45552623,1,YELLOW
31202,1,0.7279908,1,YELLOW
31343,0,0.22866407,1,GREEN
31402,0,0.43246397,1,GREEN
31477,0,0.57458484,1,YELLOW
31799,0,0.4979307,1,YELLOW
32322,0,0.391797,1,GREEN
32343,1,0.7194301,1,YELLOW
32593,1,0.72353274,1,YELLOW
32778,0,0.56241655,1,YELLOW
33309,0,0.4415586,1,YELLOW
33613,0,0.49820223,1,YELLOW
34040,1,0.6550875,1,YELLOW
34359,0,0.3354964,1,GREEN
34665,0,0.34033558,1,GREEN
35375,0,0.67812943,1,YELLOW
36102,0,0.59370077,1,YELLOW
36190,0,0.52150553,1,YELLOW
36294,0,0.41561663,1,GREEN
36303,1,0.6742916,1,YELLOW
36314,0,0.76841617,1,RED
36431,1,0.71429324,1,YELLOW
36605,0,0.6182787,1,YELLOW
36663,1,0.6079241,1,YELLOW
36708,1,0.7200302,1,YELLOW
37392,1,0.79773235,1,RED
37460,1,0.6426351,1,YELLOW
37511,0,0.3976968,1,GREEN
38102,1,0.73045135,1,YELLOW
38409,0,0.59549046,1,YELLOW
39526,1,0.7458739,1,RED
39859,0,0.68574244,1,YELLOW
39912,0,0.43075076,1,GREEN
40539,0,0.3886268,1,GREEN
40958,0,0.67281276,1,YELLOW
41022,1,0.6483737,1,YELLOW
41109,0,0.6084703,1,YELLOW
43507,0,0.64058614,1,YELLOW
43593,0,0.6468752,1,YELLOW
47320,0,0.8505912,1,RED
48229,0,0.72494966,1,YELLOW
50088,0,0.7403874,1,YELLOW
50248,1,0.39362633,1,GREEN
51683,0,0.41820318,1,GREEN
51763,1,0.54722714,1,YELLOW
53001,0,0.6237137,1,YELLOW
53025,1,0.66438305,1,YELLOW
54360,1,0.70624375,1,YELLOW
54384,0,0.75890404,1,RED
54746,0,0.59108746,1,YELLOW
54900,1,0.774295,1,RED
54911,1,0.7393769,1,YELLOW
55182,0,0.7582664,1,RED
55305,1,0.60929716,1,YELLOW
55918,0,0.53161836,1,YELLOW
56069,0,0.6221867,1,YELLOW
59227,1,0.65139747,1,YELLOW
60172,0,0.51272875,1,YELLOW
60496,0,0.6862589,1,YELLOW
60662,1,0.79025614,1,RED
60703,1,0.7274514,1,YELLOW
60785,1,0.7472534,1,RED
60839,1,0.6586453,1,YELLOW
60854,1,0.7241856,1,YELLOW
60877,0,0.53850603,1,YELLOW
60962,0,0.4270823,1,GREEN
62390,0,0.3381637,1,GREEN
62413,1,0.7043253,1,YELLOW
62529,0,0.4788149,1,YELLOW
62751,0,0.5737073,1,YELLOW
62827,0,0.4880381,1,YELLOW
62857,1,0.71770465,1,YELLOW
62878,1,0.6981969,1,YELLOW
62920,0,0.72697616,1,YELLOW
62969,1,0.770731,1,RED
64142,0,0.7209366,1,YELLOW
64150,0,0.5373568,1,YELLOW
64184,0,0.38123262,1,GREEN
64392,1,0.6937541,1,YELLOW
64646,0,0.73500407,1,YELLOW
64713,1,0.7738217,1,RED
64715,0,0.54202014,1,YELLOW
64722,1,0.69609165,1,YELLOW
64764,0,0.7229761,1,YELLOW
64782,0,0.57588315,1,YELLOW
65094,0,0.5833204,1,YELLOW
65324,1,0.6565093,1,YELLOW
65327,0,0.6932531,1,YELLOW
65452,0,0.6552985,1,YELLOW
65463,1,0.7736618,1,RED
65584,0,0.44189167,1,YELLOW
65596,0,0.43761247,1,GREEN
65600,1,0.7139426,1,YELLOW
65614,0,0.4387502,1,YELLOW
65630,0,0.5366452,1,YELLOW
65651,0,0.73989207,1,YELLOW
65664,0,0.48074892,1,YELLOW
65682,0,0.50291145,1,YELLOW
65752,0,0.562227,1,YELLOW
65760,0,0.5156193,1,YELLOW
65781,0,0.4811944,1,YELLOW
65906,1,0.63839686,1,YELLOW
65940,0,0.48487532,1,YELLOW
65944,0,0.53381145,1,YELLOW
65948,0,0.7729476,1,RED
65981,0,0.6002421,1,YELLOW
66062,1,0.7476053,1,RED
66064,1,0.7653916,1,RED
66069,1,0.74056673,1,YELLOW
66070,0,0.65373015,1,YELLOW
66091,0,0.54593575,1,YELLOW
66245,1,0.68466514,1,YELLOW
66251,1,0.5376967,1,YELLOW
66259,1,0.6470879,1,YELLOW
66359,0,0.49940938,1,YELLOW
66366,1,0.6627972,1,YELLOW
66368,1,0.6161088,1,YELLOW
66377,0,0.32822824,1,GREEN
66435,0,0.5672973,1,YELLOW
66449,0,0.5436318,1,YELLOW
66829,0,0.5425329,1,YELLOW
67356,1,0.7741922,1,RED
67652,0,0.5254305,1,YELLOW
68093,0,0.32247216,1,GREEN
68186,1,0.7004272,1,YELLOW
68304,1,0.63647366,1,YELLOW
68363,0,0.54345345,1,YELLOW
68368,0,0.5292166,1,YELLOW
68539,1,0.7373737,1,YELLOW
68546,0,0.52156353,1,YELLOW
68552,0,0.4763815,1,YELLOW
68554,0,0.4406864,1,YELLOW
68600,1,0.5465732,1,YELLOW
68601,0,0.60479724,1,YELLOW
68662,0,0.2045318,1,GREEN
68664,0,0.7165388,1,YELLOW
68727,1,0.69167864,1,YELLOW
68733,0,0.5383989,1,YELLOW
68736,0,0.37865016,1,GREEN
68740,0,0.46876988,1,YELLOW
68791,0,0.4662543,1,YELLOW
68872,0,0.3264413,1,GREEN
68911,0,0.42104286,1,GREEN
68928,0,0.4592741,1,YELLOW
68940,0,0.51773816,1,YELLOW
68942,0,0.633146,1,YELLOW
68943,1,0.54109716,1,YELLOW
68952,0,0.6907006,1,YELLOW
69092,0,0.25940514,1,GREEN
69398,0,0.29529697,1,GREEN
70547,0,0.45148855,1,YELLOW
70846,0,0.64659774,1,YELLOW
71077,0,0.33139926,1,GREEN
71203,1,0.56952494,1,YELLOW
71208,0,0.3066042,1,GREEN
71234,0,0.4413349,1,YELLOW
71279,0,0.72578907,1,YELLOW
71339,0,0.61966,1,YELLOW
71405,0,0.6667321,1,YELLOW
71413,1,0.7274599,1,YELLOW
71486,0,0.5473082,1,YELLOW
71563,0,0.2754571,1,GREEN
71671,0,0.51987594,1,YELLOW
71734,0,0.6564632,1,YELLOW
71818,0,0.28817707,1,GREEN
71822,1,0.73292243,1,YELLOW
71827,0,0.49304593,1,YELLOW
71839,0,0.38285396,1,GREEN
71840,0,0.4892283,1,YELLOW
71873,0,0.48235714,1,YELLOW
71957,0,0.23074353,1,GREEN
71961,0,0.5330699,1,YELLOW
71986,0,0.43452555,1,GREEN
72073,0,0.4451686,1,YELLOW
72092,0,0.75048614,1,RED
72120,0,0.3364328,1,GREEN
72139,0,0.49887812,1,YELLOW
72157,0,0.4309404,1,GREEN
72159,1,0.6996763,1,YELLOW
72241,0,0.678929,1,YELLOW
72311,0,0.6171143,1,YELLOW
72430,0,0.5509753,1,YELLOW
73111,0,0.7796442,1,RED
73314,1,0.48725697,1,YELLOW
73332,0,0.48456824,1,YELLOW
73334,1,0.63889027,1,YELLOW
73357,0,0.7305486,1,YELLOW
74724,0,0.542581,1,YELLOW
75626,0,0.5621393,1,YELLOW
77993,1,0.6181629,1,YELLOW
77995,1,0.7235165,1,YELLOW
80196,0,0.35866022,1,GREEN
83201,0,0.50820947,1,YELLOW
83887,0,0.27857974,1,GREEN
86470,0,0.45079017,1,YELLOW
89034,0,0.26599824,1,GREEN
89105,0,0.45790803,1,YELLOW
89753,0,0.63744557,1,YELLOW
90010,1,0.735306,1,YELLOW
90202,0,0.30746502,1,GREEN
90454,1,0.68427396,1,YELLOW
90473,0,0.61057675,1,YELLOW
91430,1,0.5965078,1,YELLOW
91465,0,0.6095902,1,YELLOW
91505,1,0.67109334,1,YELLOW
91525,0,0.5943378,1,YELLOW
92136,0,0.26757148,1,GREEN
92140,1,0.58613956,1,YELLOW
92178,1,0.7138784,1,YELLOW
92222,0,0.4136195,1,GREEN
92876,1,0.64006555,1,YELLOW
92879,0,0.47979617,1,YELLOW
92897,0,0.65287316,1,YELLOW
92913,0,0.507376,1,YELLOW
93004,0,0.44295126,1,YELLOW
93095,0,0.4747642,1,YELLOW
93550,0,0.59489757,1,YELLOW
94154,0,0.4546654,1,YELLOW
95286,0,0.46669215,1,YELLOW
97587,0,0.2494801,1,GREEN
98356,0,0.2917035,1,GREEN
99288,0,0.30902717,1,GREEN
99562,0,0.31707615,1,GREEN
100526,0,0.3578269,1,GREEN
101615,1,0.6968348,1,YELLOW
101616,1,0.63383675,1,YELLOW
102542,0,0.349836,1,GREEN
104766,0,0.398182,1,GREEN
104850,1,0.66267014,1,YELLOW
104895,1,0.6517776,1,YELLOW
104920,1,0.77350557,1,RED
104999,0,0.5147158,1,YELLOW
105024,0,0.3526125,1,GREEN
107656,1,0.74232996,1,YELLOW
107681,0,0.6920934,1,YELLOW
107704,0,0.28436255,1,GREEN
107759,0,0.75023663,1,RED
107794,0,0.36724997,1,GREEN
107812,0,0.23016676,1,GREEN
107966,1,0.5898223,1,YELLOW
108005,0,0.27580082,1,GREEN
108137,0,0.46429062,1,YELLOW
108150,0,0.80101967,1,RED
111332,0,0.5010595,1,YELLOW
114750,0,0.430933,1,GREEN
114924,0,0.32939082,1,GREEN
115162,0,0.52067906,1,YELLOW
119020,0,0.3202159,1,GREEN
119549,0,0.6343515,1,YELLOW
119565,0,0.31945568,1,GREEN
120729,0,0.50212634,1,YELLOW
121880,1,0.62687445,1,YELLOW
121930,1,0.6829965,1,YELLOW
122188,1,0.68084705,1,YELLOW
122215,0,0.6823083,1,YELLOW
122820,1,0.75823045,1,RED
122824,1,0.6903351,1,YELLOW
123622,0,0.46273017,1,YELLOW
123924,1,0.6579747,1,YELLOW
124087,1,0.701167,1,YELLOW
124887,1,0.6594268,1,YELLOW
126565,0,0.7173997,1,YELLOW
127404,1,0.5641686,1,YELLOW
128355,0,0.7124016,1,YELLOW
128798,0,0.4957546,1,YELLOW
128918,1,0.77616847,1,RED
130881,0,0.6721076,1,YELLOW
131535,0,0.7365169,1,YELLOW
132519,0,0.5658263,1,YELLOW
132787,1,0.61189765,1,YELLOW
133012,1,0.5951483,1,YELLOW
133633,1,0.73690635,1,YELLOW
134453,1,0.7031924,1,YELLOW
134645,0,0.522933,1,YELLOW
135242,0,0.30354643,1,GREEN
135313,0,0.28041905,1,GREEN
135348,1,0.76065457,1,RED
137601,0,0.31860873,1,GREEN
138477,0,0.32619804,1,GREEN
142752,0,0.2685133,1,GREEN
142766,0,0.6756946,1,YELLOW
145685,0,0.4426145,1,YELLOW
147514,1,0.63050306,1,YELLOW
148673,1,0.58149266,1,YELLOW
150584,0,0.45290187,1,YELLOW
151170,0,0.35713494,1,GREEN
154058,1,0.73824966,1,YELLOW
154413,1,0.7559256,1,RED
155032,0,0.51815796,1,YELLOW
155107,0,0.53623456,1,YELLOW
155143,0,0.66831577,1,YELLOW
155774,0,0.6149765,1,YELLOW
155806,0,0.56730294,1,YELLOW
157471,0,0.64833105,1,YELLOW
157917,1,0.7963497,1,RED
157921,0,0.2340679,1,GREEN
157991,0,0.26490033,1,GREEN
160024,0,0.5309762,1,YELLOW
160243,0,0.6980932,1,YELLOW
160436,0,0.5462889,1,YELLOW
160453,0,0.5256121,1,YELLOW
161104,1,0.70795524,1,YELLOW
161713,0,0.42356032,1,GREEN
161930,0,0.6766908,1,YELLOW
163701,0,0.5646142,1,YELLOW
164437,0,0.51776123,1,YELLOW
164652,0,0.5906376,1,YELLOW
164877,1,0.4220471,1,GREEN
167529,0,0.27691415,1,GREEN
169373,0,0.47592103,1,YELLOW
171729,0,0.599352,1,YELLOW
172306,1,0.7324062,1,YELLOW
173603,1,0.65665436,1,YELLOW
174174,0,0.49987036,1,YELLOW
175533,1,0.72455275,1,YELLOW
175540,0,0.46571723,1,YELLOW
175989,0,0.5980255,1,YELLOW
176158,1,0.55901426,1,YELLOW
176406,1,0.7533212,1,RED
177843,1,0.6974559,1,YELLOW
179336,0,0.37356958,1,GREEN
181458,0,0.56163627,1,YELLOW
184822,1,0.7200302,1,YELLOW
188803,0,0.24890527,1,GREEN
192160,0,0.56780535,1,YELLOW
194216,0,0.4507596,1,YELLOW
194699,0,0.5208925,1,YELLOW
197006,0,0.5200932,1,YELLOW
197690,0,0.42582062,1,GREEN
197861,0,0.43648943,1,GREEN
198382,0,0.5362381,1,YELLOW
200103,1,0.77632904,1,RED
200213,0,0.22994933,1,GREEN
201412,0,0.31424618,1,GREEN
202477,0,0.64833105,1,YELLOW
203135,1,0.66589165,1,YELLOW
205536,0,0.42207736,1,GREEN
210172,1,0.51048183,1,YELLOW
212231,0,0.67971194,1,YELLOW
219050,1,0.73889637,1,YELLOW
220401,0,0.6185206,1,YELLOW
222284,0,0.6294966,1,YELLOW
229852,0,0.3288914,1,GREEN
231084,1,0.62345934,1,YELLOW
235905,0,0.53677666,1,YELLOW
238053,1,0.5807035,1,YELLOW
248271,1,0.62786216,1,YELLOW
260390,0,0.52676725,1,YELLOW
262093,0,0.668711,1,YELLOW
264852,0,0.412383,1,GREEN
283654,0,0.37270254,1,GREEN
285033,0,0.6920222,1,YELLOW
294641,0,0.3846872,1,GREEN
357904,1,0.7992642,1,RED
361655,0,0.66410005,1,YELLOW
377339,0,0.5230329,1,YELLOW
406563,1,0.58679104,1,YELLOW
410467,0,0.5852967,1,YELLOW
439240,0,0.3700607,1,GREEN
439744,0,0.46103814,1,YELLOW
440005,0,0.2952719,1,GREEN
440966,0,0.34923112,1,GREEN
441071,1,0.6357225,1,YELLOW
441224,0,0.4849049,1,YELLOW
441276,0,0.76841617,1,RED
441308,0,0.7502309,1,RED
441325,1,0.7822691,1,RED
441344,1,0.6550997,1,YELLOW
441345,0,0.6928705,1,YELLOW
441351,0,0.67591345,1,YELLOW
441375,0,0.5220007,1,YELLOW
441383,1,0.74256825,1,YELLOW
441406,0,0.63259053,1,YELLOW
442021,0,0.4589738,1,YELLOW
442291,0,0.43109232,1,GREEN
442872,0,0.5768499,1,YELLOW
442897,0,0.6543009,1,YELLOW
443120,0,0.5016028,1,YELLOW
443130,0,0.27326193,1,GREEN
443239,0,0.42703128,1,GREEN
443297,0,0.19119471,1,GREEN
443311,0,0.63951373,1,YELLOW
443390,0,0.428797,1,GREEN
443586,0,0.46313703,1,YELLOW
443600,0,0.46404302,1,YELLOW
443831,0,0.5227532,1,YELLOW
443879,1,0.6667565,1,YELLOW
443884,0,0.63890076,1,YELLOW
443936,0,0.56958187,1,YELLOW
443942,0,0.7205488,1,YELLOW
443944,0,0.49481726,1,YELLOW
443946,0,0.7113924,1,YELLOW
443951,0,0.5522467,1,YELLOW
443955,1,0.6599077,1,YELLOW
443958,0,0.5670377,1,YELLOW
443970,0,0.57213265,1,YELLOW
445227,0,0.617407,1,YELLOW
445580,0,0.24227983,1,GREEN
446284,0,0.23853263,1,GREEN
446596,0,0.39415416,1,GREEN
446727,0,0.2860406,1,GREEN
447196,0,0.4905231,1,YELLOW
448013,0,0.35922676,1,GREEN
448223,0,0.47720706,1,YELLOW
448949,1,0.6484145,1,YELLOW
449215,0,0.44132745,1,YELLOW
451417,0,0.50627315,1,YELLOW
451515,0,0.37614828,1,GREEN
452110,0,0.71974003,1,YELLOW
452306,0,0.39955586,1,GREEN
454937,0,0.42914063,1,GREEN
456389,0,0.5461992,1,YELLOW
464205,0,0.57462806,1,YELLOW
470999,0,0.43580437,1,GREEN
472335,0,0.5285402,1,YELLOW
481696,0,0.6431799,1,YELLOW
517348,1,0.5478588,1,YELLOW
517414,0,0.32650444,1,GREEN
517999,0,0.5917115,1,YELLOW
533728,0,0.51088697,1,YELLOW
541384,0,0.30107003,1,GREEN
636367,0,0.2634567,1,GREEN
636374,0,0.57677674,1,YELLOW
636405,0,0.6808492,1,YELLOW
638072,0,0.26479614,1,GREEN
638278,1,0.41109222,1,GREEN
638678,0,0.532399,1,YELLOW
641098,0,0.32896522,1,GREEN
644274,1,0.80581,1,RED
656511,0,0.629588,1,YELLOW
656597,0,0.57220864,1,YELLOW
656612,0,0.50648886,1,YELLOW
656630,0,0.7589264,1,RED
656644,0,0.72149414,1,YELLOW
656717,0,0.58129996,1,YELLOW
656765,0,0.3430441,1,GREEN
656842,0,0.5391877,1,YELLOW
656958,1,0.6395298,1,YELLOW
657201,0,0.57449216,1,YELLOW
657346,0,0.60148454,1,YELLOW
657349,0,0.5569563,1,YELLOW
667466,1,0.4673723,1,YELLOW
667483,0,0.39150378,1,GREEN
667492,0,0.40755603,1,GREEN
667639,0,0.30812144,1,GREEN
667645,0,0.28146514,1,GREEN
688095,0,0.5839263,1,YELLOW
699414,0,0.22773778,1,GREEN
719408,0,0.41906643,1,GREEN
824226,0,0.51240766,1,YELLOW
941361,1,0.67895293,1,YELLOW
941650,1,0.50559425,1,YELLOW
1013376,1,0.4823715,1,YELLOW
1547484,1,0.6400658,1,YELLOW
1549008,1,0.5018023,1,YELLOW
1549040,0,0.28273943,1,GREEN
1549098,0,0.2743383,1,GREEN
1550997,0,0.31056726,1,GREEN
1584822,0,0.31518912,1,GREEN
1617430,0,0.31254345,1,GREEN
1738118,0,0.31193262,1,GREEN
1893668,0,0.33264488,1,GREEN
2723609,0,0.29416764,1,GREEN
2723617,0,0.30471385,1,GREEN
2723890,0,0.3666358,1,GREEN
2723920,0,0.6011895,1,YELLOW
2724023,1,0.52502334,1,YELLOW
2724402,0,0.42384696,1,GREEN
2724411,0,0.7225499,1,YELLOW
2724466,0,0.45992774,1,YELLOW
2728761,0,0.60065055,1,YELLOW
2730228,1,0.5815685,1,YELLOW
2733208,0,0.25147992,1,GREEN
2733277,0,0.37235242,1,GREEN
2733501,0,0.34342468,1,GREEN
2733515,0,0.43456167,1,GREEN
2733516,0,0.36842725,1,GREEN
2733517,0,0.42065603,1,GREEN
2733525,1,0.78303385,1,RED
2734117,1,0.75448847,1,RED
2734398,0,0.5461677,1,YELLOW
2734672,0,0.53407395,1,YELLOW
2734952,0,0.24420775,1,GREEN
2735510,0,0.42860204,1,GREEN
2794990,0,0.3524794,1,GREEN
2837663,0,0.55410975,1,YELLOW
2921148,0,0.2924766,1,GREEN
2999413,0,0.4826934,1,YELLOW
3000579,0,0.29567242,1,GREEN
3000668,0,0.48119956,1,YELLOW
3002190,0,0.7570826,1,RED
3005572,1,0.76906335,1,RED
3014059,0,0.6405332,1,YELLOW
3016408,0,0.65124667,1,YELLOW
3027782,0,0.4315581,1,GREEN
3032325,0,0.5542571,1,YELLOW
3032361,0,0.4768551,1,YELLOW
3032818,0,0.56667376,1,YELLOW
3033226,0,0.5755612,1,YELLOW
3033332,0,0.3937102,1,GREEN
3033817,1,0.59197956,1,YELLOW
3034797,0,0.5369119,1,YELLOW
3035523,0,0.53703666,1,YELLOW
3037556,0,0.48868006,1,YELLOW
3038495,1,0.5597423,1,YELLOW
3039995,1,0.62966216,1,YELLOW
3040551,1,0.65872854,1,YELLOW
3045335,1,0.75163424,1,RED
3045407,1,0.5925523,1,YELLOW
3058754,0,0.36401358,1,GREEN
3061720,0,0.59084904,1,YELLOW
3074827,0,0.3978815,1,GREEN
3081545,0,0.37291408,1,GREEN
3084014,0,0.6119466,1,YELLOW
3246155,1,0.5807035,1,YELLOW
3277600,0,0.45092207,1,YELLOW
3392731,0,0.63663495,1,YELLOW
3448892,0,0.6744805,1,YELLOW
3495594,0,0.63092124,1,YELLOW
3571576,0,0.79356265,1,RED
3672772,0,0.21982488,1,GREEN
3864541,0,0.40548366,1,GREEN
3870203,0,0.51404846,1,YELLOW
3899541,0,0.53935593,1,YELLOW
4046493,0,0.3843879,1,GREEN
4059895,0,0.68124986,1,YELLOW
4172142,0,0.6259017,1,YELLOW
4177957,0,0.6362293,1,YELLOW
4210951,0,0.6770371,1,YELLOW
4223812,0,0.4356026,1,GREEN
4302960,1,0.7339262,1,YELLOW
4336830,0,0.47094014,1,YELLOW
4350931,1,0.44779715,1,YELLOW
4519262,0,0.69527197,1,YELLOW
4549312,0,0.52499807,1,YELLOW
4605800,1,0.7629054,1,RED
4615193,0,0.44252864,1,YELLOW
5040063,0,0.531585,1,YELLOW
5218788,0,0.35261077,1,GREEN
5222465,0,0.32172233,1,GREEN
5273467,1,0.3479293,1,GREEN
5280363,0,0.2665525,1,GREEN
5280569,0,0.485444,1,YELLOW
5280723,0,0.28389943,1,GREEN
5280754,0,0.45995316,1,YELLOW
5280899,0,0.5504154,1,YELLOW
5280933,0,0.24235171,1,GREEN
5280954,1,0.6422895,1,YELLOW
5280965,0,0.39009216,1,GREEN
5281032,1,0.7318516,1,YELLOW
5281068,1,0.62666893,1,YELLOW
5281069,1,0.74651736,1,RED
5281080,0,0.64846474,1,YELLOW
5281082,1,0.73849845,1,YELLOW
5281098,1,0.6016443,1,YELLOW
5281227,0,0.559034,1,YELLOW
5281233,0,0.3839168,1,GREEN
5281243,0,0.5352229,1,YELLOW
5281249,0,0.23488481,1,GREEN
5281404,0,0.3152759,1,GREEN
5281417,0,0.61779577,1,YELLOW
5281672,0,0.54305923,1,YELLOW
5281787,0,0.45296407,1,YELLOW
5281847,0,0.587099,1,YELLOW
5281881,1,0.57478416,1,YELLOW
5281915,0,0.4610287,1,YELLOW
5282169,0,0.5127589,1,YELLOW
5282180,0,0.73727643,1,YELLOW
5282198,0,0.25920403,1,GREEN
5282230,0,0.32514423,1,GREEN
5282242,0,0.5170962,1,YELLOW
5282367,0,0.3723808,1,GREEN
5282379,0,0.44321,1,YELLOW
5282407,1,0.71425235,1,YELLOW
5282415,0,0.34068525,1,GREEN
5282458,0,0.472529,1,YELLOW
5282483,1,0.6164063,1,YELLOW
5282484,1,0.7364549,1,YELLOW
5282493,0,0.533502,1,YELLOW
5282521,0,0.5280826,1,YELLOW
5282759,0,0.26067895,1,GREEN
5282943,0,0.2548366,1,GREEN
5284343,0,0.51114124,1,YELLOW
5284381,0,0.2595222,1,GREEN
5284439,1,0.4949181,1,YELLOW
5284442,0,0.43938276,1,YELLOW
5284459,0,0.2308853,1,GREEN
5284468,0,0.40611917,1,GREEN
5284484,0,0.50394267,1,YELLOW
5284507,0,0.21733849,1,GREEN
5284513,0,0.36276945,1,GREEN
5284516,0,0.49052006,1,YELLOW
5284537,0,0.5188198,1,YELLOW
5284572,0,0.7201811,1,YELLOW
5284579,0,0.5718446,1,YELLOW
5284580,0,0.7634506,1,RED
5284610,0,0.8018698,1,RED
5284619,0,0.6027615,1,YELLOW
5284626,0,0.43239734,1,GREEN
5284630,0,0.63412476,1,YELLOW
5284633,0,0.67054397,1,YELLOW
5284643,1,0.72969604,1,YELLOW
5288600,0,0.32040977,1,GREEN
5289419,0,0.33128476,1,GREEN
5309446,1,0.74841523,1,RED
5310956,0,0.46941417,1,YELLOW
5310993,0,0.2751477,1,GREEN
5311036,1,0.70693624,1,YELLOW
5311064,1,0.42279825,1,GREEN
5311071,0,0.31310558,1,GREEN
5311100,0,0.36866856,1,GREEN
5311198,0,0.6344125,1,YELLOW
5311302,0,0.44587964,1,YELLOW
5311304,0,0.6914679,1,YELLOW
5311367,0,0.5969422,1,YELLOW
5311432,0,0.28820562,1,GREEN
5312115,0,0.7025925,1,YELLOW
5312137,1,0.48489475,1,YELLOW
5312331,0,0.28478655,1,GREEN
5318517,0,0.37660694,1,GREEN
5324289,0,0.6422421,1,YELLOW
5326976,0,0.30455863,1,GREEN
5328760,0,0.34622377,1,GREEN
5328769,0,0.4099917,1,GREEN
5328771,0,0.38428456,1,GREEN
5328772,0,0.4099917,1,GREEN
5328773,1,0.4083462,1,GREEN
5328779,1,0.37610388,1,GREEN
5328804,0,0.44068527,1,YELLOW
5329255,0,0.3919447,1,GREEN
5329275,0,0.42491084,1,GREEN
5337997,0,0.31263968,1,GREEN
5353365,1,0.37621117,1,GREEN
5353685,0,0.31012166,1,GREEN
5353800,0,0.19370145,1,GREEN
5354896,0,0.27293533,1,GREEN
5358572,0,0.2456172,1,GREEN
5359271,0,0.46354032,1,YELLOW
5364360,0,0.1863211,1,GREEN
5365543,0,0.2093395,1,GREEN
5365672,0,0.25582996,1,GREEN
5368724,0,0.40762925,1,GREEN
5372720,0,0.46963245,1,YELLOW
5384192,0,0.54779655,1,YELLOW
5388936,0,0.74150825,1,YELLOW
5420804,0,0.26792473,1,GREEN
5420805,0,0.26792473,1,GREEN
5460033,0,0.27776724,1,GREEN
5462328,0,0.5870464,1,YELLOW
5462351,0,0.6335732,1,YELLOW
5462653,0,0.24363998,1,GREEN
5469318,0,0.30054,1,GREEN
5484366,0,0.6037989,1,YELLOW
5484727,0,0.5574229,1,YELLOW
5486699,0,0.6971086,1,YELLOW
5487426,0,0.62632275,1,YELLOW
5702062,1,0.43156022,1,GREEN
5702098,1,0.71551305,1,YELLOW
5702129,1,0.689588,1,YELLOW
5702162,1,0.7236512,1,YELLOW
5702250,0,0.6554637,1,YELLOW
5702251,0,0.6619127,1,YELLOW
5702253,0,0.428534,1,GREEN
5702295,1,0.57621264,1,YELLOW
5702541,1,0.5740732,1,YELLOW
5708341,1,0.6467905,1,YELLOW
5742631,0,0.5733496,1,YELLOW
5745355,0,0.2848996,1,GREEN
5924208,1,0.57274646,1,YELLOW
5940264,1,0.38697207,1,GREEN
6028739,0,0.19337398,1,GREEN
6093160,0,0.5768261,1,YELLOW
6093162,0,0.41947883,1,GREEN
6098006,0,0.6711109,1,YELLOW
6160690,1,0.6481114,1,YELLOW
6252910,1,0.35839188,1,GREEN
6321411,0,0.42304164,1,GREEN
6321424,0,0.46667606,1,YELLOW
6324610,0,0.3606807,1,GREEN
6324663,0,0.6946172,1,YELLOW
6328657,0,0.38541967,1,GREEN
6364626,0,0.309724,1,GREEN
6409633,0,0.17688203,1,GREEN
6419304,0,0.3497791,1,GREEN
6419888,0,0.56852984,1,YELLOW
6419918,0,0.50212634,1,YELLOW
6419921,1,0.5126611,1,YELLOW
6419978,0,0.59842205,1,YELLOW
6419995,0,0.6866429,1,YELLOW
6419997,0,0.49811953,1,YELLOW
6420038,1,0.73714423,1,YELLOW
6420039,0,0.6421169,1,YELLOW
6420040,1,0.69922197,1,YELLOW
6420042,0,0.6124123,1,YELLOW
6420043,0,0.49515653,1,YELLOW
6426773,0,0.6747396,1,YELLOW
6432394,1,0.7396529,1,YELLOW
6433197,1,0.44517583,1,YELLOW
6433208,1,0.60728973,1,YELLOW
6433356,1,0.7321867,1,YELLOW
6433412,0,0.68256664,1,YELLOW
6433573,0,0.41438228,1,GREEN
6434250,0,0.60519433,1,YELLOW
6434871,0,0.42666572,1,GREEN
6435335,1,0.52826893,1,YELLOW
6435801,0,0.26094908,1,GREEN
6436079,1,0.4320754,1,GREEN
6436473,0,0.55949277,1,YELLOW
6437377,0,0.7001921,1,YELLOW
6438352,1,0.6187643,1,YELLOW
6440459,0,0.7413718,1,YELLOW
6442840,1,0.43892157,1,YELLOW
6450278,1,0.4587521,1,YELLOW
6451143,0,0.26766002,1,GREEN
6506392,0,0.34010553,1,GREEN
6510278,0,0.4587521,1,YELLOW
6518171,0,0.6504292,1,YELLOW
6537490,0,0.26490766,1,GREEN
6537491,0,0.6368886,1,YELLOW
6537492,0,0.23579931,1,GREEN
6537494,0,0.24558318,1,GREEN
6537497,0,0.40004528,1,GREEN
6537499,0,0.6577982,1,YELLOW
6537500,0,0.5390054,1,YELLOW
6537501,0,0.64652824,1,YELLOW
6537502,1,0.7413198,1,YELLOW
6537504,1,0.84863055,1,RED
6560141,0,0.6563599,1,YELLOW
6602625,0,0.7307399,1,YELLOW
6603108,0,0.5917115,1,YELLOW
6603339,0,0.29680204,1,GREEN
6603697,0,0.19030096,1,GREEN
6603717,0,0.6183506,1,YELLOW
6603748,0,0.5705502,1,YELLOW
6603770,0,0.41756475,1,GREEN
6603782,0,0.6609857,1,YELLOW
6603828,0,0.42066547,1,GREEN
6603849,0,0.5914929,1,YELLOW
6603857,0,0.55549616,1,YELLOW
6603892,1,0.6277636,1,YELLOW
6603900,1,0.6841029,1,YELLOW
6603913,0,0.57606626,1,YELLOW
6603922,0,0.46631974,1,YELLOW
6603931,0,0.6847373,1,YELLOW
6603967,0,0.45270598,1,YELLOW
6603999,0,0.5586864,1,YELLOW
6604007,0,0.5587974,1,YELLOW
6604029,0,0.3841346,1,GREEN
6604076,0,0.560071,1,YELLOW
6604151,0,0.6874065,1,YELLOW
6604155,0,0.6529842,1,YELLOW
6604161,0,0.61810875,1,YELLOW
6604165,0,0.29577744,1,GREEN
6604176,1,0.72921264,1,YELLOW
6604472,1,0.72492015,1,YELLOW
6604492,1,0.72136915,1,YELLOW
6604497,0,0.7607343,1,RED
6604769,0,0.42065603,1,GREEN
6604893,0,0.26281986,1,GREEN
6708773,0,0.79229784,1,RED
6714002,0,0.6024647,1,YELLOW
6842999,0,0.29257336,1,GREEN
6850813,1,0.64366716,1,YELLOW
6852374,0,0.5514505,1,YELLOW
6871212,0,0.29801416,1,GREEN
6915944,0,0.44274735,1,YELLOW
6917794,0,0.6561191,1,YELLOW
6917797,1,0.7556224,1,RED
6917841,1,0.7012944,1,YELLOW
6917843,1,0.6828294,1,YELLOW
6917974,0,0.632755,1,YELLOW
6918029,1,0.46272424,1,YELLOW
6918155,1,0.60503185,1,YELLOW
6918178,0,0.5059186,1,YELLOW
6918235,0,0.77990913,1,RED
6918289,0,0.47973162,1,YELLOW
6918296,1,0.72007537,1,YELLOW
6950248,0,0.3976968,1,GREEN
7059648,0,0.52737916,1,YELLOW
7067813,0,0.5502459,1,YELLOW
9549168,0,0.7201208,1,YELLOW
9568618,0,0.52817416,1,YELLOW
9570438,1,0.28328255,1,GREEN
9571075,0,0.56860566,1,YELLOW
9578507,0,0.43910784,1,YELLOW
9601084,1,0.44702667,1,YELLOW
9794588,0,0.55040485,1,YELLOW
9795082,0,0.5820298,1,YELLOW
9798284,1,0.71770465,1,YELLOW
9803932,1,0.505926,1,YELLOW
9818540,1,0.5838518,1,YELLOW
9821704,0,0.52566075,1,YELLOW
9829825,0,0.61524343,1,YELLOW
9836150,0,0.5268944,1,YELLOW
9838712,0,0.5471438,1,YELLOW
9841284,0,0.55857563,1,YELLOW
9849425,1,0.5593058,1,YELLOW
9850878,1,0.5783645,1,YELLOW
9852041,0,0.79787683,1,RED
9852176,0,0.5841164,1,YELLOW
9853099,0,0.7938589,1,RED
9853645,1,0.714574,1,YELLOW
9855833,0,0.47158748,1,YELLOW
9859122,0,0.43935525,1,YELLOW
9868848,1,0.74651736,1,RED
9881626,0,0.58863384,1,YELLOW
9883104,1,0.7085017,1,YELLOW
9883500,0,0.43246397,1,GREEN
9884487,0,0.5783082,1,YELLOW
9884593,1,0.71770465,1,YELLOW
9884715,1,0.6349596,1,YELLOW
9887053,0,0.52186644,1,YELLOW
9889433,0,0.6691979,1,YELLOW
9901617,0,0.57065696,1,YELLOW
9909521,1,0.6032171,1,YELLOW
9912313,1,0.5387992,1,YELLOW
9915886,0,0.7299559,1,YELLOW
9922558,0,0.58094233,1,YELLOW
9925873,0,0.32328284,1,GREEN
9926237,0,0.5931692,1,YELLOW
9928898,0,0.33187836,1,GREEN
9931141,1,0.565099,1,YELLOW
9936727,1,0.73229206,1,YELLOW
9940086,0,0.7877383,1,RED
9941647,0,0.5589107,1,YELLOW
9944443,0,0.6122327,1,YELLOW
9951825,0,0.34464824,1,GREEN
9952220,1,0.71972793,1,YELLOW
9954082,0,0.6787173,1,YELLOW
9964741,0,0.40533072,1,GREEN
9976794,0,0.6551826,1,YELLOW
9994453,0,0.5823806,1,YELLOW
10046567,0,0.6673944,1,YELLOW
10098248,0,0.70844996,1,YELLOW
10158019,1,0.6233922,1,YELLOW
10220250,0,0.49722266,1,YELLOW
10236521,1,0.66877043,1,YELLOW
10314472,1,0.63481057,1,YELLOW
10321498,1,0.6579747,1,YELLOW
10328936,0,0.78353286,1,RED
10386130,1,0.51482314,1,YELLOW
10386195,0,0.65500706,1,YELLOW
10404739,0,0.34128195,1,GREEN
10440396,0,0.7821423,1,RED
10466908,0,0.40949595,1,GREEN
10476437,0,0.48695052,1,YELLOW
10695961,0,0.5362254,1,YELLOW
10885665,0,0.65139484,1,YELLOW
11051686,0,0.30902717,1,GREEN
11211984,0,0.5216756,1,YELLOW
11226716,1,0.7430459,1,YELLOW
11231255,0,0.5275116,1,YELLOW
11314197,0,0.72292155,1,YELLOW
11401613,0,0.5260321,1,YELLOW
11417991,0,0.7067232,1,YELLOW
11497466,1,0.71830654,1,YELLOW
11538542,0,0.4773245,1,YELLOW
11565569,1,0.39242163,1,GREEN
11601888,0,0.54418766,1,YELLOW
11647992,1,0.76399136,1,RED
11663304,1,0.6236203,1,YELLOW
11665606,0,0.30417815,1,GREEN
11705034,1,0.73787284,1,YELLOW
11709509,0,0.46793503,1,YELLOW
11953777,0,0.51212466,1,YELLOW
11954008,0,0.44422102,1,YELLOW
11954009,0,0.6979124,1,YELLOW
11957441,0,0.6019131,1,YELLOW
11957443,0,0.6301007,1,YELLOW
11957447,0,0.63447136,1,YELLOW
11957448,1,0.7100258,1,YELLOW
11957451,0,0.66319215,1,YELLOW
11957453,0,0.55456793,1,YELLOW
11957460,0,0.5472926,1,YELLOW
11957462,0,0.53651524,1,YELLOW
11957464,0,0.59015185,1,YELLOW
11957469,0,0.24574003,1,GREEN
11957470,0,0.5672362,1,YELLOW
11957471,1,0.5726984,1,YELLOW
11957475,1,0.7699294,1,RED
11957477,0,0.6071243,1,YELLOW
11957478,0,0.36102298,1,GREEN
11957479,0,0.63698864,1,YELLOW
11957480,1,0.5083263,1,YELLOW
11957483,1,0.55642766,1,YELLOW
11957484,1,0.71660334,1,YELLOW
11957491,0,0.563398,1,YELLOW
11957493,0,0.37673414,1,GREEN
11957494,0,0.61081165,1,YELLOW
11957497,0,0.6174575,1,YELLOW
11957499,1,0.65609705,1,YELLOW
11957500,0,0.40564704,1,GREEN
11957504,0,0.3825901,1,GREEN
11957506,0,0.6475344,1,YELLOW
11957508,1,0.71506786,1,YELLOW
11957514,0,0.3919061,1,GREEN
11957516,1,0.7560368,1,RED
11957517,0,0.61147094,1,YELLOW
11957520,0,0.6118098,1,YELLOW
11957525,1,0.61183417,1,YELLOW
11957526,0,0.46457297,1,YELLOW
11957527,0,0.7387304,1,YELLOW
11957534,0,0.66628957,1,YELLOW
11957537,0,0.38088772,1,GREEN
11957538,0,0.6546556,1,YELLOW
11957540,0,0.56972945,1,YELLOW
11957541,0,0.62806016,1,YELLOW
11957542,0,0.40285465,1,GREEN
11957545,0,0.5955813,1,YELLOW
11957546,1,0.8016875,1,RED
11957547,0,0.6850618,1,YELLOW
11957548,0,0.5226757,1,YELLOW
11957551,1,0.59836555,1,YELLOW
11957552,1,0.6851726,1,YELLOW
11957553,1,0.7555331,1,RED
11957554,1,0.65200996,1,YELLOW
11957555,0,0.54744744,1,YELLOW
11957558,0,0.50527525,1,YELLOW
11957559,0,0.537899,1,YELLOW
11957560,0,0.4496861,1,YELLOW
11957564,1,0.6891043,1,YELLOW
11957565,0,0.32451332,1,GREEN
11957566,1,0.65200996,1,YELLOW
11957567,0,0.56432205,1,YELLOW
11957569,1,0.73058593,1,YELLOW
11957571,0,0.62906516,1,YELLOW
11957572,0,0.5171683,1,YELLOW
11957573,0,0.31353346,1,GREEN
11957576,1,0.7448901,1,YELLOW
11957578,1,0.79474676,1,RED
11957579,1,0.81807995,1,RED
11957580,0,0.49994344,1,YELLOW
11957581,0,0.43667707,1,GREEN
11957583,0,0.5111181,1,YELLOW
11957584,0,0.6835854,1,YELLOW
11957587,0,0.46667606,1,YELLOW
11957588,1,0.751032,1,RED
11957589,0,0.63492686,1,YELLOW
11957590,0,0.7000234,1,YELLOW
11957591,1,0.743102,1,YELLOW
11957592,1,0.7454174,1,RED
11957594,0,0.7502309,1,RED
11957596,1,0.57619476,1,YELLOW
11957598,0,0.55310124,1,YELLOW
11957600,1,0.74499935,1,YELLOW
11957601,0,0.36852586,1,GREEN
11957605,1,0.7095816,1,YELLOW
11957608,0,0.3616275,1,GREEN
11957614,0,0.27627957,1,GREEN
11957616,0,0.49934348,1,YELLOW
11957618,1,0.74855185,1,RED
11957621,0,0.30786332,1,GREEN
11957622,0,0.43951398,1,YELLOW
11957626,0,0.81785786,1,RED
11957631,0,0.5505358,1,YELLOW
11957633,1,0.65582645,1,YELLOW
11957636,0,0.62218285,1,YELLOW
11957638,0,0.49706766,1,YELLOW
11957639,0,0.42975074,1,GREEN
11957643,1,0.72416323,1,YELLOW
11957645,1,0.7291127,1,YELLOW
11957647,0,0.6929605,1,YELLOW
11957648,0,0.6130676,1,YELLOW
11957649,1,0.7830787,1,RED
11957654,1,0.64242685,1,YELLOW
11957655,0,0.5082186,1,YELLOW
11957658,1,0.72233176,1,YELLOW
11957660,1,0.56970626,1,YELLOW
11957663,0,0.4821939,1,YELLOW
11957664,0,0.6303054,1,YELLOW
11957665,0,0.65388566,1,YELLOW
11957667,0,0.32188502,1,GREEN
11957668,0,0.5993757,1,YELLOW
11957671,1,0.71188,1,YELLOW
11957672,0,0.5674062,1,YELLOW
11957673,0,0.56054896,1,YELLOW
11957674,0,0.4300601,1,GREEN
11957677,1,0.75141567,1,RED
11957680,1,0.72128105,1,YELLOW
11957681,0,0.36325347,1,GREEN
11957682,1,0.71030754,1,YELLOW
11957683,0,0.3588173,1,GREEN
11957685,0,0.67735434,1,YELLOW
11957687,1,0.75616056,1,RED
11957689,1,0.34269217,1,GREEN
11957690,1,0.7217039,1,YELLOW
11957691,0,0.6785493,1,YELLOW
11957693,1,0.52811086,1,YELLOW
11957697,1,0.6483413,1,YELLOW
11957700,1,0.59977925,1,YELLOW
11957702,0,0.35582775,1,GREEN
11957705,0,0.6237955,1,YELLOW
11957706,1,0.6861293,1,YELLOW
11957711,0,0.58223647,1,YELLOW
11957712,0,0.47812742,1,YELLOW
11957714,0,0.8125858,1,RED
11957716,1,0.7146396,1,YELLOW
11957718,1,0.5760464,1,YELLOW
11957723,0,0.73601925,1,YELLOW
11957724,0,0.6231767,1,YELLOW
11957726,0,0.66877043,1,YELLOW
11957730,1,0.7012801,1,YELLOW
11972286,0,0.53727573,1,YELLOW
12004215,0,0.6947396,1,YELLOW
12082315,1,0.7593449,1,RED
12304008,0,0.5502459,1,YELLOW
12305037,0,0.64197415,1,YELLOW
12305761,0,0.63092256,1,YELLOW
12358742,0,0.5321436,1,YELLOW
12850184,0,0.59161913,1,YELLOW
12895035,0,0.34644997,1,GREEN
12906333,0,0.61729574,1,YELLOW
12922658,0,0.45179486,1,YELLOW
12997925,0,0.63889474,1,YELLOW
12997926,0,0.5943225,1,YELLOW
13218779,0,0.46354732,1,YELLOW
13830713,0,0.31281996,1,GREEN
14010333,1,0.70292044,1,YELLOW
14017587,0,0.2881778,1,GREEN
14426724,0,0.5494199,1,YELLOW
15558682,1,0.6016991,1,YELLOW
15573114,0,0.54477394,1,YELLOW
16051947,0,0.41097513,1,GREEN
16051954,0,0.84437513,1,RED
16052011,0,0.8256655,1,RED
16114800,1,0.6424958,1,YELLOW
16129710,0,0.6702974,1,YELLOW
16161315,0,0.80679154,1,RED
16211101,0,0.26412362,1,GREEN
16212480,0,0.4206531,1,GREEN
16218600,0,0.44221967,1,YELLOW
16219029,0,0.51401895,1,YELLOW
16219127,1,0.7415639,1,YELLOW
16219444,0,0.46172634,1,YELLOW
16219744,0,0.4407221,1,YELLOW
16219752,0,0.337188,1,GREEN
16667700,1,0.6302891,1,YELLOW
16667738,0,0.6022018,1,YELLOW
16678045,1,0.77329093,1,RED
16682999,0,0.7095084,1,YELLOW
16683083,0,0.29107976,1,GREEN
16683095,0,0.47764203,1,YELLOW
16738693,0,0.604849,1,YELLOW
16746587,0,0.66319215,1,YELLOW
16757702,0,0.5713508,1,YELLOW
16757820,0,0.49362606,1,YELLOW
16757822,0,0.7583214,1,RED
16758819,0,0.5557846,1,YELLOW
16758830,0,0.5456823,1,YELLOW
16759246,0,0.5682525,1,YELLOW
16759247,0,0.46629718,1,YELLOW
16759248,1,0.73832154,1,YELLOW
16759250,0,0.4845099,1,YELLOW
16759251,0,0.41946873,1,GREEN
16759252,1,0.642722,1,YELLOW
16759253,0,0.48353943,1,YELLOW
16760569,0,0.58621603,1,YELLOW
17756783,1,0.45481074,1,YELLOW
17756794,0,0.36347133,1,GREEN
17756939,0,0.37811375,1,GREEN
17756940,0,0.53195584,1,YELLOW
20054942,0,0.38880137,1,GREEN
20055083,0,0.8277024,1,RED
20055232,0,0.48052505,1,YELLOW
20055515,0,0.58458906,1,YELLOW
20056532,0,0.49110723,1,YELLOW
20056587,0,0.5972644,1,YELLOW
20056627,0,0.6359621,1,YELLOW
21158559,0,0.46052307,1,YELLOW
22450127,1,0.5892143,1,YELLOW
22833303,0,0.3796301,1,GREEN
23064738,0,0.45104492,1,YELLOW
23615947,1,0.599879,1,YELLOW
23663403,0,0.4762711,1,YELLOW
23663660,0,0.39639583,1,GREEN
23663938,0,0.318609,1,GREEN
23663953,0,0.62728524,1,YELLOW
23663954,0,0.6723236,1,YELLOW
23664709,0,0.5383659,1,YELLOW
23665760,0,0.40596336,1,GREEN
23667629,0,0.569585,1,YELLOW
23668244,0,0.3772781,1,GREEN
23670359,0,0.5660894,1,YELLOW
23671691,0,0.583659,1,YELLOW
23671932,0,0.28376746,1,GREEN
23672301,0,0.61776674,1,YELLOW
23672302,0,0.5654349,1,YELLOW
23672568,0,0.643948,1,YELLOW
23672582,0,0.64812756,1,YELLOW
23672955,0,0.54888904,1,YELLOW
23675317,0,0.4935251,1,YELLOW
23675321,0,0.53064775,1,YELLOW
23675322,0,0.6633605,1,YELLOW
23675747,0,0.49458295,1,YELLOW
23676659,0,0.42910108,1,GREEN
23676755,0,0.4328828,1,GREEN
23677058,0,0.56589013,1,YELLOW
23679632,0,0.66062903,1,YELLOW
23680486,0,0.67282706,1,YELLOW
23681235,0,0.63270444,1,YELLOW
23681451,0,0.6496,1,YELLOW
23682212,0,0.52020407,1,YELLOW
23691029,0,0.4763745,1,YELLOW
23694217,0,0.5121749,1,YELLOW
23695850,0,0.49555272,1,YELLOW
23695982,0,0.67981744,1,YELLOW
23702555,0,0.5532676,1,YELLOW
23703990,0,0.6835178,1,YELLOW
23704140,0,0.76691556,1,RED
23706211,0,0.55480117,1,YELLOW
23707968,0,0.5276289,1,YELLOW
23724801,1,0.6734858,1,YELLOW
23986637,0,0.64681053,1,YELLOW
24188465,1,0.7230359,1,YELLOW
24195776,1,0.6591277,1,YELLOW
24728612,0,0.5208695,1,YELLOW
24832676,0,0.69440484,1,YELLOW
24848913,0,0.4223802,1,GREEN
24867456,0,0.54202014,1,YELLOW
24867458,0,0.7367741,1,YELLOW
24867460,0,0.59652424,1,YELLOW
24867465,0,0.60637486,1,YELLOW
24867466,0,0.34123433,1,GREEN
24867469,0,0.4784336,1,YELLOW
24867470,0,0.54376954,1,YELLOW
24867472,0,0.4136995,1,GREEN
24867473,0,0.4033364,1,GREEN
24867475,0,0.5249717,1,YELLOW
24867476,0,0.729488,1,YELLOW
24867477,0,0.6562867,1,YELLOW
24867479,1,0.6426351,1,YELLOW
24867481,0,0.5328282,1,YELLOW
24867482,1,0.5124605,1,YELLOW
24867483,0,0.5901091,1,YELLOW
24867484,0,0.7223089,1,YELLOW
24867487,0,0.64497817,1,YELLOW
24867489,0,0.64613247,1,YELLOW
24867490,0,0.59094405,1,YELLOW
24867491,1,0.75038946,1,RED
24867492,0,0.393196,1,GREEN
24867495,0,0.74616516,1,RED
24867503,0,0.4052079,1,GREEN
24867504,0,0.6402546,1,YELLOW
24867506,0,0.5220474,1,YELLOW
24867507,0,0.43713441,1,GREEN
24867508,0,0.5802541,1,YELLOW
24867509,0,0.636112,1,YELLOW
24867510,0,0.673055,1,YELLOW
24867513,0,0.5813625,1,YELLOW
24867514,0,0.39882997,1,GREEN
24867517,0,0.6860675,1,YELLOW
24867518,0,0.69381416,1,YELLOW
24867520,0,0.64906985,1,YELLOW
24867524,0,0.6138674,1,YELLOW
24867525,0,0.5220007,1,YELLOW
24867529,1,0.694146,1,YELLOW
24867530,0,0.5418896,1,YELLOW
24867531,1,0.694146,1,YELLOW
24867532,0,0.576536,1,YELLOW
24867536,0,0.7585392,1,RED
24867538,0,0.7752869,1,RED
24867541,0,0.84437513,1,RED
24868287,0,0.66761076,1,YELLOW
24871326,0,0.5337049,1,YELLOW
24871329,0,0.46514812,1,YELLOW
24978536,1,0.7631568,1,RED
25076018,0,0.71803033,1,YELLOW
25077533,1,0.8349843,1,RED
25195407,0,0.56840056,1,YELLOW
25749169,0,0.75049424,1,RED
26849671,0,0.49837607,1,YELLOW
43834282,0,0.63511646,1,YELLOW
44151582,0,0.42525044,1,GREEN
45055378,0,0.5726466,1,YELLOW
45105092,0,0.67053306,1,YELLOW
46224595,0,0.73278517,1,YELLOW
52946033,0,0.7141156,1,YELLOW
52994022,0,0.67208433,1,YELLOW
53398649,0,0.58610797,1,YELLOW
54676538,0,0.6408253,1,YELLOW
54676905,0,0.3514946,1,GREEN
54679302,0,0.72280097,1,YELLOW
54680691,0,0.6734866,1,YELLOW
54680693,1,0.7886058,1,RED
54685921,0,0.26696825,1,GREEN
54688689,0,0.7036721,1,YELLOW
54724367,0,0.74660623,1,RED
54741845,0,0.68746424,1,YELLOW
54741847,0,0.57795805,1,YELLOW
57331769,0,0.28956062,1,GREEN
57333099,0,0.6356277,1,YELLOW
57336515,0,0.60937685,1,YELLOW
57507834,0,0.57933074,1,YELLOW
60196259,0,0.59988356,1,YELLOW
60196262,0,0.74760914,1,RED
60196264,0,0.8028756,1,RED
60196265,0,0.5584581,1,YELLOW
60196271,1,0.8056613,1,RED
60196272,0,0.54017663,1,YELLOW
60196274,0,0.6546556,1,YELLOW
60196276,0,0.7781908,1,RED
60196278,0,0.78962237,1,RED
60196279,1,0.7397702,1,YELLOW
60196281,0,0.6327039,1,YELLOW
60196282,0,0.6738094,1,YELLOW
60196284,0,0.6547383,1,YELLOW
60196285,0,0.8236419,1,RED
60196286,0,0.39518565,1,GREEN
60196287,0,0.62055933,1,YELLOW
60196291,0,0.8570405,1,RED
60196293,1,0.54265976,1,YELLOW
60196297,0,0.5557177,1,YELLOW
60196298,0,0.5621895,1,YELLOW
60196300,0,0.42099535,1,GREEN
60196302,0,0.5355052,1,YELLOW
60196303,0,0.71755195,1,YELLOW
60196306,0,0.27402857,1,GREEN
60196309,0,0.78991234,1,RED
71586979,0,0.45593476,1,YELLOW
73265188,0,0.78407085,1,RED
73265202,0,0.6165029,1,YELLOW
73265244,0,0.4627556,1,YELLOW
73265246,0,0.55058885,1,YELLOW
73265251,0,0.7007659,1,YELLOW
73265253,0,0.47127634,1,YELLOW
73265265,0,0.57353556,1,YELLOW
73265298,0,0.5433811,1,YELLOW
73265394,0,0.53805023,1,YELLOW
73265400,0,0.5277311,1,YELLOW
73896879,0,0.4966824,1,YELLOW
92044441,0,0.81854117,1,RED
135398508,0,0.48062688,1,YELLOW
135398743,0,0.551355,1,YELLOW
135403829,0,0.26427385,1,GREEN
135413505,0,0.56836945,1,YELLOW
135413520,0,0.6319948,1,YELLOW
135413534,0,0.61959594,1,YELLOW
135418296,0,0.5653845,1,YELLOW
135419184,1,0.54548997,1,YELLOW
135419190,1,0.35374945,1,GREEN
135445749,0,0.5579399,1,YELLOW
135449328,1,0.4189279,1,GREEN
135484644,0,0.5920186,1,YELLOW
135484645,0,0.54028636,1,YELLOW
135524783,0,0.5015369,1,YELLOW
135705561,0,0.42981106,1,GREEN
135802074,0,0.63546383,1,YELLOW
135818273,0,0.46381605,1,YELLOW
136122663,0,0.5679751,1,YELLOW
138394061,1,0.3759303,1,GREEN
155819421,0,0.5593416,1,YELLOW
166642339,1,0.7491688,1,RED
