cluster_id,size,pos,neg,fold
0,27,0,27,0
1,26,0,26,1
2,15,0,15,2
3,15,0,15,3
4,6,0,6,1
5,13,0,13,4
6,5,0,5,2
7,12,0,12,4
8,12,0,12,2
9,11,0,11,3
10,11,0,11,4
11,11,3,8,1
12,10,0,10,1
13,2,0,2,3
14,10,0,10,1
15,10,0,10,1
16,9,0,9,1
17,9,5,4,3
18,3,0,3,4
19,9,0,9,1
20,2,0,2,2
21,8,0,8,3
22,8,2,6,3
23,8,0,8,3
24,1,0,1,1
25,1,0,1,0
26,3,0,3,1
27,7,0,7,3
28,1,0,1,4
29,7,0,7,3
30,7,2,5,1
31,2,0,2,0
32,7,2,5,3
33,7,0,7,3
34,7,0,7,3
35,6,1,5,1
36,6,0,6,1
37,6,0,6,3
38,2,0,2,4
39,6,0,6,3
40,4,0,4,4
41,6,0,6,3
42,5,0,5,0
43,6,1,5,3
44,6,0,6,1
45,6,2,4,1
46,6,1,5,1
47,6,0,6,3
48,3,1,2,0
49,4,1,3,0
50,6,1,5,3
51,6,0,6,1
52,5,2,3,2
53,5,0,5,0
54,2,0,2,1
55,5,0,5,0
56,5,1,4,0
57,5,0,5,3
58,5,3,2,0
59,1,0,1,3
60,5,0,5,0
61,4,0,4,4
62,5,0,5,0
63,2,0,2,3
64,5,3,2,2
65,5,0,5,2
66,5,0,5,2
67,5,0,5,2
68,3,0,3,3
69,5,0,5,2
70,4,1,3,4
71,4,0,4,4
72,2,0,2,2
73,2,0,2,0
74,4,0,4,4
75,4,1,3,4
76,4,0,4,4
77,4,0,4,4
78,2,0,2,4
79,4,0,4,4
80,4,0,4,4
81,4,0,4,4
82,4,0,4,4
83,4,0,4,4
84,4,0,4,2
85,1,1,0,2
86,4,1,3,4
87,4,1,3,0
88,1,0,1,1
89,4,2,2,2
90,3,0,3,4
91,4,0,4,0
92,4,0,4,4
93,4,0,4,2
94,4,2,2,0
95,3,1,2,1
96,4,0,4,2
97,4,1,3,0
98,4,0,4,2
99,4,0,4,0
100,3,0,3,0
101,4,1,3,2
102,4,1,3,0
103,2,0,2,3
104,3,2,1,3
105,4,1,3,2
106,4,2,2,2
107,4,1,3,0
108,4,0,4,0
109,2,1,1,2
110,4,0,4,2
111,4,0,4,0
112,4,0,4,2
113,4,1,3,0
114,4,0,4,2
115,4,0,4,0
116,1,0,1,0
117,4,0,4,2
118,4,0,4,0
119,4,0,4,2
120,4,1,3,0
121,4,4,0,4
122,4,1,3,4
123,3,0,3,2
124,3,0,3,3
125,3,0,3,4
126,3,0,3,0
127,1,0,1,3
128,1,0,1,0
129,3,0,3,2
130,1,0,1,2
131,3,0,3,3
132,3,0,3,2
133,3,1,2,4
134,3,0,3,1
135,3,0,3,0
136,3,0,3,3
137,3,0,3,2
138,1,0,1,1
139,1,0,1,0
140,3,0,3,4
141,3,0,3,1
142,3,0,3,0
143,3,0,3,3
144,3,0,3,2
145,1,0,1,4
146,3,0,3,1
147,3,0,3,4
148,3,0,3,3
149,3,0,3,3
150,3,1,2,2
151,3,0,3,1
152,2,0,2,2
153,3,2,1,0
154,3,2,1,1
155,3,0,3,4
156,3,0,3,1
157,3,0,3,0
158,2,0,2,0
159,3,0,3,0
160,3,0,3,3
161,3,1,2,2
162,3,0,3,4
163,3,1,2,1
164,3,0,3,0
165,3,0,3,3
166,3,0,3,4
167,3,1,2,2
168,3,0,3,2
169,3,0,3,2
170,3,0,3,4
171,3,0,3,2
172,3,3,0,0
173,3,0,3,2
174,3,1,2,1
175,3,0,3,4
176,3,0,3,4
177,1,0,1,3
178,3,0,3,2
179,3,0,3,2
180,3,0,3,4
181,3,1,2,2
182,3,0,3,2
183,3,0,3,4
184,3,0,3,4
185,3,0,3,0
186,3,0,3,4
187,3,0,3,2
188,3,0,3,4
189,1,0,1,2
190,1,0,1,1
191,3,1,2,0
192,3,0,3,3
193,3,0,3,0
194,3,0,3,4
195,3,0,3,1
196,3,0,3,2
197,3,3,0,3
198,3,0,3,1
199,3,0,3,0
200,2,0,2,4
201,3,0,3,4
202,3,0,3,0
203,3,1,2,0
204,3,0,3,4
205,2,0,2,1
206,1,0,1,2
207,3,0,3,2
208,3,0,3,4
209,3,0,3,4
210,3,1,2,4
211,3,0,3,0
212,3,0,3,2
213,3,2,1,2
214,3,0,3,0
215,3,0,3,0
216,3,0,3,1
217,3,0,3,1
218,3,0,3,4
219,3,0,3,2
220,3,0,3,3
221,3,0,3,0
222,3,0,3,1
223,3,0,3,0
224,3,0,3,1
225,3,0,3,4
226,3,1,2,3
227,3,1,2,0
228,3,0,3,1
229,3,1,2,4
230,3,2,1,2
231,3,0,3,3
232,2,0,2,3
233,3,0,3,2
234,3,0,3,3
235,3,0,3,3
236,3,0,3,4
237,3,0,3,4
238,3,0,3,2
239,3,0,3,3
240,3,1,2,0
241,3,1,2,1
242,3,0,3,4
243,3,0,3,2
244,3,1,2,3
245,3,2,1,0
246,3,0,3,1
247,3,0,3,4
248,3,1,2,2
249,3,1,2,3
250,3,0,3,0
251,3,0,3,1
252,1,0,1,4
253,2,0,2,2
254,2,0,2,0
255,2,0,2,4
256,2,0,2,1
257,2,0,2,3
258,1,1,0,3
259,2,1,1,4
260,2,0,2,1
261,2,1,1,0
262,2,0,2,4
263,2,0,2,4
264,2,0,2,1
265,1,0,1,4
266,1,0,1,1
267,2,0,2,3
268,2,1,1,2
269,2,1,1,0
270,2,1,1,4
271,2,1,1,1
272,2,1,1,3
273,2,0,2,2
274,2,0,2,0
275,2,0,2,1
276,2,1,1,3
277,2,1,1,3
278,2,0,2,2
279,2,0,2,0
280,2,0,2,4
281,2,0,2,1
282,2,2,0,2
283,2,1,1,3
284,2,1,1,2
285,2,0,2,0
286,2,0,2,4
287,1,0,1,0
288,2,0,2,1
289,2,0,2,2
290,2,0,2,0
291,2,0,2,4
292,2,0,2,1
293,2,0,2,2
294,1,0,1,4
295,2,0,2,0
296,2,0,2,4
297,2,0,2,1
298,2,0,2,3
299,2,0,2,2
300,2,0,2,0
301,2,0,2,4
302,2,0,2,1
303,1,0,1,3
304,1,0,1,2
305,2,0,2,3
306,2,0,2,2
307,1,0,1,1
308,2,0,2,0
309,2,0,2,4
310,2,2,0,1
311,2,2,0,3
312,2,1,1,2
313,2,1,1,0
314,2,0,2,4
315,2,0,2,1
316,2,0,2,3
317,2,1,1,2
318,2,0,2,0
319,2,2,0,4
320,2,0,2,3
321,2,2,0,1
322,2,0,2,4
323,2,1,1,3
324,2,0,2,3
325,2,0,2,2
326,2,2,0,0
327,2,2,0,4
328,2,1,1,1
329,2,2,0,3
330,2,1,1,2
331,2,1,1,0
332,2,0,2,4
333,2,0,2,1
334,2,1,1,2
335,2,0,2,0
336,2,1,1,0
337,2,0,2,4
338,2,0,2,1
339,2,1,1,3
340,2,0,2,2
341,2,0,2,0
342,2,0,2,4
343,2,0,2,1
344,2,0,2,3
345,2,0,2,2
346,2,0,2,0
347,2,2,0,1
348,2,0,2,3
349,2,0,2,0
350,1,0,1,0
351,2,0,2,0
352,2,0,2,4
353,2,0,2,1
354,1,0,1,3
355,2,0,2,3
356,2,1,1,2
357,1,0,1,0
358,2,1,1,0
359,2,1,1,4
360,2,0,2,1
361,2,0,2,3
362,2,2,0,2
363,2,0,2,4
364,2,0,2,1
365,2,0,2,1
366,2,0,2,3
367,2,0,2,2
368,2,0,2,0
369,2,0,2,1
370,2,0,2,3
371,2,0,2,2
372,2,0,2,0
373,2,0,2,4
374,2,0,2,2
375,2,0,2,0
376,2,0,2,2
377,2,0,2,4
378,2,0,2,1
379,2,1,1,4
380,2,0,2,2
381,2,0,2,4
382,2,0,2,1
383,2,0,2,1
384,2,0,2,0
385,2,0,2,3
386,2,0,2,3
387,2,1,1,0
388,2,0,2,4
389,2,0,2,3
390,2,0,2,3
391,2,0,2,0
392,2,0,2,4
393,2,0,2,1
394,2,0,2,3
395,2,0,2,2
396,2,2,0,0
397,2,1,1,4
398,2,0,2,1
399,2,1,1,2
400,2,0,2,3
401,2,0,2,2
402,2,0,2,0
403,2,1,1,4
404,2,0,2,1
405,2,0,2,3
406,2,0,2,0
407,1,0,1,2
408,2,0,2,4
409,2,0,2,1
410,2,0,2,3
411,2,0,2,2
412,2,0,2,0
413,2,1,1,4
414,2,0,2,0
415,1,0,1,1
416,1,0,1,0
417,2,0,2,1
418,2,0,2,2
419,2,0,2,1
420,2,0,2,4
421,2,0,2,1
422,1,0,1,4
423,2,0,2,3
424,2,0,2,2
425,1,0,1,3
426,2,0,2,4
427,2,0,2,1
428,2,0,2,3
429,2,0,2,2
430,2,0,2,0
431,2,0,2,4
432,2,0,2,2
433,2,1,1,0
434,2,0,2,4
435,2,0,2,3
436,1,0,1,2
437,2,0,2,2
438,2,0,2,3
439,2,0,2,1
440,2,0,2,4
441,2,0,2,3
442,2,1,1,1
443,2,0,2,0
444,1,0,1,1
445,2,1,1,2
446,2,1,1,1
447,2,1,1,3
448,2,0,2,3
449,2,1,1,0
450,2,1,1,0
451,2,0,2,4
452,2,1,1,1
453,2,2,0,3
454,2,0,2,2
455,2,2,0,0
456,2,0,2,4
457,2,2,0,1
458,2,0,2,3
459,2,0,2,2
460,2,0,2,0
461,2,0,2,4
462,2,0,2,1
463,2,0,2,3
464,2,0,2,2
465,2,0,2,0
466,2,1,1,4
467,2,0,2,1
468,2,0,2,3
469,2,0,2,2
470,2,0,2,0
471,2,0,2,4
472,2,0,2,1
473,2,0,2,3
474,2,0,2,2
475,2,0,2,2
476,2,0,2,0
477,2,1,1,3
478,2,0,2,4
479,2,0,2,4
480,2,0,2,1
481,2,1,1,3
482,1,0,1,4
483,2,0,2,2
484,1,0,1,3
485,2,0,2,1
486,2,0,2,4
487,2,1,1,1
488,2,0,2,3
489,2,0,2,2
490,1,1,0,4
491,2,0,2,0
492,2,0,2,4
493,2,1,1,1
494,2,1,1,3
495,2,0,2,2
496,2,0,2,0
497,2,0,2,4
498,2,1,1,1
499,2,0,2,3
500,2,0,2,2
501,2,0,2,0
502,2,0,2,4
503,2,0,2,1
504,2,1,1,3
505,2,0,2,2
506,2,2,0,0
507,2,0,2,1
508,2,0,2,4
509,2,0,2,1
510,2,0,2,3
511,2,0,2,1
512,2,0,2,4
513,2,0,2,1
514,2,0,2,0
515,2,1,1,3
516,2,0,2,0
517,2,0,2,2
518,2,0,2,2
519,2,0,2,4
520,2,0,2,1
521,2,0,2,3
522,2,0,2,0
523,2,0,2,4
524,2,0,2,3
525,2,0,2,2
526,2,0,2,1
527,2,0,2,3
528,2,1,1,1
529,2,0,2,4
530,2,0,2,0
531,2,0,2,0
532,2,0,2,3
533,2,0,2,4
534,2,0,2,0
535,1,0,1,2
536,2,0,2,2
537,2,0,2,2
538,2,1,1,0
539,2,0,2,2
540,2,0,2,2
541,2,0,2,0
542,2,0,2,4
543,2,0,2,1
544,2,1,1,2
545,2,0,2,0
546,2,0,2,4
547,2,0,2,1
548,1,0,1,1
549,2,0,2,3
550,2,0,2,2
551,2,0,2,0
552,2,0,2,4
553,2,1,1,2
554,2,0,2,0
555,2,0,2,4
556,2,0,2,0
557,2,0,2,4
558,2,0,2,1
559,2,1,1,3
560,2,0,2,3
561,2,0,2,1
562,2,1,1,2
563,2,0,2,3
564,2,0,2,1
565,2,0,2,3
566,2,0,2,4
567,2,0,2,0
568,2,0,2,0
569,2,0,2,3
570,2,0,2,2
571,2,0,2,2
572,2,0,2,0
573,2,0,2,4
574,2,0,2,1
575,2,0,2,3
576,1,0,1,0
577,1,0,1,4
578,2,0,2,2
579,2,0,2,0
580,2,0,2,4
581,2,0,2,1
582,2,1,1,3
583,2,1,1,2
584,2,0,2,0
585,2,2,0,4
586,2,1,1,1
587,2,0,2,3
588,2,1,1,2
589,2,0,2,0
590,2,1,1,4
591,2,0,2,1
592,2,0,2,3
593,2,1,1,2
594,2,0,2,2
595,2,0,2,0
596,2,1,1,4
597,2,0,2,1
598,2,0,2,3
599,2,0,2,3
600,2,0,2,1
601,2,0,2,4
602,2,0,2,1
603,2,0,2,4
604,2,0,2,1
605,2,0,2,3
606,2,0,2,2
607,2,0,2,0
608,1,0,1,3
609,1,0,1,2
610,2,0,2,4
611,2,0,2,1
612,2,1,1,3
613,2,2,0,2
614,2,2,0,0
615,2,0,2,4
616,2,0,2,3
617,2,0,2,0
618,2,0,2,2
619,2,1,1,0
620,2,0,2,4
621,2,0,2,1
622,2,1,1,3
623,1,0,1,1
624,2,1,1,2
625,2,0,2,0
626,2,1,1,4
627,2,1,1,1
628,2,0,2,3
629,2,0,2,2
630,2,1,1,2
631,2,0,2,0
632,2,1,1,4
633,2,1,1,1
634,2,1,1,1
635,2,0,2,3
636,2,0,2,2
637,2,0,2,0
638,2,0,2,4
639,2,0,2,1
640,2,2,0,2
641,1,0,1,0
642,2,0,2,3
643,2,0,2,2
644,2,0,2,0
645,2,0,2,4
646,2,0,2,1
647,2,1,1,3
648,2,0,2,2
649,2,1,1,0
650,2,0,2,4
651,2,0,2,1
652,2,0,2,3
653,2,0,2,2
654,2,1,1,0
655,1,1,0,3
656,2,0,2,4
657,2,2,0,1
658,2,0,2,2
659,2,0,2,2
660,2,0,2,0
661,2,0,2,4
662,2,0,2,2
663,2,0,2,0
664,2,0,2,1
665,2,0,2,4
666,2,0,2,3
667,2,0,2,1
668,2,1,1,3
669,2,0,2,1
670,2,1,1,4
671,2,1,1,0
672,2,0,2,2
673,2,0,2,1
674,2,2,0,4
675,2,0,2,0
676,2,0,2,3
677,2,0,2,1
678,2,0,2,4
679,2,0,2,0
680,2,0,2,2
681,2,0,2,3
682,2,0,2,3
683,2,0,2,0
684,2,2,0,1
685,2,0,2,4
686,1,1,0,0
687,2,1,1,4
688,2,0,2,0
689,2,1,1,2
690,2,2,0,3
691,1,0,1,2
692,1,1,0,1
693,1,0,1,0
694,1,0,1,4
695,1,0,1,3
696,1,0,1,2
697,1,0,1,1
698,1,0,1,2
699,1,0,1,4
700,1,0,1,3
701,1,0,1,4
702,1,0,1,1
703,1,0,1,0
704,1,0,1,4
705,1,0,1,3
706,1,0,1,2
707,1,1,0,1
708,1,0,1,0
709,1,1,0,3
710,1,0,1,0
711,1,0,1,2
712,1,0,1,1
713,1,0,1,0
714,1,0,1,4
715,1,0,1,3
716,1,0,1,2
717,1,1,0,1
718,1,0,1,2
719,1,0,1,4
720,1,0,1,3
721,1,0,1,4
722,1,0,1,1
723,1,0,1,0
724,1,0,1,4
725,1,0,1,3
726,1,0,1,2
727,1,0,1,1
728,1,0,1,0
729,1,0,1,3
730,1,0,1,0
731,1,0,1,2
732,1,1,0,1
733,1,0,1,0
734,1,0,1,4
735,1,0,1,3
736,1,1,0,2
737,1,0,1,1
738,1,1,0,2
739,1,0,1,4
740,1,0,1,3
741,1,0,1,4
742,1,0,1,1
743,1,0,1,0
744,1,0,1,4
745,1,0,1,3
746,1,0,1,2
747,1,1,0,1
748,1,0,1,0
749,1,0,1,3
750,1,0,1,0
751,1,0,1,2
752,1,0,1,1
753,1,0,1,0
754,1,1,0,4
755,1,1,0,3
756,1,0,1,2
757,1,0,1,1
758,1,1,0,4
759,1,1,0,3
760,1,0,1,4
761,1,0,1,2
762,1,0,1,1
763,1,0,1,0
764,1,0,1,4
765,1,0,1,3
766,1,0,1,2
767,1,0,1,1
768,1,1,0,0
769,1,1,0,3
770,1,0,1,0
771,1,0,1,2
772,1,0,1,1
773,1,0,1,0
774,1,0,1,4
775,1,0,1,3
776,1,0,1,2
777,1,0,1,1
778,1,1,0,2
779,1,0,1,4
780,1,1,0,3
781,1,0,1,4
782,1,1,0,1
783,1,1,0,0
784,1,0,1,4
785,1,0,1,3
786,1,0,1,2
787,1,1,0,1
788,1,0,1,0
789,1,0,1,3
790,1,0,1,0
791,1,0,1,2
792,1,0,1,1
793,1,1,0,0
794,1,1,0,4
795,1,0,1,3
796,1,0,1,2
797,1,0,1,1
798,1,0,1,4
799,1,0,1,3
800,1,0,1,4
801,1,0,1,2
802,1,0,1,1
803,1,0,1,0
804,1,0,1,4
805,1,0,1,3
806,1,0,1,2
807,1,0,1,1
808,1,0,1,0
809,1,0,1,3
810,1,0,1,0
811,1,0,1,2
812,1,0,1,1
813,1,0,1,0
814,1,0,1,4
815,1,0,1,3
816,1,0,1,2
817,1,0,1,1
818,1,0,1,2
819,1,0,1,4
820,1,0,1,3
821,1,0,1,4
822,1,0,1,1
823,1,0,1,0
824,1,0,1,4
825,1,1,0,3
826,1,1,0,2
827,1,1,0,1
828,1,0,1,0
829,1,1,0,3
830,1,0,1,0
831,1,0,1,2
832,1,1,0,1
833,1,0,1,0
834,1,0,1,4
835,1,0,1,3
836,1,0,1,2
837,1,0,1,1
838,1,1,0,4
839,1,0,1,3
840,1,0,1,4
841,1,0,1,2
842,1,0,1,1
843,1,0,1,0
844,1,1,0,4
845,1,0,1,3
846,1,0,1,2
847,1,0,1,1
848,1,0,1,0
849,1,0,1,3
850,1,0,1,0
851,1,0,1,2
852,1,1,0,1
853,1,0,1,0
854,1,0,1,4
855,1,1,0,3
856,1,0,1,2
857,1,0,1,1
858,1,0,1,2
859,1,0,1,4
860,1,1,0,3
861,1,0,1,4
862,1,1,0,1
863,1,0,1,0
864,1,0,1,4
865,1,0,1,3
866,1,1,0,2
867,1,0,1,1
868,1,0,1,0
869,1,0,1,3
870,1,0,1,0
871,1,0,1,2
872,1,0,1,1
873,1,0,1,0
874,1,0,1,4
875,1,0,1,3
876,1,0,1,2
877,1,1,0,1
878,1,0,1,2
879,1,0,1,4
880,1,0,1,3
881,1,0,1,4
882,1,0,1,1
883,1,0,1,0
884,1,0,1,4
885,1,0,1,3
886,1,1,0,2
887,1,1,0,1
888,1,0,1,0
889,1,0,1,3
890,1,0,1,0
891,1,0,1,2
892,1,0,1,1
893,1,0,1,0
894,1,0,1,4
895,1,0,1,3
896,1,0,1,2
897,1,0,1,1
898,1,0,1,2
899,1,0,1,4
900,1,0,1,3
901,1,0,1,4
902,1,0,1,1
903,1,1,0,0
904,1,0,1,4
905,1,0,1,3
906,1,0,1,2
907,1,1,0,1
908,1,0,1,0
909,1,0,1,3
910,1,0,1,0
911,1,0,1,2
912,1,0,1,1
913,1,0,1,0
914,1,0,1,4
915,1,0,1,3
916,1,0,1,2
917,1,0,1,1
918,1,0,1,4
919,1,0,1,3
920,1,0,1,4
921,1,0,1,2
922,1,1,0,1
923,1,0,1,0
924,1,0,1,4
925,1,0,1,3
926,1,0,1,2
927,1,0,1,1
928,1,0,1,0
929,1,0,1,3
930,1,1,0,0
931,1,1,0,2
932,1,0,1,1
933,1,0,1,0
934,1,0,1,4
935,1,0,1,3
936,1,1,0,2
937,1,0,1,1
938,1,0,1,2
939,1,1,0,4
940,1,0,1,3
941,1,1,0,4
942,1,0,1,1
943,1,0,1,0
944,1,0,1,4
945,1,0,1,3
946,1,1,0,2
947,1,0,1,1
948,1,0,1,0
949,1,0,1,3
950,1,0,1,0
951,1,0,1,2
952,1,0,1,1
953,1,0,1,0
954,1,0,1,4
955,1,0,1,3
956,1,0,1,2
957,1,0,1,1
958,1,0,1,2
959,1,0,1,3
960,1,0,1,4
961,1,0,1,4
962,1,0,1,1
963,1,0,1,0
964,1,0,1,4
965,1,0,1,3
966,1,0,1,2
967,1,0,1,1
968,1,0,1,0
969,1,0,1,3
970,1,0,1,0
971,1,0,1,2
972,1,0,1,1
973,1,0,1,0
974,1,0,1,4
975,1,0,1,3
976,1,0,1,2
977,1,0,1,1
978,1,1,0,2
979,1,0,1,4
980,1,0,1,3
981,1,0,1,4
982,1,0,1,1
983,1,0,1,0
984,1,0,1,4
985,1,0,1,3
986,1,0,1,2
987,1,0,1,1
988,1,0,1,0
989,1,0,1,3
990,1,0,1,0
991,1,0,1,2
992,1,0,1,1
993,1,0,1,0
994,1,0,1,4
995,1,0,1,3
996,1,0,1,2
997,1,0,1,1
998,1,0,1,4
999,1,0,1,3
1000,1,0,1,4
1001,1,1,0,2
1002,1,0,1,1
1003,1,1,0,0
1004,1,0,1,4
1005,1,0,1,3
1006,1,0,1,2
1007,1,0,1,1
1008,1,0,1,0
1009,1,0,1,3
1010,1,0,1,0
1011,1,0,1,2
1012,1,0,1,1
1013,1,0,1,0
1014,1,0,1,4
1015,1,1,0,3
1016,1,0,1,2
1017,1,0,1,1
1018,1,1,0,2
1019,1,0,1,4
1020,1,0,1,3
1021,1,0,1,4
1022,1,0,1,1
1023,1,0,1,0
1024,1,0,1,4
1025,1,0,1,3
1026,1,0,1,2
1027,1,0,1,1
1028,1,0,1,0
1029,1,0,1,3
1030,1,0,1,0
1031,1,0,1,2
1032,1,0,1,1
1033,1,1,0,0
1034,1,0,1,4
1035,1,0,1,3
1036,1,0,1,2
1037,1,0,1,1
1038,1,0,1,2
1039,1,0,1,3
1040,1,1,0,4
1041,1,0,1,4
1042,1,0,1,1
1043,1,0,1,0
1044,1,1,0,4
1045,1,0,1,3
1046,1,0,1,2
1047,1,0,1,1
1048,1,0,1,0
1049,1,0,1,3
1050,1,0,1,0
1051,1,0,1,2
1052,1,0,1,1
1053,1,0,1,0
1054,1,0,1,4
1055,1,0,1,3
1056,1,0,1,2
1057,1,1,0,1
1058,1,0,1,2
1059,1,0,1,3
1060,1,1,0,4
1061,1,0,1,0
1062,1,0,1,0
1063,1,0,1,4
1064,1,0,1,3
1065,1,1,0,2
1066,1,0,1,1
1067,1,0,1,0
1068,1,0,1,4
1069,1,0,1,3
1070,1,0,1,2
1071,1,0,1,1
1072,1,0,1,0
1073,1,1,0,4
1074,1,0,1,3
1075,1,0,1,2
1076,1,0,1,1
1077,1,1,0,4
1078,1,0,1,4
1079,1,0,1,3
1080,1,1,0,2
1081,1,0,1,1
1082,1,0,1,0
1083,1,0,1,4
1084,1,0,1,3
1085,1,0,1,2
1086,1,0,1,1
1087,1,0,1,0
1088,1,0,1,3
1089,1,0,1,0
1090,1,0,1,2
1091,1,1,0,1
1092,1,0,1,0
1093,1,0,1,4
1094,1,0,1,3
1095,1,0,1,2
1096,1,0,1,1
1097,1,0,1,2
1098,1,0,1,4
1099,1,0,1,3
1100,1,0,1,4
1101,1,0,1,1
1102,1,0,1,0
1103,1,0,1,4
1104,1,0,1,3
1105,1,0,1,2
1106,1,0,1,1
1107,1,0,1,0
1108,1,0,1,3
1109,1,0,1,0
1110,1,0,1,2
1111,1,1,0,1
1112,1,0,1,0
1113,1,0,1,4
1114,1,0,1,3
1115,1,1,0,2
1116,1,0,1,1
1117,1,0,1,4
1118,1,0,1,4
1119,1,0,1,3
1120,1,0,1,2
1121,1,0,1,1
1122,1,0,1,0
1123,1,0,1,4
1124,1,0,1,3
1125,1,0,1,2
1126,1,0,1,1
1127,1,0,1,0
1128,1,0,1,3
1129,1,0,1,0
1130,1,1,0,2
1131,1,0,1,1
1132,1,0,1,0
1133,1,0,1,4
1134,1,0,1,3
1135,1,0,1,2
1136,1,0,1,1
1137,1,0,1,2
1138,1,0,1,4
1139,1,0,1,3
1140,1,0,1,4
1141,1,1,0,1
1142,1,0,1,0
1143,1,0,1,4
1144,1,0,1,3
1145,1,0,1,2
1146,1,1,0,1
1147,1,0,1,0
1148,1,0,1,3
1149,1,1,0,0
1150,1,1,0,2
1151,1,1,0,1
1152,1,1,0,0
1153,1,0,1,4
1154,1,1,0,3
1155,1,0,1,2
1156,1,0,1,1
1157,1,1,0,4
1158,1,0,1,3
1159,1,1,0,4
1160,1,0,1,2
1161,1,1,0,1
1162,1,1,0,0
1163,1,0,1,4
1164,1,0,1,3
1165,1,0,1,2
1166,1,0,1,1
1167,1,0,1,0
1168,1,0,1,3
1169,1,0,1,0
1170,1,0,1,2
1171,1,1,0,1
1172,1,0,1,0
1173,1,0,1,4
1174,1,0,1,3
1175,1,0,1,2
1176,1,0,1,1
1177,1,0,1,2
1178,1,0,1,4
1179,1,1,0,3
1180,1,0,1,4
1181,1,0,1,1
1182,1,0,1,0
1183,1,0,1,4
1184,1,0,1,3
1185,1,0,1,2
1186,1,0,1,1
1187,1,0,1,0
1188,1,0,1,3
1189,1,1,0,0
1190,1,0,1,2
1191,1,0,1,1
1192,1,0,1,0
1193,1,1,0,4
1194,1,0,1,3
1195,1,0,1,2
1196,1,0,1,1
1197,1,0,1,2
1198,1,1,0,4
1199,1,0,1,3
1200,1,1,0,4
1201,1,0,1,1
1202,1,0,1,0
1203,1,0,1,4
1204,1,0,1,3
1205,1,0,1,2
1206,1,0,1,1
1207,1,0,1,0
1208,1,0,1,3
1209,1,0,1,0
1210,1,0,1,2
1211,1,0,1,1
1212,1,0,1,0
1213,1,0,1,4
1214,1,0,1,3
1215,1,0,1,2
1216,1,0,1,1
1217,1,0,1,2
1218,1,0,1,4
1219,1,0,1,3
1220,1,0,1,4
1221,1,1,0,1
1222,1,0,1,0
1223,1,0,1,4
1224,1,0,1,3
1225,1,0,1,2
1226,1,0,1,1
1227,1,1,0,0
1228,1,0,1,3
1229,1,0,1,0
1230,1,1,0,2
1231,1,0,1,1
1232,1,0,1,0
1233,1,0,1,4
1234,1,0,1,3
1235,1,0,1,2
1236,1,0,1,1
1237,1,0,1,4
1238,1,0,1,3
1239,1,0,1,4
1240,1,0,1,2
1241,1,0,1,1
1242,1,1,0,0
1243,1,0,1,4
1244,1,0,1,3
1245,1,0,1,2
1246,1,0,1,1
1247,1,0,1,0
1248,1,0,1,3
1249,1,1,0,0
1250,1,0,1,2
1251,1,0,1,1
1252,1,0,1,0
1253,1,0,1,4
1254,1,1,0,3
1255,1,0,1,2
1256,1,0,1,1
1257,1,0,1,2
1258,1,0,1,4
1259,1,0,1,3
1260,1,1,0,4
1261,1,0,1,1
1262,1,0,1,0
1263,1,0,1,4
1264,1,0,1,3
1265,1,0,1,2
1266,1,0,1,1
1267,1,0,1,0
1268,1,0,1,3
1269,1,0,1,0
1270,1,0,1,2
1271,1,0,1,1
1272,1,0,1,0
1273,1,0,1,4
1274,1,0,1,3
1275,1,0,1,2
1276,1,0,1,1
1277,1,0,1,4
1278,1,0,1,4
1279,1,0,1,3
1280,1,0,1,2
1281,1,1,0,1
1282,1,0,1,0
1283,1,0,1,4
1284,1,0,1,3
1285,1,0,1,2
1286,1,1,0,1
1287,1,0,1,0
1288,1,0,1,3
1289,1,0,1,0
1290,1,0,1,2
1291,1,0,1,1
1292,1,0,1,0
1293,1,1,0,4
1294,1,0,1,3
1295,1,0,1,2
1296,1,0,1,1
1297,1,0,1,2
1298,1,0,1,4
1299,1,0,1,3
1300,1,0,1,4
1301,1,0,1,1
1302,1,0,1,0
1303,1,0,1,4
1304,1,0,1,3
1305,1,0,1,2
1306,1,0,1,1
1307,1,0,1,0
1308,1,0,1,3
1309,1,0,1,0
1310,1,0,1,2
1311,1,1,0,1
1312,1,0,1,0
1313,1,0,1,4
1314,1,0,1,3
1315,1,0,1,2
1316,1,0,1,1
1317,1,0,1,4
1318,1,0,1,3
1319,1,0,1,4
1320,1,0,1,2
1321,1,0,1,1
1322,1,0,1,0
1323,1,0,1,4
1324,1,0,1,3
1325,1,1,0,2
1326,1,0,1,1
1327,1,0,1,0
1328,1,0,1,3
1329,1,0,1,0
1330,1,0,1,2
1331,1,0,1,1
1332,1,0,1,0
1333,1,0,1,4
1334,1,1,0,3
1335,1,0,1,2
1336,1,0,1,1
1337,1,0,1,2
1338,1,0,1,4
1339,1,0,1,3
1340,1,0,1,4
1341,1,0,1,1
1342,1,0,1,0
1343,1,1,0,4
1344,1,0,1,3
1345,1,0,1,2
1346,1,0,1,1
1347,1,0,1,0
1348,1,1,0,3
1349,1,0,1,0
1350,1,1,0,2
1351,1,1,0,1
1352,1,0,1,0
1353,1,0,1,4
1354,1,1,0,3
1355,1,0,1,2
1356,1,0,1,1
1357,1,0,1,2
1358,1,0,1,4
1359,1,0,1,3
1360,1,0,1,4
1361,1,0,1,1
1362,1,1,0,0
1363,1,0,1,4
1364,1,0,1,3
1365,1,0,1,2
1366,1,1,0,1
1367,1,0,1,0
1368,1,1,0,3
1369,1,0,1,0
1370,1,0,1,2
1371,1,0,1,1
1372,1,0,1,0
1373,1,0,1,4
1374,1,0,1,3
1375,1,1,0,2
1376,1,1,0,1
1377,1,0,1,2
1378,1,0,1,4
1379,1,1,0,3
1380,1,0,1,4
1381,1,0,1,1
1382,1,0,1,0
1383,1,0,1,4
1384,1,0,1,3
1385,1,0,1,2
1386,1,0,1,1
1387,1,1,0,0
1388,1,0,1,3
1389,1,0,1,0
1390,1,0,1,2
1391,1,0,1,1
1392,1,0,1,0
1393,1,0,1,4
1394,1,0,1,3
1395,1,0,1,2
1396,1,0,1,1
1397,1,0,1,4
1398,1,1,0,3
1399,1,0,1,4
1400,1,0,1,2
1401,1,1,0,1
1402,1,1,0,0
1403,1,0,1,4
1404,1,0,1,3
1405,1,0,1,2
1406,1,0,1,1
1407,1,0,1,0
1408,1,0,1,3
1409,1,0,1,0
1410,1,0,1,2
1411,1,0,1,1
1412,1,0,1,0
1413,1,0,1,4
1414,1,0,1,3
1415,1,0,1,2
1416,1,0,1,1
1417,1,0,1,2
1418,1,0,1,4
1419,1,0,1,3
1420,1,0,1,4
1421,1,0,1,1
1422,1,0,1,0
1423,1,0,1,4
1424,1,0,1,3
1425,1,0,1,2
1426,1,0,1,1
1427,1,0,1,0
1428,1,0,1,3
1429,1,0,1,0
1430,1,0,1,2
1431,1,1,0,1
1432,1,0,1,0
1433,1,0,1,4
1434,1,0,1,3
1435,1,0,1,2
1436,1,0,1,1
1437,1,0,1,4
1438,1,0,1,3
1439,1,0,1,4
1440,1,0,1,2
1441,1,0,1,1
1442,1,0,1,0
1443,1,1,0,4
1444,1,0,1,3
1445,1,0,1,2
1446,1,0,1,1
1447,1,0,1,0
1448,1,0,1,3
1449,1,0,1,0
1450,1,0,1,2
1451,1,1,0,1
1452,1,1,0,0
1453,1,0,1,4
1454,1,0,1,3
1455,1,1,0,2
1456,1,0,1,1
1457,1,0,1,2
1458,1,0,1,4
1459,1,0,1,3
1460,1,0,1,4
1461,1,0,1,1
1462,1,1,0,0
1463,1,0,1,4
1464,1,0,1,3
1465,1,0,1,2
1466,1,0,1,1
1467,1,0,1,0
1468,1,0,1,3
1469,1,0,1,0
1470,1,0,1,2
1471,1,0,1,1
1472,1,0,1,0
1473,1,1,0,4
1474,1,0,1,3
1475,1,0,1,2
1476,1,0,1,1
1477,1,0,1,4
1478,1,0,1,3
1479,1,0,1,4
1480,1,0,1,2
1481,1,0,1,1
1482,1,0,1,0
1483,1,0,1,4
1484,1,1,0,3
1485,1,0,1,2
1486,1,0,1,1
1487,1,0,1,0
1488,1,0,1,3
1489,1,0,1,0
1490,1,0,1,2
1491,1,0,1,1
1492,1,0,1,0
1493,1,0,1,4
1494,1,0,1,3
1495,1,0,1,2
1496,1,0,1,1
1497,1,0,1,2
1498,1,1,0,4
1499,1,0,1,3
1500,1,0,1,4
1501,1,0,1,1
1502,1,0,1,0
1503,1,0,1,4
1504,1,0,1,3
1505,1,0,1,2
1506,1,0,1,1
1507,1,0,1,0
1508,1,0,1,3
1509,1,1,0,0
1510,1,0,1,2
1511,1,0,1,1
1512,1,0,1,0
1513,1,0,1,4
1514,1,1,0,3
1515,1,0,1,2
1516,1,0,1,1
1517,1,1,0,2
1518,1,0,1,4
1519,1,0,1,3
1520,1,0,1,4
1521,1,0,1,1
1522,1,1,0,0
1523,1,0,1,4
1524,1,0,1,3
1525,1,0,1,2
1526,1,1,0,1
1527,1,0,1,0
1528,1,0,1,3
1529,1,0,1,0
1530,1,0,1,2
1531,1,0,1,1
1532,1,0,1,0
1533,1,0,1,4
1534,1,0,1,3
1535,1,0,1,2
1536,1,1,0,1
1537,1,0,1,2
1538,1,0,1,4
1539,1,1,0,3
1540,1,1,0,4
1541,1,0,1,1
1542,1,1,0,0
1543,1,0,1,4
1544,1,0,1,3
1545,1,0,1,2
1546,1,0,1,1
1547,1,0,1,0
1548,1,0,1,3
1549,1,0,1,0
1550,1,0,1,2
1551,1,0,1,1
1552,1,0,1,0
1553,1,0,1,4
1554,1,0,1,3
1555,1,0,1,2
1556,1,0,1,1
1557,1,0,1,4
1558,1,0,1,3
1559,1,0,1,4
1560,1,0,1,2
1561,1,0,1,1
1562,1,0,1,0
1563,1,0,1,4
1564,1,0,1,3
1565,1,0,1,2
1566,1,0,1,1
1567,1,0,1,0
1568,1,0,1,3
1569,1,0,1,0
1570,1,0,1,2
1571,1,0,1,1
1572,1,0,1,0
1573,1,0,1,4
1574,1,0,1,3
1575,1,0,1,2
1576,1,1,0,1
1577,1,0,1,2
1578,1,1,0,4
1579,1,0,1,3
1580,1,0,1,4
1581,1,0,1,1
1582,1,0,1,0
1583,1,0,1,4
1584,1,0,1,3
1585,1,1,0,2
1586,1,0,1,1
1587,1,0,1,0
1588,1,0,1,3
1589,1,0,1,0
1590,1,0,1,2
1591,1,0,1,1
1592,1,0,1,0
1593,1,0,1,4
1594,1,1,0,3
1595,1,0,1,2
1596,1,0,1,1
1597,1,0,1,2
1598,1,0,1,4
1599,1,1,0,3
1600,1,0,1,4
1601,1,0,1,1
1602,1,1,0,0
1603,1,1,0,4
1604,1,0,1,3
1605,1,0,1,2
1606,1,0,1,1
1607,1,0,1,0
1608,1,0,1,3
1609,1,0,1,0
1610,1,0,1,2
1611,1,0,1,1
1612,1,0,1,0
1613,1,0,1,4
1614,1,0,1,3
1615,1,0,1,2
1616,1,0,1,1
1617,1,0,1,2
1618,1,0,1,4
1619,1,0,1,3
1620,1,0,1,4
1621,1,0,1,1
1622,1,0,1,0
1623,1,1,0,4
1624,1,0,1,3
1625,1,0,1,2
1626,1,0,1,1
1627,1,0,1,0
1628,1,0,1,3
1629,1,0,1,0
1630,1,0,1,2
1631,1,0,1,1
1632,1,0,1,0
1633,1,1,0,4
1634,1,0,1,3
1635,1,0,1,2
1636,1,0,1,1
1637,1,0,1,4
1638,1,1,0,3
1639,1,1,0,4
1640,1,0,1,2
1641,1,0,1,1
1642,1,0,1,0
1643,1,0,1,4
1644,1,0,1,3
1645,1,0,1,2
1646,1,0,1,1
1647,1,0,1,0
1648,1,0,1,3
1649,1,0,1,0
1650,1,0,1,2
1651,1,0,1,1
1652,1,0,1,0
1653,1,0,1,4
1654,1,0,1,3
1655,1,0,1,2
1656,1,0,1,1
1657,1,1,0,2
1658,1,0,1,4
1659,1,0,1,3
1660,1,0,1,4
1661,1,0,1,1
1662,1,0,1,0
1663,1,0,1,4
1664,1,0,1,3
1665,1,0,1,2
1666,1,0,1,1
1667,1,0,1,0
1668,1,0,1,3
1669,1,0,1,0
1670,1,0,1,2
1671,1,1,0,1
1672,1,0,1,0
1673,1,0,1,4
1674,1,0,1,3
1675,1,0,1,2
1676,1,0,1,1
1677,1,0,1,2
1678,1,0,1,4
1679,1,0,1,3
1680,1,0,1,4
1681,1,0,1,1
1682,1,0,1,0
1683,1,0,1,4
1684,1,0,1,3
1685,1,0,1,2
1686,1,0,1,1
1687,1,0,1,0
1688,1,0,1,3
1689,1,0,1,0
1690,1,0,1,2
1691,1,1,0,1
1692,1,0,1,0
1693,1,0,1,4
1694,1,0,1,3
1695,1,0,1,2
1696,1,0,1,1
1697,1,0,1,2
1698,1,0,1,4
1699,1,0,1,3
1700,1,0,1,4
1701,1,0,1,1
1702,1,0,1,0
1703,1,0,1,4
1704,1,0,1,3
1705,1,0,1,2
1706,1,0,1,1
1707,1,0,1,0
1708,1,0,1,3
1709,1,0,1,0
1710,1,0,1,2
1711,1,0,1,1
1712,1,0,1,0
1713,1,0,1,4
1714,1,0,1,3
1715,1,0,1,2
1716,1,0,1,1
1717,1,0,1,4
1718,1,1,0,3
1719,1,0,1,4
1720,1,0,1,2
1721,1,0,1,1
1722,1,0,1,0
1723,1,0,1,4
1724,1,0,1,3
1725,1,0,1,2
1726,1,0,1,1
1727,1,0,1,0
1728,1,0,1,3
1729,1,0,1,0
1730,1,0,1,2
1731,1,0,1,1
1732,1,0,1,0
1733,1,0,1,4
1734,1,0,1,3
1735,1,0,1,2
1736,1,0,1,1
1737,1,1,0,2
1738,1,0,1,4
1739,1,0,1,3
1740,1,0,1,4
1741,1,0,1,1
1742,1,0,1,0
1743,1,0,1,4
1744,1,0,1,3
1745,1,0,1,2
1746,1,0,1,1
1747,1,0,1,0
1748,1,1,0,3
1749,1,0,1,0
1750,1,0,1,2
1751,1,1,0,1
1752,1,0,1,0
1753,1,1,0,4
1754,1,0,1,3
1755,1,1,0,2
1756,1,0,1,1
1757,1,0,1,4
1758,1,0,1,3
1759,1,0,1,4
1760,1,0,1,2
1761,1,0,1,1
1762,1,0,1,0
1763,1,0,1,4
1764,1,0,1,3
1765,1,0,1,2
1766,1,0,1,1
1767,1,0,1,0
1768,1,0,1,3
1769,1,0,1,0
1770,1,0,1,2
1771,1,0,1,1
1772,1,0,1,0
1773,1,0,1,4
1774,1,0,1,3
1775,1,0,1,2
1776,1,0,1,1
1777,1,0,1,2
1778,1,0,1,4
1779,1,0,1,3
1780,1,0,1,4
1781,1,0,1,1
1782,1,0,1,0
1783,1,0,1,4
1784,1,0,1,3
1785,1,0,1,2
1786,1,0,1,1
1787,1,0,1,0
1788,1,0,1,3
1789,1,0,1,0
1790,1,0,1,2
1791,1,0,1,1
1792,1,0,1,0
1793,1,0,1,4
1794,1,0,1,3
1795,1,0,1,2
1796,1,0,1,1
1797,1,0,1,4
1798,1,1,0,3
1799,1,0,1,4
1800,1,0,1,2
1801,1,0,1,1
1802,1,0,1,0
1803,1,0,1,4
1804,1,0,1,3
1805,1,0,1,2
1806,1,0,1,1
1807,1,0,1,0
1808,1,0,1,3
1809,1,0,1,0
1810,1,0,1,2
1811,1,0,1,1
1812,1,0,1,0
1813,1,0,1,4
1814,1,1,0,3
1815,1,0,1,2
1816,1,0,1,1
1817,1,0,1,2
1818,1,0,1,4
1819,1,0,1,3
1820,1,0,1,4
1821,1,0,1,1
1822,1,0,1,0
1823,1,0,1,4
1824,1,0,1,3
1825,1,0,1,2
1826,1,0,1,1
1827,1,0,1,0
1828,1,0,1,3
1829,1,0,1,0
1830,1,0,1,2
1831,1,0,1,1
1832,1,0,1,0
1833,1,0,1,4
1834,1,0,1,3
1835,1,0,1,2
1836,1,0,1,1
1837,1,0,1,2
1838,1,0,1,4
1839,1,0,1,3
1840,1,0,1,4
1841,1,0,1,1
1842,1,0,1,0
1843,1,0,1,4
1844,1,0,1,3
1845,1,0,1,2
1846,1,1,0,1
1847,1,0,1,0
1848,1,0,1,3
1849,1,0,1,0
1850,1,0,1,2
1851,1,0,1,1
1852,1,0,1,0
1853,1,1,0,4
1854,1,0,1,3
1855,1,0,1,2
1856,1,0,1,1
1857,1,0,1,2
1858,1,0,1,4
1859,1,0,1,3
1860,1,0,1,4
1861,1,0,1,1
1862,1,0,1,0
1863,1,0,1,4
1864,1,0,1,3
1865,1,0,1,2
1866,1,0,1,1
1867,1,0,1,0
1868,1,0,1,3
1869,1,0,1,0
1870,1,0,1,2
1871,1,0,1,1
1872,1,0,1,0
1873,1,0,1,4
1874,1,0,1,3
1875,1,1,0,2
1876,1,0,1,1
1877,1,0,1,4
1878,1,0,1,3
1879,1,0,1,4
1880,1,0,1,2
1881,1,0,1,1
1882,1,0,1,0
1883,1,0,1,4
1884,1,0,1,3
1885,1,0,1,2
1886,1,0,1,1
1887,1,0,1,0
1888,1,0,1,3
1889,1,0,1,0
1890,1,0,1,2
1891,1,0,1,1
1892,1,0,1,0
1893,1,0,1,4
1894,1,0,1,3
1895,1,0,1,2
1896,1,0,1,1
1897,1,0,1,2
1898,1,0,1,4
1899,1,1,0,3
1900,1,0,1,4
1901,1,0,1,1
1902,1,0,1,0
1903,1,0,1,4
1904,1,0,1,3
1905,1,0,1,2
1906,1,0,1,1
1907,1,0,1,0
1908,1,0,1,3
1909,1,0,1,0
1910,1,0,1,2
1911,1,0,1,1
1912,1,0,1,0
1913,1,0,1,4
1914,1,0,1,3
1915,1,1,0,2
1916,1,1,0,1
1917,1,0,1,1
1918,1,0,1,4
1919,1,0,1,2
1920,1,1,0,3
1921,1,0,1,0
1922,1,0,1,4
1923,1,0,1,3
1924,1,0,1,2
1925,1,0,1,1
1926,1,0,1,0
1927,1,0,1,4
1928,1,0,1,2
1929,1,0,1,4
1930,1,0,1,1
1931,1,0,1,0
1932,1,0,1,4
1933,1,0,1,3
1934,1,0,1,2
1935,1,0,1,1
1936,1,0,1,0
1937,1,0,1,1
1938,1,0,1,3
1939,1,0,1,2
1940,1,0,1,3
1941,1,0,1,0
1942,1,0,1,4
1943,1,0,1,3
1944,1,0,1,2
1945,1,0,1,1
1946,1,0,1,0
1947,1,0,1,4
1948,1,0,1,2
1949,1,0,1,4
1950,1,0,1,1
1951,1,0,1,0
1952,1,0,1,4
1953,1,0,1,3
1954,1,0,1,2
1955,1,0,1,1
1956,1,1,0,0
1957,1,0,1,3
1958,1,0,1,2
1959,1,0,1,3
1960,1,0,1,1
1961,1,0,1,0
1962,1,0,1,4
1963,1,0,1,3
1964,1,0,1,2
1965,1,0,1,1
1966,1,0,1,0
1967,1,0,1,4
1968,1,0,1,2
1969,1,0,1,4
1970,1,0,1,1
1971,1,0,1,0
1972,1,0,1,4
1973,1,0,1,3
1974,1,0,1,2
1975,1,0,1,1
1976,1,0,1,0
1977,1,0,1,1
1978,1,0,1,3
1979,1,0,1,2
1980,1,0,1,3
1981,1,0,1,0
1982,1,0,1,4
1983,1,0,1,3
1984,1,0,1,2
1985,1,0,1,1
1986,1,0,1,0
1987,1,0,1,4
1988,1,0,1,2
1989,1,1,0,4
1990,1,0,1,1
1991,1,0,1,0
1992,1,0,1,4
1993,1,0,1,3
1994,1,0,1,2
1995,1,0,1,1
1996,1,0,1,0
1997,1,0,1,1
1998,1,0,1,3
1999,1,0,1,2
2000,1,0,1,3
2001,1,1,0,0
2002,1,0,1,4
2003,1,0,1,3
2004,1,0,1,2
2005,1,0,1,1
2006,1,0,1,0
2007,1,1,0,4
2008,1,0,1,2
2009,1,1,0,4
2010,1,0,1,1
2011,1,0,1,0
2012,1,0,1,4
2013,1,0,1,3
2014,1,0,1,2
2015,1,0,1,1
2016,1,0,1,0
2017,1,0,1,1
2018,1,0,1,3
2019,1,0,1,2
2020,1,0,1,3
2021,1,0,1,0
2022,1,0,1,4
2023,1,0,1,3
2024,1,0,1,2
2025,1,0,1,1
2026,1,0,1,0
2027,1,0,1,4
2028,1,0,1,2
2029,1,0,1,4
2030,1,0,1,1
2031,1,0,1,0
2032,1,0,1,4
2033,1,0,1,3
2034,1,0,1,2
2035,1,0,1,1
2036,1,0,1,0
2037,1,0,1,3
2038,1,0,1,2
2039,1,0,1,3
2040,1,0,1,1
2041,1,0,1,0
2042,1,0,1,4
2043,1,0,1,3
2044,1,0,1,2
2045,1,0,1,1
2046,1,1,0,0
2047,1,1,0,4
2048,1,0,1,2
2049,1,1,0,4
2050,1,0,1,1
2051,1,0,1,0
2052,1,1,0,4
2053,1,0,1,3
2054,1,0,1,2
2055,1,0,1,1
2056,1,0,1,0
2057,1,0,1,1
2058,1,0,1,3
2059,1,0,1,2
2060,1,0,1,3
2061,1,0,1,0
2062,1,1,0,4
2063,1,0,1,3
2064,1,0,1,2
2065,1,0,1,1
2066,1,0,1,0
2067,1,0,1,4
2068,1,0,1,2
2069,1,0,1,4
2070,1,0,1,1
2071,1,1,0,0
2072,1,1,0,4
2073,1,0,1,3
2074,1,0,1,2
2075,1,0,1,1
2076,1,0,1,0
2077,1,0,1,3
2078,1,0,1,2
2079,1,0,1,3
2080,1,0,1,1
2081,1,0,1,0
2082,1,0,1,4
2083,1,0,1,3
2084,1,0,1,2
2085,1,0,1,1
2086,1,0,1,0
2087,1,0,1,4
2088,1,0,1,2
2089,1,0,1,4
2090,1,0,1,1
2091,1,0,1,0
2092,1,0,1,4
2093,1,0,1,3
2094,1,0,1,2
2095,1,0,1,1
2096,1,0,1,0
2097,1,0,1,1
2098,1,0,1,3
2099,1,0,1,2
2100,1,0,1,3
2101,1,0,1,0
2102,1,0,1,4
2103,1,1,0,3
2104,1,0,1,2
2105,1,0,1,1
2106,1,0,1,0
2107,1,0,1,4
2108,1,0,1,2
2109,1,0,1,4
2110,1,0,1,1
2111,1,0,1,0
2112,1,0,1,4
2113,1,0,1,3
2114,1,0,1,2
2115,1,0,1,1
2116,1,0,1,0
2117,1,0,1,3
2118,1,0,1,2
2119,1,0,1,3
2120,1,0,1,1
2121,1,0,1,0
2122,1,0,1,4
2123,1,0,1,3
2124,1,0,1,2
2125,1,0,1,1
2126,1,0,1,0
2127,1,0,1,4
2128,1,0,1,2
2129,1,0,1,4
2130,1,0,1,1
2131,1,0,1,0
2132,1,0,1,4
2133,1,0,1,3
2134,1,0,1,2
2135,1,0,1,1
2136,1,0,1,0
2137,1,1,0,1
2138,1,0,1,3
2139,1,0,1,2
2140,1,0,1,3
2141,1,0,1,0
2142,1,0,1,4
2143,1,0,1,3
2144,1,0,1,2
2145,1,1,0,1
2146,1,0,1,0
2147,1,0,1,4
2148,1,0,1,2
2149,1,0,1,4
2150,1,0,1,1
2151,1,0,1,0
2152,1,0,1,4
2153,1,0,1,3
2154,1,0,1,2
2155,1,0,1,1
2156,1,0,1,0
2157,1,0,1,1
2158,1,0,1,3
2159,1,0,1,2
2160,1,0,1,3
2161,1,0,1,0
2162,1,0,1,4
2163,1,0,1,3
2164,1,0,1,2
2165,1,1,0,1
2166,1,0,1,0
2167,1,0,1,4
2168,1,0,1,2
2169,1,0,1,4
2170,1,0,1,1
2171,1,0,1,0
2172,1,0,1,4
2173,1,0,1,3
2174,1,0,1,2
2175,1,0,1,1
2176,1,1,0,0
2177,1,0,1,1
2178,1,0,1,3
2179,1,1,0,2
2180,1,0,1,3
2181,1,0,1,0
2182,1,0,1,4
2183,1,0,1,3
2184,1,0,1,2
2185,1,0,1,1
2186,1,0,1,0
2187,1,1,0,4
2188,1,0,1,2
2189,1,0,1,4
2190,1,0,1,1
2191,1,0,1,0
2192,1,0,1,4
2193,1,0,1,3
2194,1,0,1,2
2195,1,0,1,1
2196,1,0,1,0
2197,1,0,1,3
2198,1,0,1,2
2199,1,0,1,3
2200,1,0,1,1
2201,1,0,1,0
2202,1,0,1,4
2203,1,0,1,3
2204,1,0,1,2
2205,1,0,1,1
2206,1,0,1,0
2207,1,0,1,4
2208,1,0,1,2
2209,1,0,1,4
2210,1,0,1,1
2211,1,0,1,0
2212,1,0,1,4
2213,1,0,1,3
2214,1,0,1,2
2215,1,0,1,1
2216,1,0,1,0
2217,1,0,1,1
2218,1,0,1,3
2219,1,0,1,2
2220,1,0,1,3
2221,1,0,1,0
2222,1,0,1,4
2223,1,0,1,3
2224,1,0,1,2
2225,1,0,1,1
2226,1,0,1,0
2227,1,0,1,4
2228,1,0,1,2
2229,1,0,1,4
2230,1,0,1,1
2231,1,0,1,0
2232,1,0,1,4
2233,1,0,1,3
2234,1,0,1,2
2235,1,0,1,1
2236,1,0,1,0
2237,1,0,1,1
2238,1,0,1,2
2239,1,1,0,3
2240,1,0,1,3
2241,1,0,1,0
2242,1,1,0,4
2243,1,1,0,3
2244,1,0,1,2
2245,1,0,1,1
2246,1,0,1,0
2247,1,0,1,4
2248,1,0,1,2
2249,1,0,1,4
2250,1,0,1,1
2251,1,0,1,0
2252,1,0,1,4
2253,1,0,1,3
2254,1,0,1,2
2255,1,0,1,1
2256,1,0,1,0
2257,1,0,1,1
2258,1,0,1,3
2259,1,0,1,2
2260,1,0,1,3
2261,1,0,1,0
2262,1,0,1,4
2263,1,0,1,3
2264,1,0,1,2
2265,1,0,1,1
2266,1,1,0,0
2267,1,0,1,4
2268,1,0,1,2
2269,1,0,1,4
2270,1,0,1,1
2271,1,0,1,0
2272,1,0,1,4
2273,1,0,1,3
2274,1,0,1,2
2275,1,0,1,1
2276,1,0,1,0
2277,1,0,1,3
2278,1,0,1,2
2279,1,0,1,3
2280,1,0,1,1
2281,1,0,1,0
2282,1,0,1,4
2283,1,0,1,3
2284,1,0,1,2
2285,1,0,1,1
2286,1,0,1,0
2287,1,0,1,4
2288,1,0,1,2
2289,1,0,1,4
2290,1,0,1,1
2291,1,1,0,0
2292,1,0,1,4
2293,1,0,1,3
2294,1,0,1,2
2295,1,0,1,1
2296,1,0,1,0
2297,1,0,1,1
2298,1,0,1,3
2299,1,0,1,2
2300,1,0,1,3
2301,1,0,1,0
2302,1,0,1,4
2303,1,0,1,3
2304,1,0,1,2
2305,1,0,1,1
2306,1,0,1,0
2307,1,0,1,4
2308,1,0,1,2
2309,1,0,1,4
2310,1,0,1,1
2311,1,0,1,0
2312,1,0,1,4
2313,1,0,1,3
2314,1,0,1,2
2315,1,1,0,1
2316,1,0,1,0
2317,1,0,1,1
2318,1,0,1,2
2319,1,0,1,3
2320,1,0,1,3
2321,1,1,0,0
2322,1,1,0,4
2323,1,1,0,3
2324,1,0,1,2
2325,1,0,1,1
2326,1,1,0,0
2327,1,0,1,4
2328,1,0,1,2
2329,1,0,1,4
2330,1,0,1,1
2331,1,0,1,0
2332,1,0,1,4
2333,1,0,1,3
2334,1,0,1,2
2335,1,0,1,1
2336,1,0,1,0
2337,1,0,1,1
2338,1,0,1,2
2339,1,0,1,3
2340,1,0,1,4
2341,1,0,1,4
2342,1,0,1,3
2343,1,0,1,2
2344,1,0,1,1
2345,1,0,1,0
2346,1,1,0,4
2347,1,1,0,3
2348,1,0,1,2
2349,1,0,1,1
2350,1,0,1,0
2351,1,0,1,4
2352,1,0,1,3
2353,1,0,1,2
2354,1,0,1,1
2355,1,0,1,0
2356,1,0,1,3
2357,1,0,1,3
2358,1,0,1,2
2359,1,1,0,1
2360,1,0,1,0
2361,1,0,1,4
2362,1,0,1,3
2363,1,0,1,2
2364,1,0,1,1
2365,1,0,1,0
2366,1,0,1,4
2367,1,0,1,2
2368,1,0,1,4
2369,1,0,1,1
2370,1,0,1,0
2371,1,0,1,4
2372,1,0,1,3
2373,1,0,1,2
2374,1,1,0,1
2375,1,1,0,0
2376,1,0,1,1
2377,1,0,1,3
2378,1,0,1,2
2379,1,0,1,3
2380,1,0,1,0
2381,1,0,1,4
2382,1,0,1,3
2383,1,0,1,2
2384,1,0,1,1
2385,1,0,1,0
2386,1,1,0,4
2387,1,0,1,2
2388,1,0,1,4
2389,1,1,0,1
2390,1,0,1,0
2391,1,0,1,4
2392,1,0,1,3
2393,1,0,1,2
2394,1,1,0,1
2395,1,0,1,0
2396,1,0,1,3
2397,1,0,1,3
2398,1,0,1,2
2399,1,0,1,1
2400,1,0,1,0
2401,1,0,1,4
2402,1,0,1,3
2403,1,0,1,2
2404,1,0,1,1
2405,1,0,1,0
2406,1,0,1,4
2407,1,0,1,2
2408,1,0,1,4
2409,1,0,1,1
2410,1,0,1,0
2411,1,0,1,4
2412,1,0,1,3
2413,1,0,1,2
2414,1,0,1,1
2415,1,0,1,0
2416,1,0,1,1
2417,1,0,1,3
2418,1,0,1,2
2419,1,0,1,3
2420,1,0,1,0
2421,1,1,0,4
2422,1,0,1,3
2423,1,0,1,2
2424,1,0,1,1
2425,1,0,1,0
2426,1,0,1,4
2427,1,0,1,2
2428,1,0,1,4
2429,1,0,1,1
2430,1,0,1,0
2431,1,0,1,4
2432,1,0,1,3
2433,1,0,1,2
2434,1,0,1,1
2435,1,0,1,0
2436,1,1,0,3
2437,1,0,1,2
2438,1,0,1,3
2439,1,0,1,1
2440,1,0,1,0
2441,1,1,0,4
2442,1,0,1,3
2443,1,0,1,2
2444,1,0,1,1
2445,1,0,1,0
2446,1,1,0,4
2447,1,0,1,2
2448,1,0,1,4
2449,1,0,1,1
2450,1,0,1,0
2451,1,0,1,4
2452,1,0,1,3
2453,1,0,1,2
2454,1,0,1,1
2455,1,0,1,0
2456,1,0,1,1
2457,1,0,1,3
2458,1,0,1,2
2459,1,1,0,3
2460,1,0,1,0
2461,1,0,1,4
2462,1,0,1,3
2463,1,0,1,2
2464,1,0,1,1
2465,1,1,0,0
2466,1,0,1,4
2467,1,0,1,2
2468,1,1,0,4
2469,1,1,0,1
2470,1,0,1,0
2471,1,1,0,4
2472,1,0,1,3
2473,1,0,1,2
2474,1,1,0,1
2475,1,0,1,0
2476,1,0,1,1
2477,1,0,1,3
2478,1,0,1,2
2479,1,0,1,3
2480,1,0,1,0
2481,1,0,1,4
2482,1,0,1,3
2483,1,0,1,2
2484,1,0,1,1
2485,1,0,1,0
2486,1,0,1,4
2487,1,0,1,2
2488,1,0,1,4
2489,1,0,1,1
2490,1,0,1,0
2491,1,0,1,4
2492,1,0,1,3
2493,1,0,1,2
2494,1,0,1,1
2495,1,0,1,0
2496,1,0,1,1
2497,1,0,1,3
2498,1,0,1,2
2499,1,0,1,3
2500,1,0,1,0
2501,1,0,1,4
2502,1,0,1,3
2503,1,0,1,2
2504,1,0,1,1
2505,1,0,1,0
2506,1,0,1,4
2507,1,0,1,2
2508,1,0,1,4
2509,1,0,1,1
2510,1,0,1,0
2511,1,0,1,4
2512,1,0,1,3
2513,1,0,1,2
2514,1,0,1,1
2515,1,0,1,0
2516,1,0,1,3
2517,1,0,1,2
2518,1,0,1,3
2519,1,0,1,1
2520,1,1,0,0
2521,1,0,1,4
2522,1,0,1,3
2523,1,0,1,2
2524,1,0,1,1
2525,1,0,1,0
2526,1,0,1,4
2527,1,0,1,2
2528,1,1,0,4
2529,1,1,0,1
2530,1,0,1,0
2531,1,0,1,4
2532,1,0,1,3
2533,1,0,1,2
2534,1,0,1,1
2535,1,0,1,0
2536,1,0,1,1
2537,1,0,1,3
2538,1,0,1,2
2539,1,0,1,3
2540,1,0,1,0
2541,1,0,1,4
2542,1,0,1,3
2543,1,0,1,2
2544,1,0,1,1
2545,1,0,1,0
2546,1,0,1,4
2547,1,0,1,2
2548,1,0,1,4
2549,1,0,1,1
2550,1,0,1,0
2551,1,0,1,4
2552,1,0,1,3
2553,1,1,0,2
2554,1,0,1,1
2555,1,0,1,0
2556,1,0,1,3
2557,1,0,1,3
2558,1,0,1,2
2559,1,0,1,1
2560,1,0,1,0
2561,1,0,1,4
2562,1,0,1,3
2563,1,0,1,2
2564,1,0,1,1
2565,1,0,1,0
2566,1,0,1,4
2567,1,1,0,2
2568,1,0,1,4
2569,1,0,1,1
2570,1,0,1,0
2571,1,0,1,4
2572,1,0,1,3
2573,1,0,1,2
2574,1,0,1,1
2575,1,0,1,0
2576,1,0,1,1
2577,1,0,1,3
2578,1,0,1,2
2579,1,0,1,3
2580,1,0,1,0
2581,1,0,1,4
2582,1,0,1,3
2583,1,0,1,2
2584,1,0,1,1
2585,1,0,1,0
2586,1,0,1,4
2587,1,0,1,2
2588,1,0,1,4
2589,1,0,1,1
2590,1,0,1,0
2591,1,1,0,4
2592,1,0,1,3
2593,1,0,1,2
2594,1,0,1,1
2595,1,0,1,0
2596,1,0,1,3
2597,1,0,1,2
2598,1,0,1,3
2599,1,0,1,1
2600,1,0,1,0
2601,1,0,1,4
2602,1,0,1,3
2603,1,1,0,2
2604,1,0,1,1
2605,1,0,1,0
2606,1,0,1,4
2607,1,0,1,2
2608,1,0,1,4
2609,1,0,1,1
2610,1,0,1,0
2611,1,0,1,4
2612,1,0,1,3
2613,1,1,0,2
2614,1,0,1,1
2615,1,1,0,0
2616,1,0,1,1
2617,1,0,1,3
2618,1,0,1,2
2619,1,0,1,3
2620,1,0,1,0
2621,1,1,0,4
2622,1,0,1,3
2623,1,1,0,2
2624,1,0,1,1
2625,1,0,1,0
2626,1,0,1,4
2627,1,0,1,2
2628,1,0,1,4
2629,1,0,1,1
2630,1,0,1,0
2631,1,0,1,4
2632,1,0,1,3
2633,1,0,1,2
2634,1,0,1,1
2635,1,0,1,0
2636,1,0,1,1
2637,1,0,1,3
2638,1,0,1,2
2639,1,0,1,3
2640,1,0,1,0
2641,1,0,1,4
2642,1,0,1,3
2643,1,0,1,2
2644,1,0,1,1
2645,1,0,1,0
2646,1,1,0,4
2647,1,0,1,2
2648,1,0,1,4
2649,1,0,1,1
2650,1,0,1,0
2651,1,0,1,4
2652,1,1,0,3
2653,1,0,1,2
2654,1,0,1,1
2655,1,0,1,0
2656,1,0,1,1
2657,1,0,1,3
2658,1,1,0,2
2659,1,0,1,3
2660,1,0,1,0
2661,1,1,0,4
2662,1,0,1,3
2663,1,0,1,2
2664,1,0,1,1
2665,1,0,1,0
2666,1,0,1,4
2667,1,0,1,2
2668,1,1,0,4
2669,1,0,1,1
2670,1,0,1,0
2671,1,0,1,4
2672,1,0,1,3
2673,1,0,1,2
2674,1,0,1,1
2675,1,0,1,0
2676,1,0,1,3
2677,1,0,1,2
2678,1,0,1,3
2679,1,0,1,1
2680,1,0,1,0
2681,1,0,1,4
2682,1,0,1,3
2683,1,1,0,2
2684,1,1,0,1
2685,1,0,1,0
2686,1,0,1,4
2687,1,0,1,2
2688,1,0,1,4
2689,1,0,1,1
2690,1,0,1,0
2691,1,0,1,4
2692,1,0,1,3
2693,1,0,1,2
2694,1,0,1,1
2695,1,0,1,0
2696,1,0,1,1
2697,1,0,1,3
2698,1,0,1,2
2699,1,0,1,3
2700,1,0,1,0
2701,1,0,1,4
2702,1,0,1,3
2703,1,0,1,2
2704,1,0,1,1
2705,1,0,1,0
2706,1,0,1,4
2707,1,0,1,2
2708,1,0,1,4
2709,1,1,0,1
2710,1,0,1,0
2711,1,0,1,4
2712,1,0,1,3
2713,1,0,1,2
2714,1,0,1,1
2715,1,0,1,0
2716,1,0,1,3
2717,1,0,1,2
2718,1,0,1,3
2719,1,0,1,1
2720,1,0,1,0
2721,1,0,1,4
2722,1,0,1,3
2723,1,0,1,2
2724,1,0,1,1
2725,1,0,1,0
2726,1,0,1,4
2727,1,0,1,2
2728,1,0,1,4
2729,1,0,1,1
2730,1,0,1,0
2731,1,0,1,4
2732,1,0,1,3
2733,1,0,1,2
2734,1,0,1,1
2735,1,0,1,0
2736,1,0,1,1
2737,1,1,0,3
2738,1,0,1,2
2739,1,0,1,3
2740,1,0,1,0
2741,1,0,1,4
2742,1,0,1,3
2743,1,0,1,2
2744,1,0,1,1
2745,1,0,1,0
2746,1,0,1,4
2747,1,0,1,2
2748,1,0,1,4
2749,1,0,1,1
2750,1,0,1,0
2751,1,0,1,4
2752,1,0,1,3
2753,1,0,1,2
2754,1,0,1,1
2755,1,0,1,0
2756,1,0,1,3
2757,1,0,1,2
2758,1,0,1,3
2759,1,1,0,1
2760,1,0,1,0
2761,1,1,0,4
2762,1,0,1,3
2763,1,0,1,2
2764,1,0,1,1
2765,1,0,1,0
2766,1,0,1,4
2767,1,0,1,2
2768,1,0,1,4
2769,1,0,1,1
2770,1,0,1,0
2771,1,0,1,4
2772,1,0,1,3
2773,1,0,1,2
2774,1,0,1,1
2775,1,0,1,0
2776,1,0,1,1
2777,1,0,1,3
2778,1,0,1,2
2779,1,0,1,3
2780,1,1,0,0
2781,1,0,1,4
2782,1,0,1,3
2783,1,0,1,2
2784,1,1,0,1
2785,1,0,1,0
2786,1,0,1,4
2787,1,0,1,2
2788,1,1,0,4
2789,1,0,1,1
2790,1,0,1,0
2791,1,0,1,4
2792,1,0,1,3
2793,1,0,1,2
2794,1,0,1,1
2795,1,0,1,0
2796,1,0,1,1
2797,1,1,0,3
2798,1,0,1,2
2799,1,0,1,3
2800,1,0,1,0
2801,1,0,1,4
2802,1,0,1,3
2803,1,0,1,2
2804,1,1,0,1
2805,1,0,1,0
2806,1,0,1,4
2807,1,0,1,2
2808,1,0,1,4
2809,1,0,1,1
2810,1,0,1,0
2811,1,0,1,4
2812,1,0,1,3
2813,1,0,1,2
2814,1,0,1,1
2815,1,0,1,0
2816,1,0,1,1
2817,1,0,1,3
2818,1,1,0,2
2819,1,0,1,3
2820,1,0,1,0
2821,1,0,1,4
2822,1,0,1,3
2823,1,0,1,2
2824,1,0,1,1
2825,1,0,1,0
2826,1,0,1,4
2827,1,0,1,2
2828,1,0,1,4
2829,1,0,1,1
2830,1,0,1,0
2831,1,0,1,4
2832,1,0,1,3
2833,1,0,1,2
2834,1,0,1,1
2835,1,0,1,0
2836,1,0,1,3
2837,1,0,1,2
2838,1,0,1,3
2839,1,0,1,1
2840,1,0,1,0
2841,1,0,1,4
2842,1,0,1,3
2843,1,0,1,2
2844,1,0,1,1
2845,1,0,1,0
2846,1,0,1,4
2847,1,0,1,2
2848,1,0,1,4
2849,1,0,1,1
2850,1,0,1,0
2851,1,1,0,4
2852,1,0,1,3
2853,1,0,1,2
2854,1,0,1,1
2855,1,0,1,0
2856,1,0,1,1
2857,1,0,1,3
2858,1,0,1,2
2859,1,0,1,3
2860,1,0,1,0
2861,1,0,1,4
2862,1,1,0,3
2863,1,0,1,2
2864,1,0,1,1
2865,1,0,1,0
2866,1,0,1,4
2867,1,0,1,2
2868,1,0,1,4
2869,1,1,0,1
2870,1,0,1,0
2871,1,0,1,4
2872,1,0,1,3
2873,1,0,1,2
2874,1,0,1,1
2875,1,0,1,0
2876,1,0,1,1
2877,1,0,1,3
2878,1,0,1,3
2879,1,0,1,2
2880,1,0,1,3
2881,1,0,1,0
2882,1,0,1,4
2883,1,0,1,3
2884,1,0,1,2
2885,1,0,1,1
2886,1,0,1,0
2887,1,0,1,4
2888,1,0,1,2
2889,1,0,1,4
2890,1,0,1,1
2891,1,1,0,0
2892,1,0,1,4
2893,1,1,0,3
2894,1,0,1,2
2895,1,0,1,1
2896,1,0,1,0
2897,1,0,1,1
2898,1,0,1,3
2899,1,1,0,2
2900,1,0,1,3
2901,1,0,1,0
2902,1,1,0,4
2903,1,0,1,3
2904,1,0,1,2
2905,1,0,1,1
2906,1,0,1,0
2907,1,0,1,4
2908,1,0,1,2
2909,1,0,1,4
2910,1,0,1,1
2911,1,0,1,0
2912,1,0,1,4
2913,1,0,1,3
2914,1,0,1,2
2915,1,0,1,1
2916,1,0,1,0
2917,1,0,1,3
2918,1,0,1,2
2919,1,1,0,3
2920,1,1,0,1
2921,1,0,1,0
2922,1,0,1,4
2923,1,1,0,3
2924,1,0,1,2
2925,1,0,1,1
2926,1,0,1,0
2927,1,0,1,4
2928,1,0,1,2
2929,1,0,1,4
2930,1,0,1,1
2931,1,0,1,0
2932,1,0,1,4
2933,1,0,1,3
2934,1,0,1,2
2935,1,0,1,1
2936,1,0,1,0
2937,1,1,0,1
2938,1,0,1,3
2939,1,0,1,2
2940,1,1,0,3
2941,1,0,1,0
2942,1,0,1,4
2943,1,0,1,3
2944,1,0,1,2
2945,1,0,1,1
2946,1,0,1,0
2947,1,0,1,4
2948,1,1,0,2
2949,1,0,1,4
2950,1,0,1,1
2951,1,0,1,0
2952,1,0,1,4
2953,1,0,1,3
2954,1,0,1,2
2955,1,0,1,1
2956,1,0,1,0
2957,1,0,1,1
2958,1,0,1,3
2959,1,0,1,2
2960,1,0,1,3
2961,1,0,1,0
2962,1,0,1,4
2963,1,0,1,3
2964,1,0,1,2
2965,1,0,1,1
2966,1,0,1,0
2967,1,0,1,4
2968,1,0,1,2
2969,1,0,1,4
2970,1,0,1,1
2971,1,0,1,0
2972,1,0,1,4
2973,1,0,1,3
2974,1,0,1,2
2975,1,0,1,1
2976,1,0,1,0
2977,1,0,1,1
2978,1,0,1,3
2979,1,0,1,2
2980,1,0,1,3
2981,1,0,1,0
2982,1,0,1,4
2983,1,0,1,3
2984,1,0,1,2
2985,1,0,1,1
2986,1,0,1,0
2987,1,0,1,4
2988,1,0,1,2
2989,1,0,1,4
2990,1,1,0,1
2991,1,0,1,0
2992,1,0,1,4
2993,1,0,1,3
2994,1,0,1,2
2995,1,0,1,1
2996,1,0,1,0
2997,1,0,1,3
2998,1,0,1,2
2999,1,0,1,3
3000,1,0,1,1
3001,1,1,0,0
3002,1,0,1,4
3003,1,0,1,3
3004,1,0,1,2
3005,1,1,0,1
3006,1,0,1,0
3007,1,0,1,4
3008,1,1,0,2
3009,1,0,1,4
3010,1,0,1,1
3011,1,0,1,0
3012,1,0,1,4
3013,1,0,1,3
3014,1,0,1,2
3015,1,0,1,1
3016,1,0,1,0
3017,1,0,1,1
3018,1,0,1,3
3019,1,0,1,2
3020,1,0,1,3
3021,1,0,1,0
3022,1,0,1,4
3023,1,0,1,3
3024,1,0,1,2
3025,1,0,1,1
3026,1,0,1,0
3027,1,0,1,4
3028,1,0,1,2
3029,1,0,1,4
3030,1,0,1,1
3031,1,0,1,0
3032,1,0,1,4
3033,1,0,1,3
3034,1,0,1,2
3035,1,0,1,1
3036,1,0,1,0
3037,1,0,1,3
3038,1,0,1,2
3039,1,0,1,3
3040,1,0,1,1
3041,1,0,1,0
3042,1,0,1,4
3043,1,0,1,3
3044,1,0,1,2
3045,1,0,1,1
3046,1,0,1,0
3047,1,0,1,4
3048,1,0,1,2
3049,1,0,1,4
3050,1,0,1,1
3051,1,0,1,0
3052,1,0,1,4
3053,1,0,1,3
3054,1,0,1,2
3055,1,0,1,1
3056,1,0,1,0
3057,1,0,1,1
3058,1,0,1,3
3059,1,0,1,2
3060,1,1,0,3
3061,1,1,0,0
3062,1,0,1,4
3063,1,0,1,3
3064,1,0,1,2
3065,1,0,1,1
3066,1,0,1,0
3067,1,0,1,4
3068,1,0,1,2
3069,1,0,1,4
3070,1,0,1,1
3071,1,0,1,0
3072,1,0,1,4
3073,1,0,1,3
3074,1,0,1,2
3075,1,0,1,1
3076,1,0,1,0
3077,1,0,1,3
3078,1,0,1,2
3079,1,0,1,3
3080,1,0,1,1
3081,1,0,1,0
3082,1,0,1,4
3083,1,0,1,3
3084,1,0,1,2
3085,1,0,1,1
3086,1,0,1,0
3087,1,0,1,4
3088,1,0,1,2
3089,1,0,1,4
3090,1,0,1,1
3091,1,0,1,0
3092,1,0,1,4
3093,1,0,1,3
3094,1,0,1,2
3095,1,0,1,1
3096,1,0,1,0
3097,1,0,1,1
3098,1,0,1,3
3099,1,0,1,2
3100,1,0,1,3
3101,1,0,1,0
3102,1,0,1,4
3103,1,0,1,3
3104,1,0,1,2
3105,1,0,1,1
3106,1,0,1,0
3107,1,0,1,4
3108,1,0,1,2
3109,1,0,1,4
3110,1,0,1,1
3111,1,0,1,0
3112,1,0,1,4
3113,1,0,1,3
3114,1,0,1,2
3115,1,0,1,1
3116,1,0,1,0
3117,1,1,0,1
3118,1,0,1,3
3119,1,0,1,2
3120,1,0,1,3
3121,1,1,0,0
3122,1,0,1,4
3123,1,0,1,3
3124,1,0,1,2
3125,1,0,1,1
3126,1,0,1,0
3127,1,0,1,4
3128,1,0,1,2
3129,1,0,1,4
3130,1,0,1,1
3131,1,0,1,0
3132,1,0,1,4
3133,1,0,1,3
3134,1,0,1,2
3135,1,0,1,1
3136,1,0,1,0
3137,1,0,1,1
3138,1,0,1,3
3139,1,0,1,2
3140,1,0,1,3
3141,1,0,1,0
3142,1,0,1,4
3143,1,0,1,3
3144,1,1,0,2
3145,1,0,1,1
3146,1,0,1,0
3147,1,0,1,4
3148,1,0,1,2
3149,1,0,1,4
3150,1,0,1,1
3151,1,0,1,0
3152,1,0,1,4
3153,1,0,1,3
3154,1,0,1,2
3155,1,0,1,1
3156,1,0,1,0
3157,1,0,1,3
3158,1,0,1,2
3159,1,0,1,3
3160,1,0,1,1
3161,1,0,1,0
3162,1,0,1,4
3163,1,0,1,3
3164,1,0,1,2
3165,1,0,1,1
3166,1,0,1,0
3167,1,0,1,4
3168,1,0,1,2
3169,1,0,1,4
3170,1,0,1,1
3171,1,0,1,0
3172,1,0,1,4
3173,1,0,1,3
3174,1,0,1,2
3175,1,0,1,1
3176,1,0,1,0
3177,1,0,1,1
3178,1,0,1,3
3179,1,0,1,2
3180,1,0,1,3
3181,1,0,1,0
3182,1,0,1,4
3183,1,0,1,3
3184,1,0,1,2
3185,1,0,1,1
3186,1,0,1,0
3187,1,0,1,4
3188,1,0,1,2
3189,1,0,1,4
3190,1,1,0,1
3191,1,1,0,0
3192,1,0,1,4
3193,1,1,0,3
3194,1,1,0,2
3195,1,0,1,1
3196,1,0,1,0
3197,1,0,1,3
3198,1,0,1,4
3199,1,1,0,4
3200,1,1,0,2
3201,1,1,0,3
3202,1,0,1,2
3203,1,0,1,1
3204,1,1,0,0
3205,1,1,0,4
3206,1,0,1,3
3207,1,0,1,2
3208,1,0,1,0
3209,1,0,1,2
3210,1,0,1,4
3211,1,0,1,3
3212,1,1,0,2
3213,1,0,1,1
3214,1,0,1,0
3215,1,0,1,4
3216,1,0,1,3
3217,1,0,1,4
3218,1,0,1,1
3219,1,0,1,0
3220,1,0,1,1
3221,1,0,1,3
3222,1,0,1,2
3223,1,0,1,1
3224,1,0,1,0
3225,1,0,1,4
3226,1,0,1,3
3227,1,1,0,2
3228,1,0,1,0
3229,1,0,1,2
3230,1,1,0,4
3231,1,0,1,3
3232,1,0,1,2
3233,1,1,0,1
3234,1,0,1,0
3235,1,0,1,4
3236,1,0,1,3
3237,1,1,0,1
3238,1,0,1,0
3239,1,0,1,1
3240,1,0,1,4
3241,1,0,1,3
3242,1,1,0,2
3243,1,0,1,1
3244,1,0,1,0
3245,1,0,1,4
3246,1,0,1,3
3247,1,0,1,2
3248,1,0,1,0
3249,1,0,1,2
3250,1,0,1,4
3251,1,0,1,3
3252,1,0,1,2
3253,1,0,1,1
3254,1,0,1,0
3255,1,0,1,4
3256,1,0,1,3
3257,1,0,1,4
3258,1,0,1,1
3259,1,0,1,0
3260,1,0,1,1
3261,1,0,1,3
3262,1,0,1,2
3263,1,0,1,1
3264,1,0,1,0
3265,1,0,1,4
3266,1,0,1,3
3267,1,0,1,2
3268,1,0,1,0
3269,1,0,1,2
3270,1,0,1,4
3271,1,0,1,3
3272,1,0,1,2
3273,1,0,1,1
3274,1,0,1,0
3275,1,0,1,4
3276,1,0,1,3
3277,1,0,1,4
3278,1,0,1,1
3279,1,0,1,0
3280,1,0,1,1
3281,1,0,1,3
3282,1,0,1,2
3283,1,0,1,1
3284,1,0,1,0
3285,1,0,1,4
3286,1,0,1,3
3287,1,0,1,2
3288,1,0,1,0
3289,1,0,1,2
3290,1,0,1,4
3291,1,0,1,3
3292,1,0,1,2
3293,1,0,1,1
3294,1,0,1,0
3295,1,0,1,4
3296,1,0,1,3
3297,1,0,1,4
3298,1,0,1,1
3299,1,1,0,0
3300,1,1,0,1
3301,1,0,1,3
3302,1,0,1,2
3303,1,1,0,1
3304,1,0,1,0
3305,1,1,0,4
3306,1,0,1,3
3307,1,0,1,2
3308,1,0,1,0
3309,1,1,0,2
3310,1,0,1,4
3311,1,0,1,3
3312,1,0,1,2
3313,1,0,1,1
3314,1,0,1,0
3315,1,1,0,4
3316,1,0,1,3
3317,1,0,1,1
3318,1,0,1,0
3319,1,0,1,1
3320,1,0,1,4
3321,1,0,1,3
3322,1,1,0,2
3323,1,0,1,1
3324,1,0,1,0
3325,1,0,1,4
3326,1,0,1,3
3327,1,0,1,2
3328,1,0,1,0
3329,1,0,1,2
3330,1,1,0,4
3331,1,0,1,3
3332,1,0,1,2
3333,1,0,1,1
3334,1,0,1,0
3335,1,0,1,4
3336,1,0,1,3
3337,1,0,1,4
3338,1,0,1,1
3339,1,0,1,0
3340,1,0,1,1
3341,1,0,1,3
3342,1,0,1,2
3343,1,0,1,1
3344,1,0,1,0
3345,1,0,1,4
3346,1,0,1,3
3347,1,0,1,2
3348,1,0,1,0
3349,1,0,1,2
3350,1,0,1,4
3351,1,0,1,3
3352,1,0,1,2
3353,1,0,1,1
3354,1,0,1,0
3355,1,0,1,4
3356,1,0,1,3
3357,1,0,1,1
3358,1,0,1,0
3359,1,0,1,1
3360,1,0,1,4
3361,1,0,1,3
3362,1,0,1,2
3363,1,0,1,1
3364,1,0,1,0
3365,1,0,1,4
3366,1,0,1,3
3367,1,0,1,2
3368,1,0,1,0
3369,1,0,1,2
3370,1,0,1,4
3371,1,0,1,3
3372,1,0,1,2
3373,1,0,1,1
3374,1,0,1,0
3375,1,0,1,4
3376,1,0,1,3
3377,1,0,1,4
3378,1,0,1,1
3379,1,0,1,0
3380,1,0,1,1
3381,1,0,1,3
3382,1,0,1,2
3383,1,0,1,1
3384,1,1,0,0
3385,1,0,1,4
3386,1,0,1,3
3387,1,0,1,2
3388,1,1,0,0
3389,1,0,1,2
3390,1,0,1,4
3391,1,0,1,3
3392,1,0,1,2
3393,1,0,1,1
3394,1,0,1,0
3395,1,0,1,4
3396,1,0,1,3
3397,1,0,1,1
3398,1,0,1,0
3399,1,0,1,1
3400,1,0,1,4
3401,1,0,1,3
3402,1,0,1,2
3403,1,0,1,1
3404,1,0,1,0
3405,1,0,1,4
3406,1,0,1,3
3407,1,0,1,2
3408,1,0,1,0
3409,1,0,1,2
3410,1,0,1,4
3411,1,0,1,3
3412,1,0,1,2
3413,1,0,1,1
3414,1,0,1,0
3415,1,0,1,4
3416,1,0,1,3
3417,1,0,1,4
3418,1,0,1,1
3419,1,0,1,0
3420,1,0,1,1
3421,1,0,1,3
3422,1,0,1,2
3423,1,0,1,1
3424,1,0,1,0
3425,1,0,1,4
3426,1,0,1,3
3427,1,0,1,2
3428,1,0,1,0
3429,1,0,1,2
3430,1,0,1,4
3431,1,0,1,3
3432,1,0,1,2
3433,1,0,1,1
3434,1,0,1,0
3435,1,0,1,4
3436,1,0,1,3
3437,1,1,0,4
3438,1,0,1,1
3439,1,0,1,0
3440,1,0,1,1
3441,1,0,1,3
3442,1,0,1,2
3443,1,0,1,1
3444,1,0,1,0
3445,1,1,0,4
3446,1,0,1,3
3447,1,1,0,2
3448,1,0,1,0
3449,1,0,1,2
3450,1,0,1,4
3451,1,0,1,3
3452,1,0,1,2
3453,1,0,1,1
3454,1,1,0,0
3455,1,0,1,4
3456,1,0,1,3
3457,1,0,1,4
3458,1,0,1,1
3459,1,0,1,0
3460,1,0,1,1
3461,1,0,1,3
3462,1,0,1,2
3463,1,1,0,1
3464,1,0,1,0
3465,1,0,1,4
3466,1,1,0,3
3467,1,0,1,2
3468,1,0,1,0
3469,1,0,1,2
3470,1,0,1,4
3471,1,0,1,3
3472,1,0,1,2
3473,1,0,1,1
3474,1,1,0,0
3475,1,0,1,4
3476,1,0,1,3
3477,1,0,1,1
3478,1,0,1,0
3479,1,0,1,1
3480,1,0,1,4
3481,1,0,1,3
3482,1,0,1,2
3483,1,1,0,1
3484,1,0,1,0
3485,1,0,1,4
3486,1,0,1,3
3487,1,0,1,2
3488,1,0,1,0
3489,1,0,1,2
3490,1,0,1,4
3491,1,0,1,3
3492,1,0,1,2
3493,1,0,1,1
3494,1,0,1,0
3495,1,0,1,4
3496,1,0,1,3
3497,1,0,1,4
3498,1,0,1,1
3499,1,0,1,0
3500,1,0,1,1
3501,1,0,1,3
3502,1,0,1,2
3503,1,0,1,1
3504,1,1,0,0
3505,1,0,1,4
3506,1,0,1,3
3507,1,0,1,2
3508,1,1,0,0
3509,1,0,1,2
3510,1,0,1,4
3511,1,0,1,3
3512,1,0,1,2
3513,1,0,1,1
3514,1,1,0,0
3515,1,0,1,4
3516,1,0,1,3
3517,1,0,1,4
3518,1,0,1,0
3519,1,0,1,1
3520,1,0,1,1
3521,1,0,1,3
3522,1,0,1,2
3523,1,0,1,1
3524,1,0,1,0
3525,1,0,1,4
3526,1,0,1,3
3527,1,1,0,2
3528,1,0,1,0
3529,1,0,1,2
3530,1,0,1,4
3531,1,0,1,3
3532,1,0,1,2
3533,1,1,0,1
3534,1,0,1,0
3535,1,0,1,4
3536,1,1,0,3
3537,1,0,1,4
3538,1,0,1,1
3539,1,0,1,0
3540,1,0,1,1
3541,1,0,1,3
3542,1,1,0,2
3543,1,0,1,1
3544,1,0,1,0
3545,1,0,1,4
3546,1,0,1,3
3547,1,0,1,2
3548,1,0,1,0
3549,1,0,1,2
3550,1,0,1,4
3551,1,0,1,3
3552,1,0,1,2
3553,1,0,1,1
3554,1,0,1,0
3555,1,0,1,4
3556,1,0,1,3
3557,1,0,1,1
3558,1,0,1,0
3559,1,1,0,1
3560,1,0,1,4
3561,1,0,1,3
3562,1,0,1,2
3563,1,0,1,1
3564,1,1,0,0
3565,1,0,1,4
3566,1,0,1,3
3567,1,1,0,2
3568,1,0,1,0
3569,1,0,1,2
3570,1,0,1,4
3571,1,0,1,3
3572,1,0,1,2
3573,1,0,1,1
3574,1,0,1,0
3575,1,0,1,4
3576,1,0,1,3
3577,1,0,1,4
3578,1,0,1,1
3579,1,0,1,0
3580,1,0,1,1
3581,1,0,1,3
3582,1,0,1,2
3583,1,0,1,1
3584,1,0,1,0
3585,1,0,1,4
3586,1,0,1,3
3587,1,0,1,2
3588,1,0,1,0
3589,1,0,1,2
3590,1,0,1,4
3591,1,0,1,3
3592,1,0,1,2
3593,1,0,1,1
3594,1,0,1,0
3595,1,0,1,4
3596,1,0,1,3
3597,1,0,1,4
3598,1,0,1,0
3599,1,0,1,1
3600,1,0,1,1
3601,1,0,1,3
3602,1,0,1,2
3603,1,0,1,1
3604,1,0,1,0
3605,1,0,1,4
3606,1,0,1,3
3607,1,0,1,2
3608,1,0,1,0
3609,1,0,1,2
3610,1,0,1,4
3611,1,0,1,3
3612,1,0,1,2
3613,1,0,1,1
3614,1,0,1,0
3615,1,0,1,4
3616,1,0,1,3
3617,1,0,1,4
3618,1,0,1,0
3619,1,0,1,1
3620,1,0,1,2
3621,1,0,1,2
3622,1,0,1,1
3623,1,0,1,0
3624,1,0,1,4
3625,1,0,1,3
3626,1,0,1,2
3627,1,0,1,1
3628,1,0,1,0
3629,1,0,1,4
3630,1,0,1,3
3631,1,0,1,2
3632,1,0,1,1
3633,1,0,1,0
3634,1,0,1,4
3635,1,0,1,3
3636,1,0,1,1
3637,1,0,1,1
3638,1,1,0,0
3639,1,0,1,4
3640,1,0,1,3
3641,1,0,1,2
3642,1,0,1,1
3643,1,0,1,0
3644,1,0,1,4
3645,1,0,1,3
3646,1,0,1,2
3647,1,0,1,0
3648,1,0,1,2
3649,1,0,1,4
3650,1,0,1,3
3651,1,0,1,2
3652,1,0,1,1
3653,1,0,1,0
3654,1,0,1,4
3655,1,0,1,3
3656,1,0,1,4
3657,1,0,1,1
3658,1,0,1,0
3659,1,0,1,1
3660,1,0,1,3
3661,1,0,1,2
3662,1,0,1,1
3663,1,0,1,0
3664,1,0,1,4
3665,1,0,1,3
3666,1,0,1,2
3667,1,0,1,0
3668,1,0,1,2
3669,1,0,1,4
3670,1,0,1,3
3671,1,0,1,2
3672,1,0,1,1
3673,1,0,1,0
3674,1,0,1,4
3675,1,0,1,3
3676,1,0,1,1
3677,1,0,1,1
3678,1,0,1,0
3679,1,0,1,4
3680,1,0,1,3
3681,1,0,1,2
3682,1,0,1,1
3683,1,0,1,0
3684,1,0,1,4
3685,1,0,1,3
3686,1,0,1,2
3687,1,0,1,0
3688,1,0,1,2
3689,1,0,1,4
3690,1,0,1,3
3691,1,0,1,2
3692,1,0,1,1
3693,1,0,1,0
3694,1,0,1,4
3695,1,0,1,3
3696,1,0,1,4
3697,1,0,1,1
3698,1,0,1,0
3699,1,0,1,1
3700,1,0,1,3
3701,1,0,1,2
3702,1,0,1,1
3703,1,0,1,0
3704,1,0,1,4
3705,1,0,1,3
3706,1,0,1,2
3707,1,0,1,0
3708,1,0,1,2
3709,1,0,1,4
3710,1,0,1,3
3711,1,0,1,2
3712,1,0,1,1
3713,1,0,1,0
3714,1,0,1,4
3715,1,0,1,3
3716,1,0,1,1
3717,1,1,0,0
3718,1,0,1,1
3719,1,1,0,4
3720,1,0,1,3
3721,1,0,1,2
3722,1,0,1,1
3723,1,0,1,0
3724,1,0,1,4
3725,1,0,1,3
3726,1,0,1,2
3727,1,0,1,0
3728,1,0,1,2
3729,1,0,1,4
3730,1,0,1,3
3731,1,0,1,2
3732,1,0,1,1
3733,1,0,1,0
3734,1,0,1,4
3735,1,0,1,3
3736,1,0,1,4
3737,1,0,1,1
3738,1,0,1,0
3739,1,0,1,1
3740,1,0,1,3
3741,1,0,1,2
3742,1,0,1,1
3743,1,0,1,0
3744,1,0,1,4
3745,1,0,1,3
3746,1,0,1,2
3747,1,1,0,0
3748,1,0,1,2
3749,1,0,1,4
3750,1,0,1,3
3751,1,0,1,2
3752,1,0,1,1
3753,1,0,1,0
3754,1,0,1,4
3755,1,0,1,3
3756,1,0,1,4
3757,1,0,1,1
3758,1,0,1,0
3759,1,0,1,1
3760,1,0,1,3
3761,1,0,1,2
3762,1,0,1,1
3763,1,0,1,0
3764,1,0,1,4
3765,1,0,1,3
3766,1,0,1,2
3767,1,0,1,0
3768,1,0,1,2
3769,1,0,1,4
3770,1,0,1,3
3771,1,0,1,2
3772,1,0,1,1
3773,1,0,1,0
3774,1,0,1,4
3775,1,0,1,3
3776,1,1,0,4
3777,1,0,1,1
3778,1,0,1,0
3779,1,0,1,1
3780,1,0,1,3
3781,1,0,1,2
3782,1,0,1,1
3783,1,0,1,0
3784,1,0,1,4
3785,1,0,1,3
3786,1,0,1,2
3787,1,1,0,0
3788,1,0,1,2
3789,1,0,1,4
3790,1,1,0,3
3791,1,1,0,2
3792,1,0,1,1
3793,1,0,1,0
3794,1,0,1,4
3795,1,0,1,3
3796,1,0,1,1
3797,1,0,1,0
3798,1,0,1,1
3799,1,0,1,4
3800,1,0,1,3
3801,1,0,1,2
3802,1,0,1,1
3803,1,0,1,0
3804,1,0,1,4
3805,1,0,1,3
3806,1,0,1,2
3807,1,0,1,0
3808,1,0,1,2
3809,1,0,1,4
3810,1,0,1,3
3811,1,0,1,2
3812,1,0,1,1
3813,1,0,1,0
3814,1,0,1,4
3815,1,0,1,3
3816,1,0,1,4
3817,1,0,1,1
3818,1,0,1,0
3819,1,0,1,1
3820,1,0,1,3
3821,1,0,1,2
3822,1,0,1,1
3823,1,0,1,0
3824,1,0,1,4
3825,1,0,1,3
3826,1,0,1,2
3827,1,0,1,0
3828,1,0,1,2
3829,1,1,0,4
3830,1,1,0,3
3831,1,0,1,2
3832,1,0,1,1
3833,1,0,1,0
3834,1,0,1,4
3835,1,0,1,3
3836,1,0,1,1
3837,1,0,1,1
3838,1,0,1,3
3839,1,0,1,4
3840,1,0,1,3
3841,1,0,1,2
3842,1,0,1,1
3843,1,0,1,0
3844,1,0,1,4
3845,1,1,0,3
3846,1,1,0,2
3847,1,1,0,0
3848,1,0,1,2
3849,1,0,1,4
3850,1,0,1,3
3851,1,0,1,2
3852,1,0,1,1
3853,1,0,1,0
3854,1,0,1,4
3855,1,0,1,3
3856,1,0,1,4
3857,1,0,1,1
3858,1,0,1,0
3859,1,0,1,1
3860,1,0,1,3
3861,1,0,1,2
3862,1,0,1,1
3863,1,0,1,0
3864,1,1,0,4
3865,1,0,1,3
3866,1,0,1,2
3867,1,0,1,0
3868,1,0,1,2
3869,1,0,1,4
3870,1,0,1,3
3871,1,0,1,2
3872,1,0,1,1
3873,1,0,1,0
3874,1,0,1,4
3875,1,0,1,3
3876,1,0,1,1
3877,1,1,0,0
3878,1,0,1,1
3879,1,0,1,4
3880,1,0,1,3
3881,1,0,1,2
3882,1,0,1,1
3883,1,0,1,0
3884,1,0,1,4
3885,1,0,1,3
3886,1,0,1,2
3887,1,0,1,0
3888,1,0,1,2
3889,1,0,1,4
3890,1,0,1,3
3891,1,0,1,2
3892,1,0,1,1
3893,1,0,1,0
3894,1,0,1,4
3895,1,0,1,3
3896,1,0,1,4
3897,1,0,1,1
3898,1,0,1,0
3899,1,0,1,1
3900,1,0,1,3
3901,1,0,1,2
3902,1,0,1,1
3903,1,0,1,0
3904,1,0,1,0
3905,1,0,1,4
3906,1,0,1,3
3907,1,0,1,2
3908,1,0,1,0
3909,1,0,1,2
3910,1,0,1,4
3911,1,0,1,3
3912,1,0,1,2
3913,1,0,1,1
3914,1,0,1,0
3915,1,0,1,4
3916,1,0,1,3
3917,1,0,1,4
3918,1,0,1,1
3919,1,0,1,0
3920,1,0,1,1
3921,1,0,1,3
3922,1,0,1,2
3923,1,0,1,1
3924,1,0,1,0
3925,1,0,1,4
3926,1,1,0,3
3927,1,0,1,2
3928,1,1,0,0
3929,1,0,1,2
3930,1,0,1,4
3931,1,0,1,3
3932,1,0,1,2
3933,1,0,1,1
3934,1,0,1,0
3935,1,0,1,4
3936,1,0,1,3
3937,1,0,1,4
3938,1,0,1,1
3939,1,0,1,0
3940,1,0,1,1
3941,1,0,1,3
3942,1,0,1,2
3943,1,0,1,1
3944,1,0,1,0
3945,1,0,1,4
3946,1,0,1,3
3947,1,0,1,2
3948,1,1,0,0
3949,1,0,1,2
3950,1,0,1,4
3951,1,0,1,3
3952,1,0,1,2
3953,1,0,1,1
3954,1,0,1,0
3955,1,0,1,4
3956,1,0,1,3
3957,1,0,1,1
3958,1,0,1,0
3959,1,0,1,1
3960,1,1,0,4
3961,1,0,1,3
3962,1,0,1,2
3963,1,0,1,1
3964,1,1,0,0
3965,1,0,1,4
3966,1,0,1,3
3967,1,0,1,2
3968,1,0,1,0
3969,1,0,1,2
3970,1,0,1,4
3971,1,0,1,3
3972,1,0,1,2
3973,1,1,0,1
3974,1,0,1,0
3975,1,0,1,4
3976,1,0,1,3
3977,1,0,1,4
3978,1,1,0,1
3979,1,0,1,0
3980,1,0,1,1
3981,1,0,1,3
3982,1,0,1,2
3983,1,0,1,1
3984,1,0,1,0
3985,1,0,1,4
3986,1,0,1,3
3987,1,0,1,2
3988,1,0,1,0
3989,1,0,1,2
3990,1,0,1,4
3991,1,0,1,3
3992,1,0,1,2
3993,1,0,1,1
3994,1,0,1,0
3995,1,0,1,4
3996,1,0,1,3
3997,1,0,1,1
3998,1,0,1,1
3999,1,0,1,3
4000,1,0,1,4
4001,1,0,1,1
4002,1,0,1,0
4003,1,0,1,4
4004,1,0,1,3
4005,1,0,1,2
4006,1,0,1,1
4007,1,0,1,0
4008,1,0,1,4
4009,1,0,1,2
4010,1,0,1,3
4011,1,0,1,1
4012,1,0,1,0
4013,1,0,1,4
4014,1,0,1,3
4015,1,0,1,2
4016,1,0,1,1
4017,1,0,1,0
4018,1,0,1,4
4019,1,0,1,2
4020,1,0,1,3
4021,1,0,1,1
4022,1,0,1,0
4023,1,0,1,3
4024,1,0,1,2
4025,1,0,1,1
4026,1,0,1,0
4027,1,0,1,4
4028,1,0,1,3
4029,1,0,1,2
4030,1,0,1,1
4031,1,0,1,4
4032,1,0,1,0
4033,1,0,1,3
4034,1,0,1,2
4035,1,0,1,1
4036,1,0,1,0
4037,1,0,1,4
4038,1,0,1,3
4039,1,0,1,2
4040,1,0,1,1
4041,1,0,1,4
4042,1,0,1,2
4043,1,0,1,3
4044,1,0,1,0
4045,1,0,1,4
4046,1,0,1,2
4047,1,0,1,2
4048,1,0,1,4
4049,1,0,1,4
4050,1,0,1,2
4051,1,0,1,1
4052,1,0,1,3
4053,1,1,0,2
4054,1,0,1,1
4055,1,0,1,0
4056,1,0,1,0
4057,1,0,1,4
4058,1,0,1,3
4059,1,1,0,1
4060,1,0,1,2
4061,1,0,1,0
4062,1,0,1,2
4063,1,0,1,3
4064,1,0,1,3
4065,1,0,1,1
4066,1,0,1,3
4067,1,0,1,1
4068,1,0,1,0
4069,1,0,1,0
4070,1,0,1,4
4071,1,0,1,0
4072,1,0,1,4
4073,1,1,0,1
4074,1,1,0,0
4075,1,0,1,2
4076,1,0,1,3
4077,1,0,1,4
4078,1,0,1,3
4079,1,1,0,1
4080,1,0,1,1
4081,1,0,1,3
4082,1,0,1,2
4083,1,0,1,1
4084,1,0,1,0
4085,1,0,1,4
4086,1,0,1,3
4087,1,0,1,2
4088,1,1,0,0
4089,1,0,1,2
4090,1,0,1,4
4091,1,1,0,3
4092,1,0,1,2
4093,1,0,1,1
4094,1,1,0,4
4095,1,0,1,3
4096,1,0,1,4
4097,1,0,1,1
4098,1,0,1,0
4099,1,0,1,1
4100,1,0,1,3
4101,1,0,1,2
4102,1,0,1,1
4103,1,0,1,0
4104,1,0,1,4
4105,1,0,1,3
4106,1,0,1,2
4107,1,0,1,0
4108,1,0,1,2
4109,1,0,1,4
4110,1,1,0,3
4111,1,0,1,2
4112,1,0,1,0
4113,1,1,0,0
4114,1,0,1,4
4115,1,0,1,3
4116,1,0,1,1
4117,1,0,1,0
4118,1,0,1,1
4119,1,0,1,4
4120,1,0,1,3
4121,1,0,1,2
4122,1,0,1,1
4123,1,0,1,0
4124,1,0,1,4
4125,1,0,1,3
4126,1,0,1,2
4127,1,1,0,2
4128,1,0,1,3
4129,1,0,1,2
4130,1,0,1,1
4131,1,0,1,0
4132,1,0,1,2
4133,1,0,1,1
4134,1,0,1,0
4135,1,0,1,4
4136,1,0,1,3
4137,1,0,1,2
4138,1,0,1,0
4139,1,0,1,2
4140,1,0,1,4
4141,1,0,1,3
4142,1,0,1,3
4143,1,0,1,4
4144,1,0,1,0
4145,1,0,1,1
4146,1,0,1,2
4147,1,0,1,1
4148,1,0,1,0
4149,1,0,1,1
4150,1,1,0,4
4151,1,0,1,3
4152,1,0,1,4
4153,1,1,0,4
4154,1,0,1,0
4155,1,0,1,1
4156,1,0,1,0
4157,1,0,1,4
4158,1,0,1,1
4159,1,0,1,1
4160,1,0,1,3
4161,1,0,1,2
4162,1,0,1,1
4163,1,0,1,0
4164,1,0,1,4
4165,1,1,0,3
4166,1,0,1,2
4167,1,0,1,0
4168,1,0,1,2
4169,1,0,1,4
4170,1,0,1,3
4171,1,0,1,2
4172,1,0,1,1
4173,1,0,1,0
4174,1,0,1,4
4175,1,0,1,3
4176,1,0,1,4
4177,1,0,1,1
4178,1,0,1,0
4179,1,0,1,1
4180,1,0,1,3
4181,1,0,1,2
4182,1,0,1,1
4183,1,0,1,0
4184,1,0,1,4
4185,1,0,1,3
4186,1,0,1,2
4187,1,0,1,0
4188,1,0,1,2
4189,1,0,1,4
4190,1,0,1,3
4191,1,0,1,2
4192,1,0,1,1
4193,1,0,1,0
4194,1,0,1,4
4195,1,0,1,3
4196,1,0,1,1
4197,1,0,1,0
4198,1,0,1,1
4199,1,0,1,4
4200,1,0,1,3
4201,1,0,1,2
4202,1,0,1,1
4203,1,0,1,0
4204,1,1,0,4
4205,1,0,1,3
4206,1,1,0,2
4207,1,0,1,0
4208,1,0,1,2
4209,1,0,1,4
4210,1,0,1,3
4211,1,0,1,2
4212,1,0,1,1
4213,1,0,1,0
4214,1,0,1,4
4215,1,0,1,3
4216,1,0,1,4
4217,1,1,0,1
4218,1,0,1,0
4219,1,0,1,1
4220,1,0,1,3
4221,1,0,1,2
4222,1,1,0,1
4223,1,0,1,0
4224,1,0,1,4
4225,1,0,1,3
4226,1,0,1,2
4227,1,0,1,0
4228,1,0,1,2
4229,1,0,1,4
4230,1,0,1,3
4231,1,1,0,2
4232,1,0,1,1
4233,1,1,0,0
4234,1,1,0,4
4235,1,1,0,3
4236,1,0,1,4
4237,1,0,1,1
4238,1,1,0,0
4239,1,0,1,1
4240,1,0,1,3
4241,1,0,1,2
4242,1,0,1,1
4243,1,0,1,0
4244,1,0,1,4
4245,1,0,1,3
4246,1,0,1,2
4247,1,0,1,0
4248,1,0,1,2
4249,1,0,1,4
4250,1,0,1,3
4251,1,0,1,2
4252,1,0,1,1
4253,1,0,1,0
4254,1,0,1,0
4255,1,0,1,4
4256,1,1,0,3
4257,1,0,1,4
4258,1,0,1,1
4259,1,0,1,0
4260,1,0,1,1
4261,1,0,1,3
4262,1,0,1,2
4263,1,0,1,1
4264,1,0,1,0
4265,1,0,1,4
4266,1,1,0,3
4267,1,0,1,2
4268,1,1,0,0
4269,1,0,1,2
4270,1,0,1,4
4271,1,0,1,3
4272,1,0,1,2
4273,1,0,1,1
4274,1,0,1,0
4275,1,1,0,4
4276,1,0,1,3
4277,1,0,1,1
4278,1,0,1,0
4279,1,0,1,1
4280,1,0,1,4
4281,1,0,1,3
4282,1,1,0,2
4283,1,0,1,1
4284,1,0,1,0
4285,1,0,1,4
4286,1,0,1,3
4287,1,0,1,2
4288,1,0,1,0
4289,1,0,1,2
4290,1,0,1,4
4291,1,0,1,3
4292,1,0,1,2
4293,1,0,1,1
4294,1,0,1,0
4295,1,0,1,4
4296,1,0,1,3
4297,1,0,1,4
4298,1,0,1,1
4299,1,0,1,0
4300,1,0,1,1
4301,1,0,1,3
4302,1,0,1,2
4303,1,0,1,1
4304,1,0,1,0
4305,1,0,1,4
4306,1,0,1,3
4307,1,0,1,2
4308,1,0,1,0
4309,1,0,1,2
4310,1,0,1,4
4311,1,0,1,3
4312,1,0,1,2
4313,1,0,1,1
4314,1,1,0,0
4315,1,1,0,4
4316,1,0,1,3
4317,1,0,1,1
4318,1,0,1,0
4319,1,0,1,1
4320,1,0,1,4
4321,1,0,1,3
4322,1,0,1,2
4323,1,1,0,1
4324,1,0,1,0
4325,1,0,1,4
4326,1,0,1,3
4327,1,0,1,2
4328,1,0,1,0
4329,1,1,0,2
4330,1,0,1,4
4331,1,0,1,3
4332,1,0,1,2
4333,1,0,1,1
4334,1,0,1,0
4335,1,0,1,4
4336,1,0,1,3
4337,1,0,1,4
4338,1,0,1,1
4339,1,0,1,0
4340,1,0,1,1
4341,1,0,1,3
4342,1,0,1,2
4343,1,0,1,1
4344,1,0,1,0
4345,1,0,1,4
4346,1,0,1,3
4347,1,0,1,2
4348,1,0,1,0
4349,1,0,1,2
4350,1,0,1,4
4351,1,0,1,3
4352,1,0,1,2
4353,1,0,1,1
4354,1,0,1,0
4355,1,0,1,4
4356,1,0,1,3
4357,1,0,1,1
4358,1,0,1,0
4359,1,0,1,1
4360,1,0,1,4
4361,1,0,1,3
4362,1,0,1,2
4363,1,0,1,1
4364,1,0,1,0
4365,1,1,0,4
4366,1,0,1,3
4367,1,0,1,2
4368,1,0,1,0
4369,1,0,1,2
4370,1,0,1,4
4371,1,0,1,3
4372,1,0,1,2
4373,1,0,1,1
4374,1,0,1,0
4375,1,0,1,4
4376,1,0,1,3
4377,1,0,1,4
4378,1,0,1,1
4379,1,1,0,0
4380,1,0,1,1
4381,1,0,1,3
4382,1,0,1,2
4383,1,0,1,1
4384,1,0,1,0
4385,1,0,1,4
4386,1,1,0,3
4387,1,0,1,2
4388,1,0,1,0
4389,1,0,1,2
4390,1,0,1,4
4391,1,0,1,3
4392,1,0,1,2
4393,1,0,1,1
4394,1,0,1,0
4395,1,1,0,4
4396,1,0,1,3
4397,1,0,1,4
4398,1,0,1,1
4399,1,1,0,0
4400,1,0,1,1
4401,1,0,1,3
4402,1,0,1,2
4403,1,0,1,1
4404,1,0,1,0
4405,1,0,1,4
4406,1,0,1,3
4407,1,0,1,2
4408,1,0,1,0
4409,1,1,0,2
4410,1,0,1,4
4411,1,0,1,3
4412,1,1,0,2
4413,1,1,0,1
4414,1,0,1,0
4415,1,0,1,4
4416,1,0,1,3
4417,1,0,1,4
4418,1,0,1,1
4419,1,0,1,0
4420,1,0,1,1
4421,1,0,1,3
4422,1,0,1,2
4423,1,0,1,1
4424,1,0,1,0
4425,1,0,1,4
4426,1,0,1,3
4427,1,0,1,4
4428,1,1,0,3
4429,1,0,1,4
4430,1,0,1,2
4431,1,0,1,4
4432,1,0,1,3
4433,1,0,1,1
4434,1,1,0,3
4435,1,0,1,1
4436,1,0,1,3
4437,1,0,1,0
4438,1,0,1,2
4439,1,0,1,4
4440,1,0,1,3
4441,1,0,1,4
4442,1,0,1,0
4443,1,0,1,1
4444,1,0,1,2
4445,1,0,1,3
4446,1,1,0,2
4447,1,0,1,4
4448,1,0,1,0
4449,1,0,1,2
4450,1,0,1,0
4451,1,0,1,1
4452,1,0,1,4
4453,1,0,1,0
4454,1,1,0,1
4455,1,0,1,2
4456,1,0,1,0
4457,1,0,1,2
4458,1,0,1,4
4459,1,0,1,0
4460,1,1,0,1
4461,1,0,1,2
4462,1,1,0,3
4463,1,0,1,4
4464,1,0,1,1
4465,1,0,1,0
4466,1,0,1,1
4467,1,1,0,3
4468,1,0,1,4
4469,1,0,1,0
4470,1,0,1,1
4471,1,0,1,2
4472,1,0,1,3
4473,1,0,1,2
4474,1,0,1,0
4475,1,0,1,2
4476,1,0,1,3
4477,1,0,1,0
4478,1,0,1,0
4479,1,0,1,0
4480,1,0,1,2
4481,1,0,1,1
4482,1,0,1,0
4483,1,0,1,4
4484,1,0,1,3
4485,1,0,1,2
4486,1,0,1,1
4487,1,0,1,4
4488,1,0,1,1
4489,1,0,1,3
4490,1,0,1,2
4491,1,0,1,1
4492,1,0,1,0
4493,1,0,1,4
4494,1,0,1,3
4495,1,0,1,2
4496,1,0,1,3
4497,1,0,1,0
4498,1,0,1,4
4499,1,0,1,0
4500,1,0,1,2
4501,1,1,0,1
4502,1,0,1,0
4503,1,0,1,4
4504,1,0,1,3
4505,1,0,1,2
4506,1,0,1,1
4507,1,0,1,4
4508,1,0,1,1
4509,1,0,1,3
4510,1,0,1,2
4511,1,1,0,1
4512,1,0,1,0
4513,1,1,0,4
4514,1,0,1,3
4515,1,0,1,2
4516,1,0,1,0
4517,1,0,1,4
4518,1,0,1,0
4519,1,0,1,3
4520,1,0,1,2
4521,1,0,1,1
4522,1,0,1,0
4523,1,0,1,4
4524,1,0,1,3
4525,1,1,0,2
4526,1,0,1,1
4527,1,0,1,4
4528,1,1,0,1
4529,1,0,1,3
4530,1,0,1,2
4531,1,0,1,1
4532,1,0,1,0
4533,1,0,1,4
4534,1,0,1,3
4535,1,0,1,2
4536,1,0,1,3
4537,1,1,0,0
4538,1,0,1,4
4539,1,0,1,0
4540,1,0,1,2
4541,1,0,1,1
4542,1,0,1,0
4543,1,0,1,4
4544,1,0,1,3
4545,1,0,1,2
4546,1,0,1,1
4547,1,0,1,4
4548,1,0,1,1
4549,1,0,1,3
4550,1,0,1,2
4551,1,0,1,1
4552,1,0,1,0
4553,1,0,1,4
4554,1,1,0,3
4555,1,0,1,2
4556,1,0,1,3
4557,1,0,1,0
4558,1,0,1,4
4559,1,0,1,0
4560,1,0,1,2
4561,1,0,1,1
4562,1,0,1,0
4563,1,0,1,4
4564,1,0,1,3
4565,1,0,1,2
4566,1,0,1,1
4567,1,0,1,4
4568,1,0,1,1
4569,1,0,1,3
4570,1,1,0,2
4571,1,1,0,1
4572,1,0,1,0
4573,1,0,1,4
4574,1,0,1,3
4575,1,0,1,2
4576,1,0,1,3
4577,1,0,1,0
4578,1,0,1,4
4579,1,0,1,0
4580,1,0,1,2
4581,1,0,1,1
4582,1,0,1,0
4583,1,0,1,4
4584,1,0,1,3
4585,1,0,1,2
4586,1,0,1,1
4587,1,0,1,4
4588,1,0,1,1
4589,1,0,1,3
4590,1,0,1,2
4591,1,1,0,1
4592,1,0,1,0
4593,1,0,1,4
4594,1,0,1,3
4595,1,0,1,2
4596,1,0,1,0
4597,1,0,1,4
4598,1,0,1,0
4599,1,0,1,3
4600,1,0,1,2
4601,1,0,1,1
4602,1,0,1,0
4603,1,0,1,4
4604,1,0,1,3
4605,1,0,1,2
4606,1,0,1,1
4607,1,0,1,4
4608,1,0,1,1
4609,1,0,1,3
4610,1,0,1,2
4611,1,1,0,1
4612,1,1,0,0
4613,1,0,1,4
4614,1,0,1,3
4615,1,0,1,2
4616,1,1,0,3
4617,1,1,0,0
4618,1,0,1,4
4619,1,1,0,0
4620,1,0,1,2
4621,1,0,1,1
4622,1,0,1,0
4623,1,0,1,4
4624,1,0,1,3
4625,1,0,1,2
4626,1,0,1,1
4627,1,0,1,4
4628,1,1,0,1
4629,1,0,1,3
4630,1,0,1,2
4631,1,0,1,1
4632,1,0,1,0
4633,1,0,1,4
4634,1,0,1,3
4635,1,0,1,2
4636,1,1,0,0
4637,1,0,1,4
4638,1,0,1,0
4639,1,0,1,3
4640,1,0,1,2
4641,1,0,1,1
4642,1,0,1,0
4643,1,0,1,4
4644,1,0,1,3
4645,1,1,0,2
4646,1,0,1,1
4647,1,1,0,4
4648,1,1,0,1
4649,1,0,1,3
4650,1,0,1,2
4651,1,0,1,1
4652,1,0,1,0
4653,1,0,1,4
4654,1,0,1,3
4655,1,0,1,2
4656,1,0,1,3
4657,1,0,1,0
4658,1,0,1,4
4659,1,1,0,0
4660,1,0,1,2
4661,1,0,1,1
4662,1,0,1,0
4663,1,0,1,4
4664,1,0,1,3
4665,1,0,1,2
4666,1,0,1,1
4667,1,0,1,4
4668,1,0,1,1
4669,1,0,1,3
4670,1,0,1,2
4671,1,0,1,1
4672,1,0,1,0
4673,1,0,1,4
4674,1,0,1,3
4675,1,0,1,2
4676,1,0,1,0
4677,1,0,1,4
4678,1,0,1,0
4679,1,0,1,3
4680,1,0,1,2
4681,1,0,1,1
4682,1,0,1,0
4683,1,0,1,4
4684,1,0,1,3
4685,1,0,1,2
4686,1,0,1,1
4687,1,0,1,4
4688,1,0,1,1
4689,1,0,1,3
4690,1,0,1,2
4691,1,0,1,1
4692,1,0,1,0
4693,1,0,1,4
4694,1,0,1,3
4695,1,0,1,2
4696,1,0,1,3
4697,1,0,1,0
4698,1,0,1,4
4699,1,1,0,0
4700,1,0,1,2
4701,1,0,1,1
4702,1,0,1,0
4703,1,0,1,4
4704,1,0,1,3
4705,1,0,1,2
4706,1,0,1,1
4707,1,0,1,4
4708,1,0,1,1
4709,1,0,1,3
4710,1,0,1,2
4711,1,0,1,1
4712,1,0,1,0
4713,1,0,1,4
4714,1,0,1,3
4715,1,0,1,2
4716,1,0,1,3
4717,1,0,1,0
4718,1,0,1,4
4719,1,0,1,0
4720,1,0,1,2
4721,1,0,1,1
4722,1,0,1,0
4723,1,0,1,4
4724,1,0,1,3
4725,1,0,1,2
4726,1,0,1,1
4727,1,0,1,4
4728,1,0,1,1
4729,1,0,1,3
4730,1,0,1,2
4731,1,0,1,1
4732,1,0,1,0
4733,1,0,1,4
4734,1,0,1,3
4735,1,0,1,2
4736,1,0,1,3
4737,1,0,1,0
4738,1,0,1,4
4739,1,0,1,0
4740,1,0,1,2
4741,1,0,1,1
4742,1,0,1,0
4743,1,0,1,4
4744,1,0,1,3
4745,1,0,1,2
4746,1,0,1,1
4747,1,0,1,4
4748,1,0,1,1
4749,1,0,1,3
4750,1,0,1,2
4751,1,0,1,1
4752,1,0,1,0
4753,1,0,1,4
4754,1,0,1,3
4755,1,1,0,2
4756,1,0,1,0
4757,1,0,1,4
4758,1,0,1,0
4759,1,0,1,3
4760,1,0,1,2
4761,1,0,1,1
4762,1,0,1,0
4763,1,0,1,4
4764,1,1,0,3
4765,1,0,1,2
4766,1,0,1,1
4767,1,0,1,4
4768,1,0,1,1
4769,1,0,1,3
4770,1,0,1,2
4771,1,0,1,1
4772,1,1,0,0
4773,1,0,1,4
4774,1,0,1,3
4775,1,0,1,2
4776,1,0,1,3
4777,1,0,1,0
4778,1,0,1,4
4779,1,0,1,0
4780,1,0,1,2
4781,1,0,1,1
4782,1,0,1,0
4783,1,0,1,4
4784,1,0,1,3
4785,1,0,1,2
4786,1,0,1,1
4787,1,0,1,4
4788,1,0,1,1
4789,1,0,1,3
4790,1,0,1,2
4791,1,0,1,1
4792,1,0,1,0
4793,1,0,1,4
4794,1,0,1,3
4795,1,0,1,2
4796,1,0,1,3
4797,1,0,1,4
4798,1,0,1,0
4799,1,0,1,0
4800,1,0,1,2
4801,1,0,1,1
4802,1,0,1,0
4803,1,0,1,4
4804,1,0,1,3
4805,1,0,1,2
4806,1,0,1,1
4807,1,0,1,4
4808,1,1,0,1
4809,1,0,1,3
4810,1,0,1,2
4811,1,0,1,1
4812,1,1,0,0
4813,1,0,1,4
4814,1,0,1,3
4815,1,0,1,2
4816,1,0,1,3
4817,1,0,1,0
4818,1,0,1,4
4819,1,0,1,0
4820,1,0,1,2
4821,1,0,1,1
4822,1,0,1,0
4823,1,0,1,4
4824,1,0,1,3
4825,1,0,1,2
4826,1,0,1,1
4827,1,0,1,4
4828,1,0,1,1
4829,1,0,1,3
4830,1,0,1,2
4831,1,0,1,1
4832,1,0,1,0
4833,1,0,1,4
4834,1,0,1,3
4835,1,0,1,2
4836,1,0,1,0
4837,1,0,1,4
4838,1,0,1,0
4839,1,0,1,3
4840,1,1,0,2
4841,1,0,1,1
4842,1,0,1,0
4843,1,0,1,4
4844,1,0,1,3
4845,1,0,1,2
4846,1,0,1,1
4847,1,0,1,4
4848,1,0,1,1
4849,1,1,0,3
4850,1,0,1,2
4851,1,0,1,1
4852,1,1,0,0
4853,1,0,1,4
4854,1,1,0,3
4855,1,0,1,2
4856,1,1,0,3
4857,1,0,1,0
4858,1,0,1,4
4859,1,0,1,0
4860,1,0,1,2
4861,1,1,0,1
4862,1,0,1,0
4863,1,0,1,4
4864,1,0,1,3
4865,1,0,1,2
4866,1,0,1,1
4867,1,0,1,4
4868,1,0,1,1
4869,1,0,1,3
4870,1,0,1,2
4871,1,0,1,1
4872,1,0,1,0
4873,1,0,1,4
4874,1,0,1,3
4875,1,0,1,2
4876,1,0,1,3
4877,1,0,1,4
4878,1,0,1,0
4879,1,0,1,0
4880,1,0,1,2
4881,1,0,1,1
4882,1,0,1,0
4883,1,0,1,4
4884,1,1,0,3
4885,1,1,0,2
4886,1,0,1,1
4887,1,0,1,4
4888,1,0,1,1
4889,1,0,1,3
4890,1,0,1,2
4891,1,0,1,1
4892,1,0,1,0
4893,1,0,1,4
4894,1,0,1,3
4895,1,0,1,2
4896,1,0,1,3
4897,1,0,1,4
4898,1,0,1,0
4899,1,0,1,1
4900,1,0,1,1
4901,1,0,1,0
4902,1,0,1,4
4903,1,1,0,3
4904,1,0,1,2
4905,1,0,1,1
4906,1,0,1,0
4907,1,0,1,4
4908,1,0,1,3
4909,1,0,1,2
4910,1,0,1,1
4911,1,0,1,0
4912,1,0,1,4
4913,1,0,1,3
4914,1,0,1,2
4915,1,0,1,0
4916,1,0,1,0
4917,1,0,1,4
4918,1,0,1,3
4919,1,0,1,2
4920,1,0,1,1
4921,1,0,1,0
4922,1,0,1,4
4923,1,1,0,3
4924,1,0,1,2
4925,1,1,0,1
4926,1,0,1,4
4927,1,0,1,1
4928,1,0,1,3
4929,1,1,0,2
4930,1,0,1,1
4931,1,1,0,0
4932,1,0,1,4
4933,1,0,1,3
4934,1,0,1,2
4935,1,0,1,3
4936,1,0,1,0
4937,1,0,1,4
4938,1,0,1,0
4939,1,0,1,2
4940,1,0,1,1
4941,1,0,1,0
4942,1,0,1,4
4943,1,0,1,3
4944,1,0,1,2
4945,1,1,0,1
4946,1,0,1,4
4947,1,0,1,1
4948,1,0,1,3
4949,1,0,1,2
4950,1,0,1,1
4951,1,0,1,0
4952,1,0,1,4
4953,1,0,1,3
4954,1,0,1,2
4955,1,0,1,0
4956,1,0,1,0
4957,1,0,1,4
4958,1,0,1,3
4959,1,0,1,2
4960,1,0,1,1
4961,1,0,1,0
4962,1,0,1,4
4963,1,0,1,3
4964,1,0,1,2
4965,1,0,1,1
4966,1,0,1,4
4967,1,0,1,1
4968,1,0,1,3
4969,1,0,1,2
4970,1,0,1,1
4971,1,1,0,0
4972,1,0,1,4
4973,1,0,1,3
4974,1,0,1,2
4975,1,1,0,3
4976,1,0,1,0
4977,1,0,1,4
4978,1,1,0,0
4979,1,0,1,2
4980,1,0,1,1
4981,1,0,1,0
4982,1,0,1,4
4983,1,0,1,3
4984,1,0,1,2
4985,1,1,0,1
4986,1,0,1,4
4987,1,0,1,1
4988,1,0,1,3
4989,1,0,1,2
4990,1,0,1,1
4991,1,0,1,0
4992,1,0,1,4
4993,1,0,1,3
4994,1,1,0,2
4995,1,0,1,0
4996,1,0,1,4
4997,1,0,1,0
4998,1,1,0,3
4999,1,1,0,2
5000,1,0,1,1
5001,1,1,0,0
5002,1,1,0,4
5003,1,1,0,3
5004,1,0,1,2
5005,1,0,1,1
5006,1,0,1,4
5007,1,1,0,1
5008,1,0,1,3
5009,1,0,1,2
5010,1,0,1,1
5011,1,0,1,0
5012,1,0,1,4
5013,1,0,1,3
5014,1,0,1,2
5015,1,0,1,3
5016,1,0,1,0
5017,1,0,1,4
5018,1,0,1,0
5019,1,0,1,2
5020,1,0,1,1
5021,1,0,1,0
5022,1,0,1,4
5023,1,0,1,3
5024,1,0,1,2
5025,1,0,1,1
5026,1,0,1,4
5027,1,0,1,1
5028,1,0,1,3
5029,1,0,1,2
5030,1,0,1,1
5031,1,0,1,0
5032,1,0,1,4
5033,1,0,1,3
5034,1,0,1,2
5035,1,0,1,3
5036,1,0,1,0
5037,1,1,0,4
5038,1,0,1,0
5039,1,0,1,2
5040,1,0,1,1
5041,1,0,1,0
5042,1,0,1,4
5043,1,0,1,3
5044,1,1,0,2
5045,1,1,0,1
5046,1,0,1,4
5047,1,0,1,1
5048,1,0,1,3
5049,1,0,1,2
5050,1,0,1,1
5051,1,0,1,0
5052,1,0,1,4
5053,1,0,1,3
5054,1,0,1,2
5055,1,0,1,3
5056,1,0,1,0
5057,1,0,1,4
5058,1,0,1,0
5059,1,0,1,2
5060,1,0,1,1
5061,1,1,0,0
5062,1,0,1,4
5063,1,0,1,3
5064,1,0,1,2
5065,1,0,1,1
5066,1,1,0,4
5067,1,1,0,1
5068,1,0,1,3
5069,1,0,1,2
5070,1,0,1,1
5071,1,0,1,0
5072,1,0,1,4
5073,1,0,1,3
5074,1,0,1,2
5075,1,1,0,0
5076,1,1,0,4
5077,1,0,1,0
5078,1,1,0,3
5079,1,0,1,2
5080,1,0,1,1
5081,1,0,1,0
5082,1,0,1,4
5083,1,0,1,3
5084,1,0,1,2
5085,1,1,0,1
5086,1,0,1,4
5087,1,0,1,1
5088,1,0,1,3
5089,1,0,1,2
5090,1,0,1,1
5091,1,0,1,0
5092,1,0,1,4
5093,1,0,1,3
5094,1,0,1,2
5095,1,0,1,3
5096,1,0,1,0
5097,1,0,1,4
5098,1,0,1,0
5099,1,0,1,2
5100,1,0,1,1
5101,1,0,1,0
5102,1,0,1,4
5103,1,0,1,3
5104,1,0,1,2
5105,1,0,1,1
5106,1,0,1,4
5107,1,0,1,1
5108,1,0,1,3
5109,1,0,1,2
5110,1,0,1,1
5111,1,0,1,0
5112,1,0,1,4
5113,1,1,0,3
5114,1,0,1,2
5115,1,0,1,0
5116,1,0,1,0
5117,1,0,1,4
5118,1,0,1,3
5119,1,0,1,2
5120,1,0,1,1
5121,1,0,1,0
5122,1,0,1,4
5123,1,0,1,3
5124,1,0,1,2
5125,1,0,1,1
5126,1,0,1,4
5127,1,0,1,1
5128,1,0,1,3
5129,1,1,0,2
5130,1,0,1,1
5131,1,0,1,0
5132,1,0,1,4
5133,1,0,1,3
5134,1,0,1,2
5135,1,0,1,3
5136,1,0,1,0
5137,1,0,1,4
5138,1,0,1,0
5139,1,0,1,2
5140,1,0,1,1
5141,1,0,1,0
5142,1,1,0,4
5143,1,1,0,3
5144,1,0,1,2
5145,1,0,1,1
5146,1,0,1,4
5147,1,0,1,1
5148,1,0,1,3
5149,1,1,0,2
5150,1,1,0,1
5151,1,0,1,0
5152,1,0,1,4
5153,1,0,1,3
5154,1,0,1,2
5155,1,0,1,0
5156,1,0,1,4
5157,1,0,1,0
5158,1,0,1,3
5159,1,0,1,2
5160,1,0,1,1
5161,1,0,1,0
5162,1,0,1,4
5163,1,0,1,3
5164,1,0,1,2
5165,1,0,1,1
5166,1,0,1,4
5167,1,0,1,1
5168,1,0,1,3
5169,1,0,1,2
5170,1,0,1,1
5171,1,0,1,0
5172,1,0,1,4
5173,1,0,1,3
5174,1,0,1,2
5175,1,0,1,3
5176,1,0,1,0
5177,1,0,1,4
5178,1,1,0,0
5179,1,0,1,2
5180,1,0,1,1
5181,1,0,1,0
5182,1,0,1,4
5183,1,0,1,3
5184,1,0,1,2
5185,1,0,1,1
5186,1,0,1,4
5187,1,0,1,1
5188,1,0,1,3
5189,1,0,1,2
5190,1,0,1,1
5191,1,0,1,0
5192,1,0,1,4
5193,1,0,1,3
5194,1,0,1,2
5195,1,0,1,3
5196,1,0,1,0
5197,1,0,1,4
5198,1,0,1,0
5199,1,1,0,2
5200,1,0,1,1
5201,1,0,1,0
5202,1,0,1,4
5203,1,0,1,3
5204,1,0,1,2
5205,1,0,1,1
5206,1,0,1,4
5207,1,0,1,1
5208,1,0,1,3
5209,1,0,1,2
5210,1,0,1,1
5211,1,0,1,0
5212,1,0,1,4
5213,1,0,1,3
5214,1,0,1,2
5215,1,0,1,3
5216,1,0,1,0
5217,1,0,1,4
5218,1,0,1,0
5219,1,0,1,2
5220,1,0,1,1
5221,1,1,0,0
5222,1,0,1,4
5223,1,0,1,3
5224,1,0,1,2
5225,1,0,1,1
5226,1,0,1,4
5227,1,1,0,1
5228,1,0,1,3
5229,1,0,1,2
5230,1,0,1,1
5231,1,0,1,0
5232,1,0,1,4
5233,1,0,1,3
5234,1,0,1,2
5235,1,1,0,0
5236,1,0,1,4
5237,1,0,1,0
5238,1,0,1,3
5239,1,0,1,2
5240,1,0,1,1
5241,1,0,1,0
5242,1,0,1,4
5243,1,0,1,3
5244,1,0,1,2
5245,1,0,1,1
5246,1,0,1,4
5247,1,0,1,1
5248,1,0,1,3
5249,1,0,1,2
5250,1,0,1,1
5251,1,1,0,0
5252,1,0,1,4
5253,1,0,1,3
5254,1,0,1,2
5255,1,0,1,3
5256,1,0,1,0
5257,1,0,1,4
5258,1,0,1,0
5259,1,0,1,2
5260,1,0,1,1
5261,1,0,1,0
5262,1,0,1,4
5263,1,0,1,3
5264,1,0,1,2
5265,1,0,1,1
5266,1,0,1,4
5267,1,0,1,1
5268,1,0,1,3
5269,1,1,0,2
5270,1,0,1,1
5271,1,0,1,0
5272,1,1,0,4
5273,1,0,1,3
5274,1,1,0,2
5275,1,0,1,0
5276,1,0,1,4
5277,1,0,1,0
5278,1,0,1,3
5279,1,0,1,2
5280,1,0,1,1
5281,1,0,1,0
5282,1,0,1,4
5283,1,0,1,3
5284,1,0,1,2
5285,1,0,1,1
5286,1,1,0,4
5287,1,0,1,1
5288,1,0,1,3
5289,1,0,1,2
5290,1,0,1,1
5291,1,1,0,0
5292,1,0,1,4
5293,1,0,1,3
5294,1,0,1,2
5295,1,0,1,3
5296,1,0,1,0
5297,1,0,1,4
5298,1,0,1,0
5299,1,0,1,2
5300,1,0,1,1
5301,1,0,1,0
5302,1,0,1,4
5303,1,0,1,3
5304,1,0,1,2
5305,1,1,0,1
5306,1,0,1,4
5307,1,0,1,1
5308,1,0,1,3
5309,1,0,1,2
5310,1,0,1,1
5311,1,0,1,0
5312,1,0,1,4
5313,1,0,1,3
5314,1,0,1,2
5315,1,0,1,0
5316,1,0,1,4
5317,1,0,1,0
5318,1,0,1,3
5319,1,0,1,2
5320,1,0,1,1
5321,1,0,1,0
5322,1,0,1,4
5323,1,0,1,3
5324,1,0,1,2
5325,1,0,1,1
5326,1,0,1,4
5327,1,0,1,1
5328,1,0,1,3
5329,1,0,1,2
5330,1,0,1,1
5331,1,0,1,0
5332,1,0,1,4
5333,1,0,1,3
5334,1,0,1,2
5335,1,0,1,3
5336,1,0,1,0
5337,1,0,1,4
5338,1,0,1,0
5339,1,0,1,2
5340,1,0,1,1
5341,1,0,1,0
5342,1,0,1,4
5343,1,0,1,3
5344,1,0,1,2
5345,1,0,1,1
5346,1,0,1,4
5347,1,0,1,1
5348,1,0,1,3
5349,1,0,1,2
5350,1,0,1,1
5351,1,1,0,0
5352,1,0,1,4
5353,1,0,1,3
5354,1,0,1,2
5355,1,0,1,3
5356,1,1,0,0
5357,1,0,1,4
5358,1,0,1,0
5359,1,0,1,2
5360,1,0,1,1
5361,1,0,1,0
5362,1,0,1,4
5363,1,0,1,3
5364,1,0,1,2
5365,1,0,1,1
5366,1,0,1,4
5367,1,0,1,1
5368,1,0,1,3
5369,1,1,0,2
5370,1,0,1,1
5371,1,0,1,0
5372,1,0,1,4
5373,1,0,1,3
5374,1,0,1,2
5375,1,0,1,3
5376,1,1,0,0
5377,1,0,1,4
5378,1,0,1,0
5379,1,0,1,2
5380,1,0,1,1
5381,1,0,1,0
5382,1,0,1,4
5383,1,0,1,3
5384,1,0,1,2
5385,1,1,0,1
5386,1,0,1,4
5387,1,0,1,1
5388,1,0,1,3
5389,1,0,1,2
5390,1,1,0,1
5391,1,0,1,0
5392,1,0,1,4
5393,1,0,1,3
5394,1,0,1,2
5395,1,0,1,0
5396,1,0,1,4
5397,1,1,0,0
5398,1,0,1,3
5399,1,0,1,2
5400,1,0,1,1
5401,1,0,1,0
5402,1,0,1,4
5403,1,0,1,3
5404,1,0,1,2
5405,1,0,1,1
5406,1,0,1,4
5407,1,0,1,1
5408,1,0,1,3
5409,1,0,1,2
5410,1,0,1,1
5411,1,0,1,0
5412,1,0,1,4
5413,1,0,1,3
5414,1,0,1,2
5415,1,0,1,3
5416,1,0,1,0
5417,1,0,1,4
5418,1,0,1,0
5419,1,0,1,2
5420,1,0,1,1
5421,1,0,1,0
5422,1,0,1,4
5423,1,0,1,3
5424,1,0,1,2
5425,1,1,0,1
5426,1,0,1,4
5427,1,1,0,1
5428,1,0,1,3
5429,1,0,1,2
5430,1,1,0,1
5431,1,1,0,0
5432,1,0,1,4
5433,1,0,1,3
5434,1,0,1,2
5435,1,0,1,3
5436,1,0,1,0
5437,1,0,1,4
5438,1,0,1,0
5439,1,1,0,2
5440,1,0,1,1
5441,1,0,1,0
5442,1,0,1,4
5443,1,0,1,3
5444,1,0,1,2
5445,1,0,1,1
5446,1,1,0,4
5447,1,0,1,1
5448,1,0,1,3
5449,1,0,1,2
5450,1,0,1,1
5451,1,1,0,0
5452,1,0,1,4
5453,1,0,1,3
5454,1,0,1,2
5455,1,0,1,3
5456,1,0,1,0
5457,1,0,1,4
5458,1,0,1,0
5459,1,0,1,2
5460,1,0,1,1
5461,1,0,1,0
5462,1,0,1,4
5463,1,1,0,3
5464,1,0,1,2
5465,1,0,1,1
5466,1,0,1,4
5467,1,0,1,1
5468,1,0,1,3
5469,1,0,1,2
5470,1,0,1,1
5471,1,0,1,0
5472,1,0,1,4
5473,1,0,1,3
5474,1,0,1,2
5475,1,0,1,0
5476,1,0,1,4
5477,1,0,1,0
5478,1,0,1,3
5479,1,0,1,2
5480,1,0,1,1
5481,1,0,1,0
5482,1,1,0,4
5483,1,0,1,3
5484,1,0,1,2
5485,1,0,1,1
5486,1,0,1,4
5487,1,0,1,1
5488,1,0,1,3
5489,1,0,1,2
5490,1,0,1,1
5491,1,0,1,0
5492,1,0,1,4
5493,1,0,1,3
5494,1,0,1,2
5495,1,0,1,3
5496,1,0,1,0
5497,1,0,1,4
5498,1,0,1,0
5499,1,0,1,2
5500,1,0,1,1
5501,1,0,1,0
5502,1,0,1,4
5503,1,0,1,3
5504,1,0,1,2
5505,1,0,1,1
5506,1,0,1,4
5507,1,0,1,1
5508,1,0,1,3
5509,1,0,1,2
5510,1,0,1,1
5511,1,0,1,0
5512,1,0,1,4
5513,1,0,1,3
5514,1,0,1,2
5515,1,0,1,3
5516,1,0,1,0
5517,1,0,1,4
5518,1,0,1,0
5519,1,0,1,2
5520,1,0,1,1
5521,1,0,1,0
5522,1,0,1,4
5523,1,0,1,3
5524,1,0,1,2
5525,1,0,1,1
5526,1,1,0,4
5527,1,0,1,1
5528,1,0,1,3
5529,1,0,1,2
5530,1,0,1,1
5531,1,0,1,0
5532,1,0,1,4
5533,1,0,1,3
5534,1,0,1,2
5535,1,0,1,3
5536,1,0,1,0
5537,1,1,0,4
5538,1,0,1,0
5539,1,0,1,2
5540,1,0,1,1
5541,1,0,1,0
5542,1,0,1,4
5543,1,0,1,3
5544,1,1,0,2
5545,1,0,1,1
5546,1,0,1,4
5547,1,0,1,1
5548,1,0,1,3
5549,1,0,1,2
5550,1,0,1,1
5551,1,0,1,0
5552,1,0,1,4
5553,1,0,1,3
5554,1,0,1,2
5555,1,0,1,0
5556,1,1,0,4
5557,1,1,0,0
5558,1,0,1,3
5559,1,0,1,2
5560,1,1,0,1
5561,1,0,1,0
5562,1,0,1,4
5563,1,0,1,3
5564,1,1,0,2
5565,1,0,1,1
5566,1,0,1,4
5567,1,0,1,1
5568,1,0,1,3
5569,1,0,1,2
5570,1,0,1,1
5571,1,0,1,0
5572,1,0,1,4
5573,1,0,1,3
5574,1,0,1,2
5575,1,0,1,3
5576,1,0,1,0
5577,1,0,1,4
5578,1,0,1,0
5579,1,0,1,2
5580,1,0,1,1
5581,1,0,1,0
5582,1,0,1,4
5583,1,0,1,3
5584,1,0,1,2
5585,1,0,1,1
5586,1,0,1,4
5587,1,1,0,1
5588,1,0,1,3
5589,1,1,0,2
5590,1,1,0,1
5591,1,1,0,0
5592,1,0,1,4
5593,1,0,1,3
5594,1,0,1,2
5595,1,0,1,0
5596,1,0,1,4
5597,1,1,0,0
5598,1,0,1,3
5599,1,1,0,2
5600,1,0,1,1
5601,1,1,0,0
5602,1,1,0,4
5603,1,1,0,3
5604,1,1,0,2
5605,1,0,1,1
5606,1,0,1,4
5607,1,1,0,1
5608,1,1,0,3
5609,1,1,0,2
5610,1,0,1,1
5611,1,0,1,0
5612,1,0,1,4
5613,1,0,1,3
5614,1,0,1,2
5615,1,1,0,3
5616,1,0,1,0
5617,1,0,1,4
5618,1,1,0,0
5619,1,1,0,2
5620,1,0,1,1
5621,1,1,0,0
5622,1,1,0,4
5623,1,1,0,3
5624,1,0,1,2
5625,1,1,0,1
5626,1,1,0,4
5627,1,0,1,1
5628,1,0,1,3
5629,1,0,1,2
5630,1,0,1,1
5631,1,1,0,0
5632,1,1,0,4
5633,1,0,1,3
5634,1,1,0,2
5635,1,1,0,0
5636,1,0,1,4
5637,1,0,1,0
5638,1,0,1,3
5639,1,0,1,2
5640,1,1,0,1
5641,1,0,1,0
5642,1,0,1,4
5643,1,0,1,3
5644,1,0,1,2
5645,1,0,1,1
5646,1,0,1,4
5647,1,0,1,1
5648,1,0,1,3
5649,1,0,1,2
5650,1,0,1,1
5651,1,0,1,0
5652,1,1,0,4
5653,1,1,0,3
5654,1,0,1,2
5655,1,0,1,3
5656,1,0,1,0
5657,1,1,0,4
5658,1,0,1,0
5659,1,0,1,2
5660,1,1,0,1
5661,1,0,1,0
5662,1,0,1,4
5663,1,0,1,3
5664,1,0,1,2
5665,1,0,1,1
5666,1,0,1,4
5667,1,0,1,1
5668,1,0,1,3
5669,1,0,1,2
5670,1,0,1,1
5671,1,0,1,0
5672,1,1,0,4
5673,1,1,0,3
5674,1,0,1,2
5675,1,1,0,3
5676,1,1,0,0
5677,1,1,0,4
5678,1,1,0,0
5679,1,0,1,2
5680,1,0,1,1
5681,1,0,1,0
5682,1,0,1,4
5683,1,0,1,3
5684,1,0,1,2
5685,1,1,0,1
5686,1,0,1,4
5687,1,1,0,1
5688,1,1,0,3
5689,1,0,1,2
5690,1,1,0,1
5691,1,1,0,0
5692,1,0,1,4
5693,1,1,0,3
5694,1,1,0,2
5695,1,1,0,3
5696,1,0,1,0
5697,1,0,1,4
5698,1,1,0,0
5699,1,1,0,2
5700,1,0,1,1
5701,1,0,1,0
5702,1,0,1,4
5703,1,0,1,3
5704,1,0,1,2
5705,1,1,0,1
5706,1,0,1,4
5707,1,1,0,1
5708,1,0,1,3
5709,1,1,0,2
5710,1,0,1,1
5711,1,0,1,0
5712,1,1,0,4
5713,1,0,1,3
5714,1,1,0,2
5715,1,0,1,0
5716,1,1,0,4
5717,1,0,1,0
5718,1,0,1,3
5719,1,0,1,2
5720,1,1,0,1
5721,1,0,1,0
5722,1,0,1,4
5723,1,1,0,3
5724,1,0,1,2
5725,1,1,0,1
5726,1,0,1,4
5727,1,1,0,1
5728,1,1,0,3
5729,1,0,1,2
5730,1,0,1,1
5731,1,0,1,0
5732,1,0,1,4
5733,1,0,1,3
5734,1,1,0,2
5735,1,0,1,3
5736,1,1,0,0
5737,1,0,1,4
5738,1,0,1,0
5739,1,0,1,2
5740,1,1,0,1
5741,1,1,0,0
5742,1,0,1,4
5743,1,0,1,3
5744,1,0,1,2
5745,1,0,1,1
5746,1,0,1,4
5747,1,0,1,1
5748,1,1,0,3
5749,1,0,1,2
5750,1,0,1,1
5751,1,0,1,0
5752,1,1,0,4
5753,1,1,0,3
5754,1,0,1,2
5755,1,1,0,0
