cid,size,pos,neg,fold
0,34,30,4,0
1,27,0,27,0
2,26,0,26,1
3,26,18,8,1
4,24,24,0,1
5,20,18,2,0
6,20,18,2,1
7,20,18,2,0
8,19,18,1,1
9,18,12,6,2
10,18,18,0,2
11,18,18,0,2
12,17,12,5,3
13,17,12,5,4
14,2,0,2,4
15,9,6,3,1
16,15,12,3,3
17,15,0,15,4
18,15,0,15,3
19,1,0,1,0
20,6,0,6,2
21,14,12,2,4
22,14,12,2,3
23,14,12,2,4
24,13,0,13,2
25,5,0,5,1
26,13,12,1,3
27,13,12,1,4
28,13,12,1,2
29,13,12,1,4
30,13,12,1,3
31,12,12,0,1
32,12,0,12,0
33,12,12,0,3
34,12,12,0,4
35,12,12,0,2
36,12,12,0,4
37,12,12,0,0
38,12,12,0,3
39,12,12,0,2
40,12,0,12,4
41,12,12,0,2
42,12,12,0,4
43,12,12,0,3
44,12,12,0,2
45,12,12,0,4
46,12,12,0,3
47,12,12,0,0
48,12,12,0,4
49,12,12,0,3
50,12,12,0,0
51,12,12,0,1
52,6,6,0,4
53,12,12,0,3
54,12,12,0,1
55,12,12,0,2
56,12,12,0,2
57,11,6,5,1
58,11,0,11,2
59,11,0,11,4
60,11,6,5,0
61,11,6,5,0
62,11,6,5,3
63,10,0,10,3
64,10,6,4,4
65,2,0,2,3
66,10,0,10,2
67,10,0,10,1
68,9,6,3,2
69,9,6,3,4
70,9,6,3,0
71,9,0,9,1
72,9,6,3,4
73,2,0,2,2
74,3,0,3,2
75,9,0,9,3
76,9,6,3,0
77,9,6,3,4
78,8,6,2,4
79,9,6,3,3
80,9,6,3,2
81,9,6,3,3
82,9,6,3,1
83,9,6,3,0
84,2,0,2,1
85,9,6,3,0
86,1,0,1,0
87,9,6,3,1
88,9,6,3,2
89,8,0,8,0
90,8,6,2,4
91,8,6,2,2
92,8,6,2,3
93,8,6,2,2
94,8,6,2,4
95,8,6,2,0
96,8,0,8,3
97,8,6,2,1
98,8,6,2,2
99,8,6,2,4
100,8,6,2,1
101,1,0,1,4
102,8,6,2,1
103,1,0,1,3
104,1,0,1,1
105,1,0,1,1
106,8,6,2,3
107,8,6,2,0
108,8,6,2,2
109,8,6,2,0
110,8,6,2,4
111,8,6,2,2
112,8,6,2,0
113,8,6,2,3
114,8,6,2,1
115,7,6,1,4
116,7,0,7,3
117,7,6,1,2
118,7,6,1,1
119,7,6,1,0
120,7,6,1,4
121,7,6,1,3
122,7,6,1,2
123,7,6,1,0
124,7,6,1,0
125,7,6,1,4
126,7,6,1,3
127,2,0,2,0
128,1,0,1,0
129,7,0,7,2
130,2,0,2,4
131,7,6,1,1
132,7,6,1,0
133,7,6,1,4
134,7,6,1,1
135,7,6,1,2
136,7,6,1,1
137,7,6,1,0
138,7,6,1,3
139,7,6,1,0
140,7,6,1,4
141,7,6,1,3
142,7,6,1,2
143,7,6,1,1
144,7,6,1,0
145,7,6,1,4
146,7,6,1,3
147,7,6,1,2
148,7,6,1,1
149,7,6,1,4
150,7,6,1,3
151,7,0,7,0
152,7,6,1,4
153,7,6,1,0
154,7,6,1,1
155,7,6,1,2
156,7,6,1,1
157,7,6,1,0
158,7,6,1,4
159,7,6,1,3
160,7,6,1,2
161,7,6,1,1
162,7,6,1,1
163,7,6,1,0
164,7,6,1,4
165,7,6,1,3
166,7,6,1,1
167,7,6,1,2
168,7,6,1,0
169,7,6,1,4
170,7,6,1,3
171,7,6,1,2
172,7,6,1,1
173,7,6,1,3
174,7,6,1,3
175,7,6,1,2
176,7,6,1,2
177,7,6,1,1
178,7,6,1,0
179,7,6,1,4
180,7,6,1,3
181,7,6,1,2
182,7,6,1,1
183,7,6,1,0
184,7,6,1,4
185,7,6,1,3
186,7,6,1,2
187,7,6,1,1
188,7,6,1,3
189,7,6,1,4
190,7,6,1,3
191,7,0,7,2
192,1,0,1,4
193,7,6,1,1
194,7,6,1,0
195,7,6,1,4
196,7,6,1,3
197,7,6,1,2
198,7,6,1,1
199,7,6,1,0
200,7,6,1,4
201,6,6,0,3
202,6,6,0,4
203,6,6,0,0
204,6,6,0,1
205,6,6,0,2
206,6,6,0,3
207,6,6,0,3
208,6,6,0,0
209,6,6,0,1
210,6,6,0,2
211,6,6,0,3
212,6,6,0,4
213,6,6,0,0
214,6,6,0,1
215,6,6,0,2
216,6,6,0,4
217,6,6,0,0
218,6,6,0,4
219,6,6,0,3
220,6,6,0,2
221,6,6,0,1
222,6,6,0,0
223,6,6,0,4
224,6,6,0,3
225,6,6,0,2
226,6,6,0,1
227,6,6,0,0
228,6,6,0,4
229,6,6,0,3
230,6,6,0,2
231,6,6,0,1
232,6,6,0,4
233,6,6,0,0
234,6,0,6,1
235,6,6,0,2
236,6,6,0,3
237,6,6,0,4
238,6,6,0,0
239,6,6,0,1
240,6,6,0,1
241,6,0,6,3
242,6,6,0,4
243,6,6,0,0
244,6,6,0,1
245,6,6,0,2
246,6,6,0,3
247,6,6,0,4
248,2,0,2,3
249,6,6,0,0
250,6,6,0,2
251,6,6,0,3
252,6,6,0,2
253,6,6,0,1
254,6,6,0,0
255,6,6,0,4
256,6,6,0,3
257,6,6,0,2
258,6,6,0,1
259,6,6,0,0
260,6,6,0,4
261,6,6,0,3
262,6,6,0,2
263,6,6,0,1
264,6,6,0,0
265,6,6,0,4
266,6,6,0,1
267,6,6,0,1
268,6,6,0,0
269,6,6,0,4
270,6,6,0,3
271,6,6,0,2
272,6,6,0,1
273,6,6,0,0
274,6,6,0,4
275,6,6,0,3
276,6,6,0,2
277,6,6,0,1
278,6,6,0,0
279,6,6,0,4
280,6,6,0,3
281,6,6,0,2
282,6,6,0,2
283,6,6,0,0
284,6,6,0,4
285,6,6,0,3
286,6,6,0,2
287,6,6,0,1
288,6,6,0,0
289,6,6,0,4
290,6,6,0,3
291,6,6,0,2
292,6,6,0,1
293,6,6,0,0
294,6,6,0,4
295,6,6,0,3
296,6,6,0,2
297,6,6,0,1
298,6,6,0,3
299,6,6,0,4
300,6,6,0,0
301,6,6,0,1
302,6,6,0,2
303,6,6,0,3
304,6,6,0,4
305,6,6,0,0
306,6,6,0,0
307,6,6,0,2
308,6,6,0,3
309,6,6,0,4
310,6,6,0,0
311,6,6,0,1
312,6,6,0,2
313,6,6,0,3
314,6,6,0,4
315,6,6,0,1
316,6,6,0,2
317,6,6,0,1
318,6,6,0,0
319,6,6,0,4
320,6,0,6,3
321,6,6,0,2
322,6,6,0,1
323,6,6,0,0
324,6,6,0,4
325,6,6,0,3
326,6,6,0,2
327,6,6,0,1
328,6,6,0,0
329,6,6,0,4
330,6,6,0,3
331,6,6,0,1
332,6,6,0,3
333,6,6,0,4
334,6,6,0,0
335,6,6,0,1
336,6,6,0,2
337,6,6,0,3
338,6,6,0,4
339,6,6,0,4
340,6,6,0,1
341,6,6,0,2
342,6,6,0,3
343,6,6,0,4
344,6,6,0,0
345,6,6,0,1
346,6,6,0,2
347,6,6,0,3
348,6,6,0,0
349,6,6,0,1
350,6,6,0,0
351,6,6,0,4
352,6,6,0,3
353,6,6,0,2
354,6,6,0,1
355,6,6,0,0
356,6,6,0,4
357,6,6,0,3
358,6,6,0,2
359,6,6,0,1
360,6,6,0,0
361,6,6,0,4
362,6,6,0,3
363,6,6,0,2
364,6,6,0,2
365,4,0,4,2
366,6,6,0,1
367,6,6,0,0
368,6,6,0,4
369,6,6,0,3
370,6,6,0,2
371,6,6,0,1
372,6,6,0,0
373,6,6,0,4
374,6,6,0,3
375,6,6,0,2
376,6,6,0,1
377,6,6,0,0
378,6,6,0,4
379,6,6,0,3
380,6,6,0,2
381,6,6,0,0
382,6,6,0,1
383,6,6,0,2
384,6,6,0,4
385,6,6,0,0
386,6,6,0,1
387,6,6,0,1
388,6,6,0,3
389,6,6,0,4
390,6,6,0,0
391,6,6,0,1
392,6,6,0,2
393,6,6,0,3
394,6,6,0,4
395,6,6,0,0
396,6,6,0,2
397,6,6,0,2
398,6,6,0,2
399,6,6,0,1
400,6,6,0,0
401,6,6,0,4
402,6,6,0,3
403,6,6,0,2
404,6,6,0,1
405,6,6,0,0
406,6,6,0,4
407,6,6,0,3
408,6,6,0,2
409,6,6,0,1
410,6,6,0,0
411,6,6,0,4
412,6,6,0,3
413,6,6,0,3
414,6,6,0,1
415,6,6,0,0
416,6,6,0,4
417,6,6,0,3
418,6,6,0,2
419,6,6,0,1
420,6,6,0,0
421,6,6,0,4
422,6,6,0,3
423,6,6,0,2
424,6,6,0,1
425,6,6,0,0
426,6,6,0,4
427,6,0,6,3
428,5,0,5,1
429,6,6,0,4
430,6,6,0,0
431,6,6,0,1
432,6,6,0,2
433,6,6,0,3
434,6,6,0,4
435,6,6,0,0
436,6,6,0,1
437,6,6,0,1
438,6,6,0,3
439,6,6,0,4
440,6,6,0,0
441,6,6,0,1
442,6,6,0,2
443,6,6,0,3
444,6,6,0,4
445,6,6,0,0
446,6,6,0,2
447,6,6,0,3
448,6,6,0,2
449,6,6,0,1
450,6,6,0,0
451,6,6,0,4
452,6,6,0,3
453,6,6,0,2
454,6,6,0,1
455,6,6,0,0
456,6,6,0,4
457,6,6,0,3
458,6,6,0,2
459,6,6,0,1
460,6,0,6,0
461,6,6,0,3
462,6,6,0,0
463,6,6,0,3
464,6,6,0,0
465,6,6,0,3
466,6,6,0,2
467,6,6,0,1
468,6,6,0,0
469,6,6,0,4
470,6,6,0,3
471,6,6,0,1
472,6,6,0,4
473,6,6,0,4
474,6,6,0,3
475,6,6,0,2
476,6,6,0,1
477,6,6,0,0
478,6,6,0,4
479,6,6,0,3
480,6,6,0,2
481,6,6,0,1
482,6,6,0,2
483,6,6,0,3
484,6,6,0,4
485,6,6,0,0
486,6,6,0,1
487,6,6,0,1
488,6,6,0,3
489,6,6,0,4
490,6,6,0,0
491,6,6,0,1
492,6,6,0,2
493,6,6,0,3
494,6,6,0,4
495,6,6,0,0
496,6,6,0,3
497,6,6,0,3
498,6,6,0,4
499,6,6,0,0
500,6,6,0,1
501,6,6,0,2
502,6,6,0,3
503,6,6,0,4
504,6,6,0,0
505,6,6,0,0
506,6,6,0,2
507,6,6,0,3
508,6,6,0,4
509,6,6,0,0
510,6,6,0,1
511,6,6,0,2
512,6,6,0,3
513,6,6,0,4
514,6,6,0,1
515,6,6,0,2
516,6,6,0,0
517,6,6,0,1
518,6,6,0,2
519,6,6,0,3
520,6,6,0,4
521,6,6,0,0
522,6,6,0,1
523,6,6,0,2
524,6,6,0,2
525,6,6,0,4
526,6,6,0,0
527,6,6,0,1
528,6,6,0,2
529,6,6,0,3
530,6,6,0,4
531,6,6,0,0
532,6,6,0,1
533,6,6,0,2
534,6,6,0,2
535,6,6,0,3
536,6,6,0,4
537,6,6,0,1
538,6,6,0,2
539,6,6,0,3
540,6,6,0,4
541,6,6,0,4
542,6,6,0,1
543,6,6,0,2
544,6,6,0,3
545,6,6,0,4
546,6,6,0,0
547,6,6,0,1
548,6,6,0,2
549,6,6,0,3
550,6,6,0,3
551,6,6,0,1
552,6,6,0,2
553,6,6,0,2
554,6,6,0,3
555,6,6,0,4
556,6,0,6,0
557,6,6,0,1
558,6,6,0,2
559,6,6,0,3
560,6,6,0,4
561,6,6,0,0
562,6,6,0,1
563,6,6,0,2
564,6,6,0,0
565,6,6,0,4
566,6,6,0,0
567,6,6,0,0
568,6,6,0,2
569,6,6,0,3
570,6,6,0,4
571,6,6,0,0
572,6,6,0,1
573,6,6,0,2
574,6,6,0,3
575,6,6,0,4
576,6,6,0,4
577,6,6,0,1
578,6,6,0,2
579,6,6,0,3
580,6,6,0,4
581,6,6,0,0
582,6,6,0,1
583,6,6,0,2
584,6,6,0,3
585,6,6,0,0
586,6,6,0,0
587,6,6,0,1
588,6,6,0,2
589,6,6,0,3
590,6,6,0,4
591,6,6,0,0
592,6,6,0,1
593,6,6,0,1
594,6,6,0,3
595,6,6,0,4
596,6,6,0,0
597,6,6,0,1
598,6,0,6,2
599,6,6,0,3
600,6,6,0,4
601,6,6,0,0
602,6,6,0,2
603,6,6,0,2
604,6,6,0,3
605,6,6,0,4
606,6,6,0,0
607,6,6,0,1
608,6,6,0,2
609,6,6,0,3
610,6,6,0,4
611,6,6,0,0
612,6,6,0,0
613,6,6,0,2
614,6,6,0,3
615,6,6,0,4
616,6,6,0,0
617,6,6,0,1
618,6,6,0,2
619,6,6,0,3
620,6,6,0,4
621,6,6,0,1
622,6,6,0,1
623,6,6,0,2
624,6,6,0,3
625,6,6,0,4
626,6,6,0,0
627,6,6,0,1
628,6,6,0,2
629,6,6,0,2
630,6,6,0,4
631,6,6,0,0
632,6,6,0,1
633,6,6,0,2
634,6,6,0,3
635,6,6,0,4
636,6,6,0,0
637,6,6,0,1
638,6,6,0,3
639,6,6,0,3
640,6,6,0,4
641,6,6,0,0
642,6,6,0,1
643,6,6,0,2
644,6,6,0,3
645,6,6,0,4
646,6,6,0,0
647,6,6,0,0
648,6,6,0,2
649,6,6,0,3
650,6,6,0,4
651,6,6,0,0
652,6,6,0,1
653,6,6,0,2
654,6,6,0,3
655,6,6,0,4
656,6,6,0,1
657,6,6,0,1
658,6,6,0,2
659,6,6,0,3
660,6,6,0,4
661,6,6,0,0
662,6,6,0,1
663,6,6,0,2
664,6,6,0,2
665,6,6,0,4
666,6,6,0,0
667,6,6,0,1
668,6,6,0,2
669,6,6,0,3
670,6,6,0,4
671,6,6,0,0
672,6,6,0,1
673,6,6,0,3
674,6,6,0,3
675,6,6,0,4
676,6,6,0,0
677,6,6,0,1
678,6,6,0,2
679,6,6,0,3
680,6,6,0,4
681,6,6,0,0
682,6,6,0,0
683,6,6,0,2
684,6,6,0,3
685,6,6,0,4
686,6,6,0,0
687,6,6,0,1
688,6,6,0,2
689,6,6,0,3
690,6,6,0,4
691,6,6,0,1
692,6,6,0,1
693,6,6,0,2
694,6,6,0,3
695,6,6,0,4
696,6,6,0,0
697,6,6,0,1
698,6,6,0,2
699,6,6,0,2
700,6,6,0,4
701,6,6,0,0
702,6,6,0,1
703,6,6,0,2
704,6,6,0,3
705,6,6,0,4
706,6,6,0,0
707,6,6,0,1
708,6,6,0,3
709,6,6,0,3
710,6,6,0,4
711,6,6,0,0
712,6,6,0,1
713,6,6,0,2
714,6,6,0,3
715,6,6,0,4
716,6,6,0,0
717,6,6,0,0
718,6,6,0,2
719,6,6,0,3
720,6,6,0,4
721,6,6,0,0
722,6,6,0,1
723,6,6,0,2
724,6,6,0,3
725,6,6,0,4
726,6,6,0,1
727,6,6,0,1
728,6,6,0,2
729,6,6,0,3
730,6,6,0,4
731,6,6,0,0
732,6,6,0,1
733,6,6,0,2
734,6,6,0,2
735,6,6,0,4
736,6,6,0,0
737,6,6,0,1
738,6,6,0,2
739,6,6,0,3
740,6,6,0,4
741,6,6,0,0
742,6,6,0,1
743,2,0,2,2
744,5,0,5,4
745,5,0,5,3
746,1,0,1,3
747,5,0,5,0
748,4,0,4,3
749,5,0,5,4
750,2,0,2,1
751,5,0,5,2
752,5,0,5,0
753,5,0,5,2
754,3,0,3,1
755,5,0,5,3
756,4,0,4,1
757,2,0,2,0
758,2,0,2,4
759,4,0,4,2
760,4,0,4,4
761,4,0,4,0
762,4,0,4,3
763,4,0,4,4
764,4,0,4,0
765,4,0,4,1
766,4,0,4,2
767,4,0,4,3
768,1,0,1,2
769,3,0,3,0
770,4,0,4,4
771,4,0,4,0
772,4,0,4,1
773,4,0,4,2
774,4,0,4,3
775,4,0,4,4
776,3,0,3,4
777,2,0,2,3
778,4,0,4,0
779,4,0,4,1
780,4,0,4,2
781,4,0,4,3
782,4,0,4,4
783,4,0,4,0
784,4,0,4,1
785,4,0,4,2
786,4,0,4,3
787,3,0,3,3
788,3,0,3,2
789,3,0,3,1
790,3,0,3,0
791,1,0,1,1
792,1,0,1,0
793,3,0,3,3
794,1,0,1,4
795,3,0,3,3
796,3,0,3,2
797,3,0,3,1
798,3,0,3,0
799,3,0,3,4
800,3,0,3,3
801,1,0,1,0
802,1,0,1,3
803,3,0,3,2
804,3,0,3,1
805,3,0,3,4
806,3,0,3,0
807,3,0,3,2
808,1,0,1,2
809,3,0,3,1
810,3,0,3,1
811,3,0,3,0
812,3,0,3,3
813,3,0,3,4
814,2,0,2,2
815,3,0,3,0
816,3,0,3,1
817,3,0,3,2
818,2,0,2,1
819,3,0,3,3
820,3,0,3,4
821,3,0,3,1
822,3,0,3,0
823,3,0,3,0
824,3,0,3,4
825,3,0,3,3
826,3,0,3,0
827,3,0,3,1
828,3,0,3,0
829,3,0,3,4
830,3,0,3,1
831,3,0,3,2
832,1,0,1,1
833,3,0,3,1
834,3,0,3,0
835,3,0,3,2
836,3,0,3,4
837,3,0,3,3
838,3,0,3,1
839,3,0,3,2
840,3,0,3,3
841,3,0,3,4
842,3,0,3,0
843,1,0,1,0
844,1,0,1,4
845,3,0,3,1
846,3,0,3,4
847,3,0,3,3
848,3,0,3,0
849,3,0,3,4
850,3,0,3,4
851,2,0,2,0
852,3,0,3,0
853,3,0,3,2
854,3,0,3,3
855,2,0,2,4
856,1,0,1,3
857,3,0,3,4
858,3,0,3,2
859,3,0,3,4
860,3,0,3,3
861,3,0,3,2
862,3,0,3,1
863,3,0,3,0
864,3,0,3,4
865,3,0,3,3
866,3,0,3,2
867,3,0,3,1
868,3,0,3,0
869,3,0,3,4
870,3,0,3,3
871,3,0,3,2
872,3,0,3,1
873,3,0,3,0
874,3,0,3,4
875,3,0,3,3
876,2,0,2,3
877,3,0,3,2
878,3,0,3,1
879,3,0,3,0
880,3,0,3,4
881,3,0,3,3
882,3,0,3,2
883,3,0,3,1
884,3,0,3,0
885,3,0,3,4
886,3,0,3,3
887,3,0,3,2
888,3,0,3,1
889,1,0,1,2
890,2,0,2,1
891,2,0,2,0
892,2,0,2,4
893,2,0,2,3
894,2,0,2,2
895,2,0,2,1
896,2,0,2,0
897,2,0,2,4
898,2,0,2,3
899,1,0,1,1
900,1,0,1,4
901,2,0,2,2
902,2,0,2,1
903,2,0,2,0
904,2,0,2,4
905,2,0,2,3
906,2,0,2,2
907,2,0,2,1
908,2,0,2,0
909,1,0,1,4
910,2,0,2,4
911,2,0,2,3
912,1,0,1,3
913,2,0,2,2
914,2,0,2,1
915,2,0,2,2
916,2,0,2,1
917,2,0,2,0
918,2,0,2,4
919,1,0,1,2
920,2,0,2,3
921,2,0,2,2
922,2,0,2,1
923,2,0,2,0
924,2,0,2,4
925,2,0,2,3
926,2,0,2,2
927,2,0,2,1
928,1,0,1,1
929,1,0,1,0
930,2,0,2,0
931,2,0,2,1
932,1,0,1,4
933,2,0,2,4
934,2,0,2,3
935,2,0,2,2
936,2,0,2,1
937,2,0,2,0
938,2,0,2,2
939,2,0,2,1
940,2,0,2,0
941,2,0,2,4
942,2,0,2,3
943,2,0,2,2
944,2,0,2,1
945,2,0,2,0
946,2,0,2,4
947,2,0,2,3
948,2,0,2,2
949,2,0,2,1
950,2,0,2,0
951,2,0,2,4
952,2,0,2,3
953,2,0,2,2
954,2,0,2,1
955,2,0,2,0
956,2,0,2,4
957,1,0,1,3
958,2,0,2,3
959,2,0,2,0
960,2,0,2,4
961,1,0,1,2
962,2,0,2,3
963,1,0,1,2
964,2,0,2,2
965,2,0,2,1
966,2,0,2,0
967,2,0,2,4
968,2,0,2,3
969,2,0,2,2
970,2,0,2,1
971,2,0,2,0
972,2,0,2,4
973,2,0,2,3
974,2,0,2,0
975,2,0,2,1
976,2,0,2,0
977,2,0,2,4
978,2,0,2,3
979,2,0,2,2
980,2,0,2,4
981,2,0,2,2
982,2,0,2,4
983,2,0,2,2
984,2,0,2,1
985,2,0,2,1
986,2,0,2,3
987,2,0,2,0
988,2,0,2,3
989,2,0,2,0
990,2,0,2,3
991,2,0,2,2
992,2,0,2,1
993,2,0,2,0
994,2,0,2,4
995,2,0,2,3
996,2,0,2,2
997,2,0,2,2
998,2,0,2,4
999,2,0,2,4
1000,2,0,2,3
1001,2,0,2,2
1002,2,0,2,1
1003,2,0,2,0
1004,1,0,1,4
1005,2,0,2,3
1006,2,0,2,2
1007,2,0,2,3
1008,2,0,2,1
1009,2,0,2,0
1010,2,0,2,4
1011,1,0,1,3
1012,1,0,1,2
1013,2,0,2,3
1014,2,0,2,2
1015,2,0,2,0
1016,2,0,2,4
1017,2,0,2,2
1018,1,0,1,1
1019,2,0,2,0
1020,2,0,2,3
1021,1,0,1,0
1022,2,0,2,1
1023,2,0,2,0
1024,2,0,2,1
1025,2,0,2,2
1026,2,0,2,4
1027,2,0,2,1
1028,2,0,2,2
1029,2,0,2,1
1030,2,0,2,4
1031,1,0,1,4
1032,2,0,2,3
1033,2,0,2,4
1034,2,0,2,4
1035,2,0,2,2
1036,2,0,2,3
1037,2,0,2,4
1038,1,0,1,3
1039,2,0,2,0
1040,2,0,2,3
1041,2,0,2,2
1042,2,0,2,3
1043,2,0,2,4
1044,2,0,2,0
1045,2,0,2,1
1046,2,0,2,2
1047,2,0,2,4
1048,2,0,2,0
1049,2,0,2,1
1050,2,0,2,2
1051,2,0,2,1
1052,2,0,2,4
1053,2,0,2,0
1054,2,0,2,1
1055,2,0,2,2
1056,2,0,2,3
1057,2,0,2,4
1058,2,0,2,0
1059,2,0,2,3
1060,2,0,2,0
1061,2,0,2,3
1062,2,0,2,4
1063,2,0,2,1
1064,1,0,1,2
1065,2,0,2,3
1066,1,0,1,0
1067,2,0,2,4
1068,2,0,2,2
1069,2,0,2,2
1070,2,0,2,1
1071,2,0,2,0
1072,1,0,1,0
1073,2,0,2,2
1074,2,0,2,1
1075,2,0,2,3
1076,2,0,2,1
1077,2,0,2,0
1078,2,0,2,4
1079,2,0,2,3
1080,2,0,2,2
1081,2,0,2,1
1082,2,0,2,3
1083,2,0,2,1
1084,2,0,2,4
1085,2,0,2,3
1086,2,0,2,2
1087,2,0,2,1
1088,2,0,2,0
1089,2,0,2,4
1090,2,0,2,2
1091,2,0,2,1
1092,2,0,2,0
1093,2,0,2,4
1094,2,0,2,3
1095,2,0,2,2
1096,2,0,2,1
1097,2,0,2,3
1098,2,0,2,3
1099,2,0,2,2
1100,2,0,2,4
1101,2,0,2,0
1102,2,0,2,0
1103,2,0,2,2
1104,2,0,2,2
1105,2,0,2,1
1106,2,0,2,0
1107,2,0,2,4
1108,2,0,2,3
1109,1,0,1,4
1110,2,0,2,2
1111,2,0,2,1
1112,2,0,2,0
1113,2,0,2,3
1114,2,0,2,2
1115,2,0,2,3
1116,2,0,2,0
1117,2,0,2,3
1118,2,0,2,0
1119,2,0,2,4
1120,1,0,1,3
1121,2,0,2,3
1122,2,0,2,2
1123,2,0,2,1
1124,2,0,2,1
1125,2,0,2,2
1126,2,0,2,4
1127,2,0,2,4
1128,2,0,2,0
1129,2,0,2,0
1130,2,0,2,4
1131,2,0,2,3
1132,2,0,2,2
1133,2,0,2,1
1134,2,0,2,0
1135,2,0,2,4
1136,2,0,2,3
1137,2,0,2,2
1138,2,0,2,1
1139,2,0,2,0
1140,2,0,2,1
1141,2,0,2,3
1142,2,0,2,2
1143,2,0,2,1
1144,2,0,2,0
1145,1,0,1,2
1146,1,0,1,1
1147,2,0,2,4
1148,2,0,2,3
1149,2,0,2,2
1150,2,0,2,1
1151,2,0,2,0
1152,2,0,2,4
1153,2,0,2,2
1154,2,0,2,3
1155,2,0,2,2
1156,2,0,2,1
1157,2,0,2,0
1158,2,0,2,4
1159,2,0,2,0
1160,2,0,2,3
1161,2,0,2,2
1162,2,0,2,1
1163,2,0,2,0
1164,2,0,2,4
1165,2,0,2,3
1166,2,0,2,4
1167,2,0,2,1
1168,2,0,2,0
1169,1,0,1,0
1170,1,0,1,4
1171,2,0,2,4
1172,2,0,2,3
1173,2,0,2,2
1174,2,0,2,1
1175,2,0,2,0
1176,2,0,2,4
1177,2,0,2,3
1178,2,0,2,2
1179,1,0,1,4
1180,2,0,2,4
1181,2,0,2,4
1182,2,0,2,3
1183,2,0,2,2
1184,2,0,2,1
1185,2,0,2,0
1186,2,0,2,4
1187,2,0,2,2
1188,2,0,2,1
1189,2,0,2,0
1190,2,0,2,0
1191,2,0,2,3
1192,2,0,2,2
1193,2,0,2,1
1194,2,0,2,0
1195,2,0,2,4
1196,2,0,2,3
1197,2,0,2,2
1198,2,0,2,1
1199,2,0,2,0
1200,2,0,2,4
1201,2,0,2,1
1202,2,0,2,2
1203,2,0,2,1
1204,2,0,2,2
1205,2,0,2,4
1206,2,0,2,3
1207,2,0,2,0
1208,2,0,2,4
1209,2,0,2,3
1210,2,0,2,1
1211,2,0,2,0
1212,2,0,2,3
1213,2,0,2,2
1214,2,0,2,1
1215,2,0,2,1
1216,2,0,2,2
1217,2,0,2,3
1218,2,0,2,4
1219,2,0,2,0
1220,2,0,2,2
1221,2,0,2,3
1222,2,0,2,4
1223,2,0,2,0
1224,1,0,1,2
1225,1,0,1,1
1226,1,0,1,0
1227,1,0,1,4
1228,1,0,1,3
1229,1,0,1,2
1230,1,0,1,1
1231,1,0,1,0
1232,1,0,1,3
1233,1,0,1,3
1234,1,0,1,2
1235,1,0,1,1
1236,1,0,1,0
1237,1,0,1,4
1238,1,0,1,3
1239,1,0,1,2
1240,1,0,1,1
1241,1,0,1,3
1242,1,0,1,2
1243,1,0,1,1
1244,1,0,1,0
1245,1,0,1,4
1246,1,0,1,3
1247,1,0,1,2
1248,1,0,1,1
1249,1,0,1,0
1250,1,0,1,3
1251,1,0,1,3
1252,1,0,1,2
1253,1,0,1,1
1254,1,0,1,0
1255,1,0,1,4
1256,1,0,1,3
1257,1,0,1,2
1258,1,0,1,1
1259,1,0,1,2
1260,1,0,1,0
1261,1,0,1,4
1262,1,0,1,3
1263,1,0,1,2
1264,1,0,1,1
1265,1,0,1,0
1266,1,0,1,4
1267,1,0,1,3
1268,1,0,1,1
1269,1,0,1,1
1270,1,0,1,0
1271,1,0,1,4
1272,1,0,1,3
1273,1,0,1,2
1274,1,0,1,1
1275,1,0,1,0
1276,1,0,1,4
1277,1,0,1,4
1278,1,0,1,1
1279,1,0,1,0
1280,1,0,1,4
1281,1,0,1,3
1282,1,0,1,2
1283,1,0,1,1
1284,1,0,1,0
1285,1,0,1,4
1286,1,0,1,2
1287,1,0,1,2
1288,1,0,1,1
1289,1,0,1,0
1290,1,0,1,4
1291,1,0,1,3
1292,1,0,1,2
1293,1,0,1,1
1294,1,0,1,0
1295,1,0,1,1
1296,1,0,1,4
1297,1,0,1,3
1298,1,0,1,2
1299,1,0,1,1
1300,1,0,1,0
1301,1,0,1,4
1302,1,0,1,3
1303,1,0,1,2
1304,1,0,1,0
1305,1,0,1,0
1306,1,0,1,4
1307,1,0,1,3
1308,1,0,1,2
1309,1,0,1,1
1310,1,0,1,0
1311,1,0,1,4
1312,1,0,1,3
1313,1,0,1,1
1314,1,0,1,2
1315,1,0,1,1
1316,1,0,1,0
1317,1,0,1,4
1318,1,0,1,3
1319,1,0,1,2
1320,1,0,1,1
1321,1,0,1,0
1322,1,0,1,3
1323,1,0,1,3
1324,1,0,1,2
1325,1,0,1,1
1326,1,0,1,0
1327,1,0,1,4
1328,1,0,1,3
1329,1,0,1,2
1330,1,0,1,1
1331,1,0,1,2
1332,1,0,1,0
1333,1,0,1,4
1334,1,0,1,3
1335,1,0,1,2
1336,1,0,1,1
1337,1,0,1,0
1338,1,0,1,4
1339,1,0,1,3
1340,1,0,1,1
1341,1,0,1,1
1342,1,0,1,0
1343,1,0,1,4
1344,1,0,1,3
1345,1,0,1,2
1346,1,0,1,1
1347,1,0,1,0
1348,1,0,1,4
1349,1,0,1,4
1350,1,0,1,1
1351,1,0,1,0
1352,1,0,1,4
1353,1,0,1,3
1354,1,0,1,2
1355,1,0,1,1
1356,1,0,1,0
1357,1,0,1,4
1358,1,0,1,2
1359,1,0,1,2
1360,1,0,1,1
1361,1,0,1,0
1362,1,0,1,4
1363,1,0,1,3
1364,1,0,1,2
1365,1,0,1,1
1366,1,0,1,1
1367,1,0,1,4
1368,1,0,1,3
1369,1,0,1,2
1370,1,0,1,1
1371,1,0,1,0
1372,1,0,1,4
1373,1,0,1,3
1374,1,0,1,2
1375,1,0,1,0
1376,1,0,1,0
1377,1,0,1,4
1378,1,0,1,3
1379,1,0,1,2
1380,1,0,1,1
1381,1,0,1,0
1382,1,0,1,4
1383,1,0,1,3
1384,1,0,1,0
1385,1,0,1,4
1386,1,0,1,3
1387,1,0,1,2
1388,1,0,1,1
1389,1,0,1,0
1390,1,0,1,4
1391,1,0,1,3
1392,1,0,1,2
1393,1,0,1,0
1394,1,0,1,0
1395,1,0,1,4
1396,1,0,1,3
1397,1,0,1,2
1398,1,0,1,1
1399,1,0,1,0
1400,1,0,1,4
1401,1,0,1,3
1402,1,0,1,4
1403,1,0,1,2
1404,1,0,1,1
1405,1,0,1,0
1406,1,0,1,4
1407,1,0,1,3
1408,1,0,1,2
1409,1,0,1,1
1410,1,0,1,0
1411,1,0,1,3
1412,1,0,1,3
1413,1,0,1,2
1414,1,0,1,1
1415,1,0,1,0
1416,1,0,1,4
1417,1,0,1,3
1418,1,0,1,2
1419,1,0,1,1
1420,1,0,1,1
1421,1,0,1,3
1422,1,0,1,2
1423,1,0,1,1
1424,1,0,1,0
1425,1,0,1,4
1426,1,0,1,3
1427,1,0,1,2
1428,1,0,1,1
1429,1,0,1,4
1430,1,0,1,4
1431,1,0,1,3
1432,1,0,1,2
1433,1,0,1,1
1434,1,0,1,0
1435,1,0,1,4
1436,1,0,1,3
1437,1,0,1,2
1438,1,0,1,3
1439,1,0,1,1
1440,1,0,1,0
1441,1,0,1,4
1442,1,0,1,3
1443,1,0,1,2
1444,1,0,1,1
1445,1,0,1,0
1446,1,0,1,4
1447,1,0,1,2
1448,1,0,1,2
1449,1,0,1,1
1450,1,0,1,0
1451,1,0,1,4
1452,1,0,1,3
1453,1,0,1,2
1454,1,0,1,1
1455,1,0,1,0
1456,1,0,1,4
1457,1,0,1,2
1458,1,0,1,1
1459,1,0,1,0
1460,1,0,1,4
1461,1,0,1,3
1462,1,0,1,2
1463,1,0,1,1
1464,1,0,1,0
1465,1,0,1,3
1466,1,0,1,3
1467,1,0,1,2
1468,1,0,1,1
1469,1,0,1,0
1470,1,0,1,4
1471,1,0,1,3
1472,1,0,1,2
1473,1,0,1,1
1474,1,0,1,2
1475,1,0,1,0
1476,1,0,1,4
1477,1,0,1,3
1478,1,0,1,2
1479,1,0,1,1
1480,1,0,1,0
1481,1,0,1,4
1482,1,0,1,3
1483,1,0,1,1
1484,1,0,1,1
1485,1,0,1,0
1486,1,0,1,4
1487,1,0,1,3
1488,1,0,1,2
1489,1,0,1,1
1490,1,0,1,0
1491,1,0,1,4
1492,1,0,1,4
1493,1,0,1,1
1494,1,0,1,0
1495,1,0,1,4
1496,1,0,1,3
1497,1,0,1,2
1498,1,0,1,1
1499,1,0,1,0
1500,1,0,1,4
1501,1,0,1,2
1502,1,0,1,2
1503,1,0,1,1
1504,1,0,1,0
1505,1,0,1,4
1506,1,0,1,3
1507,1,0,1,2
1508,1,0,1,1
1509,1,0,1,0
1510,1,0,1,1
1511,1,0,1,4
1512,1,0,1,3
1513,1,0,1,2
1514,1,0,1,1
1515,1,0,1,0
1516,1,0,1,4
1517,1,0,1,3
1518,1,0,1,2
1519,1,0,1,0
1520,1,0,1,0
1521,1,0,1,4
1522,1,0,1,3
1523,1,0,1,2
1524,1,0,1,1
1525,1,0,1,0
1526,1,0,1,4
1527,1,0,1,3
1528,1,0,1,0
1529,1,0,1,4
1530,1,0,1,3
1531,1,0,1,2
1532,1,0,1,1
1533,1,0,1,0
1534,1,0,1,4
1535,1,0,1,3
1536,1,0,1,2
1537,1,0,1,0
1538,1,0,1,0
1539,1,0,1,4
1540,1,0,1,3
1541,1,0,1,2
1542,1,0,1,1
1543,1,0,1,0
1544,1,0,1,4
1545,1,0,1,3
1546,1,0,1,4
1547,1,0,1,2
1548,1,0,1,1
1549,1,0,1,0
1550,1,0,1,4
1551,1,0,1,3
1552,1,0,1,2
1553,1,0,1,1
1554,1,0,1,0
1555,1,0,1,3
1556,1,0,1,3
1557,1,0,1,2
1558,1,0,1,1
1559,1,0,1,0
1560,1,0,1,4
1561,1,0,1,3
1562,1,0,1,2
1563,1,0,1,1
1564,1,0,1,1
1565,1,0,1,3
1566,1,0,1,2
1567,1,0,1,1
1568,1,0,1,0
1569,1,0,1,4
1570,1,0,1,3
1571,1,0,1,2
1572,1,0,1,1
1573,1,0,1,4
1574,1,0,1,4
1575,1,0,1,3
1576,1,0,1,2
1577,1,0,1,1
1578,1,0,1,0
1579,1,0,1,4
1580,1,0,1,3
1581,1,0,1,2
1582,1,0,1,3
1583,1,0,1,1
1584,1,0,1,0
1585,1,0,1,4
1586,1,0,1,3
1587,1,0,1,2
1588,1,0,1,1
1589,1,0,1,0
1590,1,0,1,4
1591,1,0,1,2
1592,1,0,1,2
1593,1,0,1,1
1594,1,0,1,0
1595,1,0,1,4
1596,1,0,1,3
1597,1,0,1,2
1598,1,0,1,1
1599,1,0,1,0
1600,1,0,1,3
1601,1,0,1,3
1602,1,0,1,2
1603,1,0,1,1
1604,1,0,1,0
1605,1,0,1,4
1606,1,0,1,3
1607,1,0,1,2
1608,1,0,1,1
1609,1,0,1,4
1610,1,0,1,4
1611,1,0,1,3
1612,1,0,1,2
1613,1,0,1,1
1614,1,0,1,0
1615,1,0,1,4
1616,1,0,1,3
1617,1,0,1,2
1618,1,0,1,3
1619,1,0,1,1
1620,1,0,1,0
1621,1,0,1,4
1622,1,0,1,3
1623,1,0,1,2
1624,1,0,1,1
1625,1,0,1,0
1626,1,0,1,4
1627,1,0,1,2
1628,1,0,1,2
1629,1,0,1,1
1630,1,0,1,0
1631,1,0,1,4
1632,1,0,1,3
1633,1,0,1,2
1634,1,0,1,1
1635,1,0,1,0
1636,1,0,1,0
1637,1,0,1,2
1638,1,0,1,1
1639,1,0,1,0
1640,1,0,1,4
1641,1,0,1,3
1642,1,0,1,2
1643,1,0,1,1
1644,1,0,1,0
1645,1,0,1,3
1646,1,0,1,3
1647,1,0,1,2
1648,1,0,1,1
1649,1,0,1,0
1650,1,0,1,4
1651,1,0,1,3
1652,1,0,1,2
1653,1,0,1,2
1654,1,0,1,0
1655,1,0,1,4
1656,1,0,1,3
1657,1,0,1,2
1658,1,0,1,1
1659,1,0,1,0
1660,1,0,1,4
1661,1,0,1,3
1662,1,0,1,1
1663,1,0,1,1
1664,1,0,1,0
1665,1,0,1,4
1666,1,0,1,3
1667,1,0,1,2
1668,1,0,1,1
1669,1,0,1,0
1670,1,0,1,4
1671,1,0,1,1
1672,1,0,1,0
1673,1,0,1,4
1674,1,0,1,3
1675,1,0,1,2
1676,1,0,1,1
1677,1,0,1,0
1678,1,0,1,4
1679,1,0,1,3
1680,1,0,1,1
1681,1,0,1,1
1682,1,0,1,0
1683,1,0,1,4
1684,1,0,1,3
1685,1,0,1,2
1686,1,0,1,1
1687,1,0,1,0
1688,1,0,1,4
1689,1,0,1,0
1690,1,0,1,3
1691,1,0,1,2
1692,1,0,1,1
1693,1,0,1,0
1694,1,0,1,4
1695,1,0,1,3
1696,1,0,1,2
1697,1,0,1,1
1698,1,0,1,4
1699,1,0,1,4
1700,1,0,1,3
1701,1,0,1,2
1702,1,0,1,1
1703,1,0,1,0
1704,1,0,1,4
1705,1,0,1,3
1706,1,0,1,2
1707,1,0,1,2
1708,1,0,1,4
1709,1,0,1,3
1710,1,0,1,2
1711,1,0,1,1
1712,1,0,1,0
1713,1,0,1,4
1714,1,0,1,3
1715,1,0,1,2
1716,1,0,1,0
1717,1,0,1,0
1718,1,0,1,4
1719,1,0,1,3
1720,1,0,1,2
1721,1,0,1,1
1722,1,0,1,0
1723,1,0,1,4
1724,1,0,1,3
1725,1,0,1,4
1726,1,0,1,2
1727,1,0,1,1
1728,1,0,1,0
1729,1,0,1,4
1730,1,0,1,3
1731,1,0,1,2
1732,1,0,1,1
1733,1,0,1,0
1734,1,0,1,3
1735,1,0,1,3
1736,1,0,1,2
1737,1,0,1,1
1738,1,0,1,0
1739,1,0,1,4
1740,1,0,1,3
1741,1,0,1,2
1742,1,0,1,1
1743,1,0,1,3
1744,1,0,1,2
1745,1,0,1,1
1746,1,0,1,0
1747,1,0,1,4
1748,1,0,1,3
1749,1,0,1,2
1750,1,0,1,1
1751,1,0,1,0
1752,1,0,1,3
1753,1,0,1,3
1754,1,0,1,2
1755,1,0,1,1
1756,1,0,1,0
1757,1,0,1,4
1758,1,0,1,3
1759,1,0,1,2
1760,1,0,1,1
1761,1,0,1,2
1762,1,0,1,0
1763,1,0,1,4
1764,1,0,1,3
1765,1,0,1,2
1766,1,0,1,1
1767,1,0,1,0
1768,1,0,1,4
1769,1,0,1,3
1770,1,0,1,1
1771,1,0,1,1
1772,1,0,1,0
1773,1,0,1,4
1774,1,0,1,3
1775,1,0,1,2
1776,1,0,1,1
1777,1,0,1,0
1778,1,0,1,4
1779,1,0,1,4
1780,1,0,1,1
1781,1,0,1,0
1782,1,0,1,4
1783,1,0,1,3
1784,1,0,1,2
1785,1,0,1,1
1786,1,0,1,0
1787,1,0,1,4
1788,1,0,1,2
1789,1,0,1,2
1790,1,0,1,1
1791,1,0,1,0
1792,1,0,1,4
1793,1,0,1,3
1794,1,0,1,2
1795,1,0,1,1
1796,1,0,1,1
1797,1,0,1,4
1798,1,0,1,3
1799,1,0,1,2
1800,1,0,1,1
1801,1,0,1,0
1802,1,0,1,4
1803,1,0,1,3
1804,1,0,1,2
1805,1,0,1,0
1806,1,0,1,0
1807,1,0,1,4
1808,1,0,1,3
1809,1,0,1,2
1810,1,0,1,1
1811,1,0,1,0
1812,1,0,1,4
1813,1,0,1,3
1814,1,0,1,0
1815,1,0,1,4
1816,1,0,1,3
1817,1,0,1,2
1818,1,0,1,1
1819,1,0,1,0
1820,1,0,1,4
1821,1,0,1,3
1822,1,0,1,2
1823,1,0,1,0
1824,1,0,1,0
1825,1,0,1,4
1826,1,0,1,3
1827,1,0,1,2
1828,1,0,1,1
1829,1,0,1,0
1830,1,0,1,4
1831,1,0,1,3
1832,1,0,1,4
1833,1,0,1,2
1834,1,0,1,1
1835,1,0,1,0
1836,1,0,1,4
1837,1,0,1,3
1838,1,0,1,2
1839,1,0,1,1
1840,1,0,1,0
1841,1,0,1,3
1842,1,0,1,3
1843,1,0,1,2
1844,1,0,1,1
1845,1,0,1,0
1846,1,0,1,4
1847,1,0,1,3
1848,1,0,1,2
1849,1,0,1,1
1850,1,0,1,1
1851,1,0,1,3
1852,1,0,1,2
1853,1,0,1,1
1854,1,0,1,0
1855,1,0,1,4
1856,1,0,1,3
1857,1,0,1,2
1858,1,0,1,1
1859,1,0,1,4
1860,1,0,1,4
1861,1,0,1,3
1862,1,0,1,2
1863,1,0,1,1
1864,1,0,1,0
1865,1,0,1,4
1866,1,0,1,3
1867,1,0,1,2
1868,1,0,1,3
1869,1,0,1,1
1870,1,0,1,0
1871,1,0,1,4
1872,1,0,1,3
1873,1,0,1,2
1874,1,0,1,1
1875,1,0,1,0
1876,1,0,1,4
1877,1,0,1,2
1878,1,0,1,2
1879,1,0,1,1
1880,1,0,1,0
1881,1,0,1,4
1882,1,0,1,3
1883,1,0,1,2
1884,1,0,1,1
1885,1,0,1,0
1886,1,0,1,3
1887,1,0,1,4
1888,1,0,1,3
1889,1,0,1,2
1890,1,0,1,1
1891,1,0,1,0
1892,1,0,1,4
1893,1,0,1,3
1894,1,0,1,2
1895,1,0,1,0
1896,1,0,1,0
1897,1,0,1,4
1898,1,0,1,3
1899,1,0,1,2
1900,1,0,1,1
1901,1,0,1,0
1902,1,0,1,4
1903,1,0,1,3
1904,1,0,1,4
1905,1,0,1,2
1906,1,0,1,1
1907,1,0,1,0
1908,1,0,1,4
1909,1,0,1,3
1910,1,0,1,2
1911,1,0,1,1
1912,1,0,1,0
1913,1,0,1,3
1914,1,0,1,3
1915,1,0,1,2
1916,1,0,1,1
1917,1,0,1,0
1918,1,0,1,4
1919,1,0,1,3
1920,1,0,1,2
1921,1,0,1,1
1922,1,0,1,1
1923,1,0,1,3
1924,1,0,1,2
1925,1,0,1,1
1926,1,0,1,0
1927,1,0,1,4
1928,1,0,1,3
1929,1,0,1,2
1930,1,0,1,1
1931,1,0,1,4
1932,1,0,1,4
1933,1,0,1,3
1934,1,0,1,2
1935,1,0,1,1
1936,1,0,1,0
1937,1,0,1,4
1938,1,0,1,3
1939,1,0,1,3
1940,1,0,1,1
1941,1,0,1,0
1942,1,0,1,4
1943,1,0,1,3
1944,1,0,1,2
1945,1,0,1,1
1946,1,0,1,0
1947,1,0,1,4
1948,1,0,1,2
1949,1,0,1,2
1950,1,0,1,1
1951,1,0,1,0
1952,1,0,1,4
1953,1,0,1,3
1954,1,0,1,2
1955,1,0,1,1
1956,1,0,1,0
1957,1,0,1,2
1958,1,0,1,1
1959,1,0,1,0
1960,1,0,1,4
1961,1,0,1,3
1962,1,0,1,2
1963,1,0,1,1
1964,1,0,1,0
1965,1,0,1,4
1966,1,0,1,2
1967,1,0,1,2
1968,1,0,1,1
1969,1,0,1,0
1970,1,0,1,4
1971,1,0,1,3
1972,1,0,1,2
1973,1,0,1,1
1974,1,0,1,0
1975,1,0,1,1
1976,1,0,1,4
1977,1,0,1,3
1978,1,0,1,2
1979,1,0,1,1
1980,1,0,1,0
1981,1,0,1,4
1982,1,0,1,3
1983,1,0,1,2
1984,1,0,1,0
1985,1,0,1,0
1986,1,0,1,4
1987,1,0,1,3
1988,1,0,1,2
1989,1,0,1,1
1990,1,0,1,0
1991,1,0,1,4
1992,1,0,1,3
1993,1,0,1,3
1994,1,0,1,0
1995,1,0,1,4
1996,1,0,1,3
1997,1,0,1,2
1998,1,0,1,1
1999,1,0,1,0
2000,1,0,1,4
2001,1,0,1,3
2002,1,0,1,1
2003,1,0,1,1
2004,1,0,1,0
2005,1,0,1,4
2006,1,0,1,3
2007,1,0,1,2
2008,1,0,1,1
2009,1,0,1,0
2010,1,0,1,4
2011,1,0,1,0
2012,1,0,1,3
2013,1,0,1,2
2014,1,0,1,1
2015,1,0,1,0
2016,1,0,1,4
2017,1,0,1,3
2018,1,0,1,2
2019,1,0,1,1
2020,1,0,1,4
2021,1,0,1,4
2022,1,0,1,3
2023,1,0,1,2
2024,1,0,1,1
2025,1,0,1,0
2026,1,0,1,4
2027,1,0,1,3
2028,1,0,1,2
2029,1,0,1,1
2030,1,0,1,4
2031,1,0,1,3
2032,1,0,1,2
2033,1,0,1,1
2034,1,0,1,0
2035,1,0,1,4
2036,1,0,1,3
2037,1,0,1,2
2038,1,0,1,0
2039,1,0,1,0
2040,1,0,1,4
2041,1,0,1,3
2042,1,0,1,2
2043,1,0,1,1
2044,1,0,1,0
2045,1,0,1,4
2046,1,0,1,3
2047,1,0,1,4
2048,1,0,1,2
2049,1,0,1,1
2050,1,0,1,0
2051,1,0,1,4
2052,1,0,1,3
2053,1,0,1,2
2054,1,0,1,1
2055,1,0,1,0
2056,1,0,1,3
2057,1,0,1,3
2058,1,0,1,2
2059,1,0,1,1
2060,1,0,1,0
2061,1,0,1,4
2062,1,0,1,3
2063,1,0,1,2
2064,1,0,1,1
2065,1,0,1,1
2066,1,0,1,3
2067,1,0,1,2
2068,1,0,1,1
2069,1,0,1,0
2070,1,0,1,4
2071,1,0,1,3
2072,1,0,1,2
2073,1,0,1,1
2074,1,0,1,4
2075,1,0,1,4
2076,1,0,1,3
2077,1,0,1,2
2078,1,0,1,1
2079,1,0,1,0
2080,1,0,1,4
2081,1,0,1,3
2082,1,0,1,2
2083,1,0,1,3
2084,1,0,1,1
2085,1,0,1,0
2086,1,0,1,4
2087,1,0,1,3
2088,1,0,1,2
2089,1,0,1,1
2090,1,0,1,0
2091,1,0,1,4
2092,1,0,1,2
2093,1,0,1,2
2094,1,0,1,1
2095,1,0,1,0
2096,1,0,1,4
2097,1,0,1,3
2098,1,0,1,2
2099,1,0,1,1
2100,1,0,1,0
2101,1,0,1,2
2102,1,0,1,1
2103,1,0,1,0
2104,1,0,1,4
2105,1,0,1,3
2106,1,0,1,2
2107,1,0,1,1
2108,1,0,1,0
2109,1,0,1,4
2110,1,0,1,2
2111,1,0,1,2
2112,1,0,1,1
2113,1,0,1,0
2114,1,0,1,4
2115,1,0,1,3
2116,1,0,1,2
2117,1,0,1,1
2118,1,0,1,0
2119,1,0,1,1
2120,1,0,1,4
2121,1,0,1,3
2122,1,0,1,2
2123,1,0,1,1
2124,1,0,1,0
2125,1,0,1,4
2126,1,0,1,3
2127,1,0,1,2
2128,1,0,1,0
2129,1,0,1,0
2130,1,0,1,4
2131,1,0,1,3
2132,1,0,1,2
2133,1,0,1,1
2134,1,0,1,0
2135,1,0,1,4
2136,1,0,1,3
2137,1,0,1,3
2138,1,0,1,0
2139,1,0,1,4
2140,1,0,1,3
2141,1,0,1,2
2142,1,0,1,1
2143,1,0,1,0
2144,1,0,1,4
2145,1,0,1,3
2146,1,0,1,1
2147,1,0,1,1
2148,1,0,1,0
2149,1,0,1,4
2150,1,0,1,3
2151,1,0,1,2
2152,1,0,1,1
2153,1,0,1,0
2154,1,0,1,4
2155,1,0,1,0
2156,1,0,1,3
2157,1,0,1,2
2158,1,0,1,1
2159,1,0,1,0
2160,1,0,1,4
2161,1,0,1,3
2162,1,0,1,2
2163,1,0,1,1
2164,1,0,1,4
2165,1,0,1,4
2166,1,0,1,3
2167,1,0,1,2
2168,1,0,1,1
2169,1,0,1,0
2170,1,0,1,4
2171,1,0,1,3
2172,1,0,1,2
2173,1,0,1,0
2174,1,0,1,0
2175,1,0,1,4
2176,1,0,1,3
2177,1,0,1,2
2178,1,0,1,1
2179,1,0,1,0
2180,1,0,1,4
2181,1,0,1,3
2182,1,0,1,1
2183,1,0,1,1
2184,1,0,1,0
2185,1,0,1,4
2186,1,0,1,3
2187,1,0,1,2
2188,1,0,1,1
2189,1,0,1,0
2190,1,0,1,4
2191,1,0,1,0
2192,1,0,1,3
2193,1,0,1,2
2194,1,0,1,1
2195,1,0,1,0
2196,1,0,1,4
2197,1,0,1,3
2198,1,0,1,2
2199,1,0,1,1
2200,1,0,1,4
2201,1,0,1,4
2202,1,0,1,3
2203,1,0,1,2
2204,1,0,1,1
2205,1,0,1,0
2206,1,0,1,4
2207,1,0,1,3
2208,1,0,1,2
2209,1,0,1,2
2210,1,0,1,4
2211,1,0,1,3
2212,1,0,1,2
2213,1,0,1,1
2214,1,0,1,0
2215,1,0,1,4
2216,1,0,1,3
2217,1,0,1,2
2218,1,0,1,0
2219,1,0,1,0
2220,1,0,1,4
2221,1,0,1,3
2222,1,0,1,2
2223,1,0,1,1
2224,1,0,1,0
2225,1,0,1,4
2226,1,0,1,4
2227,1,0,1,2
2228,1,0,1,1
2229,1,0,1,0
2230,1,0,1,4
2231,1,0,1,3
2232,1,0,1,2
2233,1,0,1,1
2234,1,0,1,0
2235,1,0,1,3
2236,1,0,1,3
2237,1,0,1,2
2238,1,0,1,1
2239,1,0,1,0
2240,1,0,1,4
2241,1,0,1,3
2242,1,0,1,2
2243,1,0,1,1
2244,1,0,1,3
2245,1,0,1,2
2246,1,0,1,1
2247,1,0,1,0
2248,1,0,1,4
2249,1,0,1,3
2250,1,0,1,2
2251,1,0,1,1
2252,1,0,1,0
2253,1,0,1,3
2254,1,0,1,3
2255,1,0,1,2
2256,1,0,1,1
2257,1,0,1,0
2258,1,0,1,4
2259,1,0,1,3
2260,1,0,1,2
2261,1,0,1,1
2262,1,0,1,2
2263,1,0,1,0
2264,1,0,1,4
2265,1,0,1,3
2266,1,0,1,2
2267,1,0,1,1
2268,1,0,1,0
2269,1,0,1,4
2270,1,0,1,3
2271,1,0,1,1
2272,1,0,1,1
2273,1,0,1,0
2274,1,0,1,4
2275,1,0,1,3
2276,1,0,1,2
2277,1,0,1,1
2278,1,0,1,0
2279,1,0,1,4
2280,1,0,1,4
2281,1,0,1,1
2282,1,0,1,0
2283,1,0,1,4
2284,1,0,1,3
2285,1,0,1,2
2286,1,0,1,1
2287,1,0,1,0
2288,1,0,1,4
2289,1,0,1,2
2290,1,0,1,2
2291,1,0,1,1
2292,1,0,1,0
2293,1,0,1,4
2294,1,0,1,3
2295,1,0,1,2
2296,1,0,1,1
2297,1,0,1,0
2298,1,0,1,1
2299,1,0,1,4
2300,1,0,1,3
2301,1,0,1,2
2302,1,0,1,1
2303,1,0,1,0
2304,1,0,1,4
2305,1,0,1,3
2306,1,0,1,2
2307,1,0,1,0
2308,1,0,1,0
2309,1,0,1,4
2310,1,0,1,3
2311,1,0,1,2
2312,1,0,1,1
2313,1,0,1,0
2314,1,0,1,4
2315,1,0,1,3
2316,1,0,1,1
2317,1,0,1,2
2318,1,0,1,1
2319,1,0,1,0
2320,1,0,1,4
2321,1,0,1,3
2322,1,0,1,2
2323,1,0,1,1
2324,1,0,1,0
2325,1,0,1,3
2326,1,0,1,3
2327,1,0,1,2
2328,1,0,1,1
2329,1,0,1,0
2330,1,0,1,4
2331,1,0,1,3
2332,1,0,1,2
2333,1,0,1,1
2334,1,0,1,2
2335,1,0,1,0
2336,1,0,1,4
2337,1,0,1,3
2338,1,0,1,2
2339,1,0,1,1
2340,1,0,1,0
2341,1,0,1,4
2342,1,0,1,3
2343,1,0,1,1
2344,1,0,1,1
2345,1,0,1,0
2346,1,0,1,4
2347,1,0,1,3
2348,1,0,1,2
2349,1,0,1,1
2350,1,0,1,0
2351,1,0,1,4
2352,1,0,1,4
2353,1,0,1,1
2354,1,0,1,0
2355,1,0,1,4
2356,1,0,1,3
2357,1,0,1,2
2358,1,0,1,1
2359,1,0,1,0
2360,1,0,1,4
2361,1,0,1,2
2362,1,0,1,2
2363,1,0,1,1
2364,1,0,1,0
2365,1,0,1,4
2366,1,0,1,3
2367,1,0,1,2
2368,1,0,1,1
2369,1,0,1,0
2370,1,0,1,1
2371,1,0,1,4
2372,1,0,1,3
2373,1,0,1,2
2374,1,0,1,1
2375,1,0,1,0
2376,1,0,1,4
2377,1,0,1,3
2378,1,0,1,2
2379,1,0,1,0
2380,1,0,1,0
2381,1,0,1,4
2382,1,0,1,3
2383,1,0,1,2
2384,1,0,1,1
2385,1,0,1,0
2386,1,0,1,4
2387,1,0,1,3
2388,1,0,1,0
2389,1,0,1,4
2390,1,0,1,3
2391,1,0,1,2
2392,1,0,1,1
2393,1,0,1,0
2394,1,0,1,4
2395,1,0,1,3
2396,1,0,1,2
2397,1,0,1,0
2398,1,0,1,0
2399,1,0,1,4
2400,1,0,1,3
2401,1,0,1,2
2402,1,0,1,1
2403,1,0,1,0
2404,1,0,1,4
2405,1,0,1,3
2406,1,0,1,4
2407,1,0,1,2
2408,1,0,1,1
2409,1,0,1,0
2410,1,0,1,4
2411,1,0,1,3
2412,1,0,1,2
2413,1,0,1,1
2414,1,0,1,0
2415,1,0,1,3
2416,1,0,1,3
2417,1,0,1,2
2418,1,0,1,1
2419,1,0,1,0
2420,1,0,1,4
2421,1,0,1,3
2422,1,0,1,2
2423,1,0,1,1
2424,1,0,1,1
2425,1,0,1,3
2426,1,0,1,2
2427,1,0,1,1
2428,1,0,1,0
2429,1,0,1,4
2430,1,0,1,3
2431,1,0,1,2
2432,1,0,1,1
2433,1,0,1,4
2434,1,0,1,4
2435,1,0,1,3
2436,1,0,1,2
2437,1,0,1,1
2438,1,0,1,0
2439,1,0,1,4
2440,1,0,1,3
2441,1,0,1,2
2442,1,0,1,3
2443,1,0,1,1
2444,1,0,1,0
2445,1,0,1,4
2446,1,0,1,3
2447,1,0,1,2
2448,1,0,1,1
2449,1,0,1,0
2450,1,0,1,4
2451,1,0,1,2
2452,1,0,1,2
2453,1,0,1,1
2454,1,0,1,0
2455,1,0,1,4
2456,1,0,1,3
2457,1,0,1,2
2458,1,0,1,1
2459,1,0,1,0
2460,1,0,1,3
2461,1,0,1,3
2462,1,0,1,2
2463,1,0,1,1
2464,1,0,1,0
2465,1,0,1,4
2466,1,0,1,3
2467,1,0,1,2
2468,1,0,1,1
2469,1,0,1,4
2470,1,0,1,4
2471,1,0,1,3
2472,1,0,1,2
2473,1,0,1,1
2474,1,0,1,0
2475,1,0,1,4
2476,1,0,1,3
2477,1,0,1,2
2478,1,0,1,3
2479,1,0,1,1
2480,1,0,1,0
2481,1,0,1,4
2482,1,0,1,3
2483,1,0,1,2
2484,1,0,1,1
2485,1,0,1,0
2486,1,0,1,4
2487,1,0,1,2
2488,1,0,1,2
2489,1,0,1,1
2490,1,0,1,0
2491,1,0,1,4
2492,1,0,1,3
2493,1,0,1,2
2494,1,0,1,1
2495,1,0,1,0
2496,1,0,1,0
2497,1,0,1,2
2498,1,0,1,1
2499,1,0,1,0
2500,1,0,1,4
2501,1,0,1,3
2502,1,0,1,2
2503,1,0,1,1
2504,1,0,1,0
2505,1,0,1,3
2506,1,0,1,3
2507,1,0,1,2
2508,1,0,1,1
2509,1,0,1,0
2510,1,0,1,4
2511,1,0,1,3
2512,1,0,1,2
2513,1,0,1,2
2514,1,0,1,0
2515,1,0,1,4
2516,1,0,1,3
2517,1,0,1,2
2518,1,0,1,1
2519,1,0,1,0
2520,1,0,1,4
2521,1,0,1,3
2522,1,0,1,1
2523,1,0,1,1
2524,1,0,1,0
2525,1,0,1,4
2526,1,0,1,3
2527,1,0,1,2
2528,1,0,1,1
2529,1,0,1,0
2530,1,0,1,4
2531,1,0,1,1
2532,1,0,1,0
2533,1,0,1,4
2534,1,0,1,3
2535,1,0,1,2
2536,1,0,1,1
2537,1,0,1,0
2538,1,0,1,4
2539,1,0,1,3
2540,1,0,1,1
2541,1,0,1,1
2542,1,0,1,0
2543,1,0,1,4
2544,1,0,1,3
2545,1,0,1,2
2546,1,0,1,1
2547,1,0,1,0
2548,1,0,1,4
2549,1,0,1,0
2550,1,0,1,3
2551,1,0,1,2
2552,1,0,1,1
2553,1,0,1,0
2554,1,0,1,4
2555,1,0,1,3
2556,1,0,1,2
2557,1,0,1,1
2558,1,0,1,4
2559,1,0,1,4
2560,1,0,1,3
2561,1,0,1,2
2562,1,0,1,1
2563,1,0,1,0
2564,1,0,1,4
2565,1,0,1,3
2566,1,0,1,2
2567,1,0,1,2
2568,1,0,1,4
2569,1,0,1,3
2570,1,0,1,2
2571,1,0,1,1
2572,1,0,1,0
2573,1,0,1,4
2574,1,0,1,3
2575,1,0,1,2
2576,1,0,1,0
2577,1,0,1,0
2578,1,0,1,4
2579,1,0,1,3
2580,1,0,1,2
2581,1,0,1,1
2582,1,0,1,0
2583,1,0,1,4
2584,1,0,1,3
2585,1,0,1,4
2586,1,0,1,2
2587,1,0,1,1
2588,1,0,1,0
2589,1,0,1,4
2590,1,0,1,3
2591,1,0,1,2
2592,1,0,1,1
2593,1,0,1,0
2594,1,0,1,3
2595,1,0,1,3
2596,1,0,1,2
2597,1,0,1,1
2598,1,0,1,0
2599,1,0,1,4
2600,1,0,1,3
2601,1,0,1,2
2602,1,0,1,1
2603,1,0,1,1
2604,1,0,1,4
2605,1,0,1,3
2606,1,0,1,2
2607,1,0,1,1
2608,1,0,1,0
2609,1,0,1,4
2610,1,0,1,3
2611,1,0,1,2
2612,1,0,1,0
2613,1,0,1,0
2614,1,0,1,4
2615,1,0,1,3
2616,1,0,1,2
2617,1,0,1,1
2618,1,0,1,0
2619,1,0,1,4
2620,1,0,1,3
2621,1,0,1,4
2622,1,0,1,2
2623,1,0,1,1
2624,1,0,1,0
2625,1,0,1,4
2626,1,0,1,3
2627,1,0,1,2
2628,1,0,1,1
2629,1,0,1,0
2630,1,0,1,3
2631,1,0,1,3
2632,1,0,1,2
2633,1,0,1,1
2634,1,0,1,0
2635,1,0,1,4
2636,1,0,1,3
2637,1,0,1,2
2638,1,0,1,1
2639,1,0,1,1
2640,1,0,1,3
2641,1,0,1,2
2642,1,0,1,1
2643,1,0,1,0
2644,1,0,1,4
2645,1,0,1,3
2646,1,0,1,2
2647,1,0,1,1
2648,1,0,1,4
2649,1,0,1,4
2650,1,0,1,3
2651,1,0,1,2
2652,1,0,1,1
2653,1,0,1,0
2654,1,0,1,4
2655,1,0,1,3
2656,1,0,1,2
2657,1,0,1,3
2658,1,0,1,1
2659,1,0,1,0
2660,1,0,1,4
2661,1,0,1,3
2662,1,0,1,2
2663,1,0,1,1
2664,1,0,1,0
2665,1,0,1,4
2666,1,0,1,2
2667,1,0,1,2
2668,1,0,1,1
2669,1,0,1,0
2670,1,0,1,4
2671,1,0,1,3
2672,1,0,1,2
2673,1,0,1,1
2674,1,0,1,0
2675,1,0,1,2
2676,1,0,1,1
2677,1,0,1,0
2678,1,0,1,4
2679,1,0,1,3
2680,1,0,1,2
2681,1,0,1,1
2682,1,0,1,0
2683,1,0,1,4
2684,1,0,1,2
2685,1,0,1,2
2686,1,0,1,1
2687,1,0,1,0
2688,1,0,1,4
2689,1,0,1,3
2690,1,0,1,2
2691,1,0,1,1
2692,1,0,1,0
2693,1,0,1,1
2694,1,0,1,4
2695,1,0,1,3
2696,1,0,1,2
2697,1,0,1,1
2698,1,0,1,0
2699,1,0,1,4
2700,1,0,1,3
2701,1,0,1,2
2702,1,0,1,0
2703,1,0,1,0
2704,1,0,1,4
2705,1,0,1,3
2706,1,0,1,2
2707,1,0,1,1
2708,1,0,1,0
2709,1,0,1,4
2710,1,0,1,3
2711,1,0,1,3
2712,1,0,1,0
2713,1,0,1,4
2714,1,0,1,3
2715,1,0,1,2
2716,1,0,1,1
2717,1,0,1,0
2718,1,0,1,4
2719,1,0,1,3
2720,1,0,1,1
2721,1,0,1,1
2722,1,0,1,0
2723,1,0,1,4
2724,1,0,1,3
2725,1,0,1,2
2726,1,0,1,1
2727,1,0,1,0
2728,1,0,1,4
2729,1,0,1,0
2730,1,0,1,3
2731,1,0,1,2
2732,1,0,1,1
2733,1,0,1,0
2734,1,0,1,4
2735,1,0,1,3
2736,1,0,1,2
2737,1,0,1,1
2738,1,0,1,4
2739,1,0,1,4
2740,1,0,1,3
2741,1,0,1,2
2742,1,0,1,1
2743,1,0,1,0
2744,1,0,1,4
2745,1,0,1,3
2746,1,0,1,2
2747,1,0,1,0
2748,1,0,1,0
2749,1,0,1,4
2750,1,0,1,3
2751,1,0,1,2
2752,1,0,1,1
2753,1,0,1,0
2754,1,0,1,4
2755,1,0,1,3
2756,1,0,1,1
2757,1,0,1,1
2758,1,0,1,0
2759,1,0,1,4
2760,1,0,1,3
2761,1,0,1,2
2762,1,0,1,1
2763,1,0,1,0
2764,1,0,1,4
2765,1,0,1,0
2766,1,0,1,3
2767,1,0,1,2
2768,1,0,1,1
2769,1,0,1,0
2770,1,0,1,4
2771,1,0,1,3
2772,1,0,1,2
2773,1,0,1,1
2774,1,0,1,4
2775,1,0,1,4
2776,1,0,1,3
2777,1,0,1,2
2778,1,0,1,1
2779,1,0,1,0
2780,1,0,1,4
2781,1,0,1,3
2782,1,0,1,2
2783,1,0,1,2
2784,1,0,1,4
2785,1,0,1,3
2786,1,0,1,2
2787,1,0,1,1
2788,1,0,1,0
2789,1,0,1,4
2790,1,0,1,3
2791,1,0,1,2
2792,1,0,1,0
2793,1,0,1,0
2794,1,0,1,4
2795,1,0,1,3
2796,1,0,1,2
2797,1,0,1,1
2798,1,0,1,0
2799,1,0,1,4
2800,1,0,1,4
2801,1,0,1,2
2802,1,0,1,1
2803,1,0,1,0
2804,1,0,1,4
2805,1,0,1,3
2806,1,0,1,2
2807,1,0,1,1
2808,1,0,1,0
2809,1,0,1,3
2810,1,0,1,3
2811,1,0,1,2
2812,1,0,1,1
2813,1,0,1,0
2814,1,0,1,4
2815,1,0,1,3
2816,1,0,1,2
2817,1,0,1,1
2818,1,0,1,3
2819,1,0,1,2
2820,1,0,1,1
2821,1,0,1,0
2822,1,0,1,4
2823,1,0,1,3
2824,1,0,1,2
2825,1,0,1,1
2826,1,0,1,0
2827,1,0,1,3
2828,1,0,1,3
2829,1,0,1,2
2830,1,0,1,1
2831,1,0,1,0
2832,1,0,1,4
2833,1,0,1,3
2834,1,0,1,2
2835,1,0,1,1
2836,1,0,1,2
2837,1,0,1,0
2838,1,0,1,4
2839,1,0,1,3
2840,1,0,1,2
2841,1,0,1,1
2842,1,0,1,0
2843,1,0,1,4
2844,1,0,1,3
2845,1,0,1,1
2846,1,0,1,1
2847,1,0,1,0
2848,1,0,1,4
2849,1,0,1,3
2850,1,0,1,2
2851,1,0,1,1
2852,1,0,1,0
2853,1,0,1,4
2854,1,0,1,4
2855,1,0,1,1
2856,1,0,1,0
2857,1,0,1,4
2858,1,0,1,3
2859,1,0,1,2
2860,1,0,1,1
2861,1,0,1,0
2862,1,0,1,4
2863,1,0,1,2
2864,1,0,1,2
2865,1,0,1,1
2866,1,0,1,0
2867,1,0,1,4
2868,1,0,1,3
2869,1,0,1,2
2870,1,0,1,1
2871,1,0,1,0
2872,1,0,1,1
2873,1,0,1,4
2874,1,0,1,3
2875,1,0,1,2
2876,1,0,1,1
2877,1,0,1,0
2878,1,0,1,4
2879,1,0,1,3
2880,1,0,1,2
2881,1,0,1,0
2882,1,0,1,0
2883,1,0,1,4
2884,1,0,1,3
2885,1,0,1,2
2886,1,0,1,1
2887,1,0,1,0
2888,1,0,1,4
2889,1,0,1,3
2890,1,0,1,4
2891,1,0,1,3
2892,1,0,1,2
2893,1,0,1,1
2894,1,0,1,0
2895,1,0,1,4
2896,1,0,1,3
2897,1,0,1,2
2898,1,0,1,1
2899,1,0,1,4
2900,1,0,1,4
2901,1,0,1,3
2902,1,0,1,2
2903,1,0,1,1
2904,1,0,1,0
2905,1,0,1,4
2906,1,0,1,3
2907,1,0,1,2
2908,1,0,1,3
2909,1,0,1,1
2910,1,0,1,0
2911,1,0,1,4
2912,1,0,1,3
2913,1,0,1,2
2914,1,0,1,1
2915,1,0,1,0
2916,1,0,1,4
2917,1,0,1,2
2918,1,0,1,2
2919,1,0,1,1
2920,1,0,1,0
2921,1,0,1,4
2922,1,0,1,3
2923,1,0,1,2
2924,1,0,1,1
2925,1,0,1,0
2926,1,0,1,0
2927,1,0,1,2
2928,1,0,1,1
2929,1,0,1,0
2930,1,0,1,4
2931,1,0,1,3
2932,1,0,1,2
2933,1,0,1,1
2934,1,0,1,0
2935,1,0,1,3
2936,1,0,1,3
2937,1,0,1,2
2938,1,0,1,1
2939,1,0,1,0
2940,1,0,1,4
2941,1,0,1,3
2942,1,0,1,2
2943,1,0,1,2
2944,1,0,1,0
2945,1,0,1,4
2946,1,0,1,3
2947,1,0,1,2
2948,1,0,1,1
2949,1,0,1,0
2950,1,0,1,4
2951,1,0,1,3
2952,1,0,1,1
2953,1,0,1,1
2954,1,0,1,0
2955,1,0,1,4
2956,1,0,1,3
2957,1,0,1,2
2958,1,0,1,1
2959,1,0,1,0
2960,1,0,1,4
2961,1,0,1,1
2962,1,0,1,0
2963,1,0,1,4
2964,1,0,1,3
2965,1,0,1,2
2966,1,0,1,1
2967,1,0,1,0
2968,1,0,1,4
2969,1,0,1,3
2970,1,0,1,1
2971,1,0,1,1
2972,1,0,1,0
2973,1,0,1,4
2974,1,0,1,3
2975,1,0,1,2
2976,1,0,1,1
2977,1,0,1,0
2978,1,0,1,4
2979,1,0,1,0
2980,1,0,1,3
2981,1,0,1,2
2982,1,0,1,1
2983,1,0,1,0
2984,1,0,1,4
2985,1,0,1,3
2986,1,0,1,2
2987,1,0,1,1
2988,1,0,1,4
2989,1,0,1,4
2990,1,0,1,3
2991,1,0,1,2
2992,1,0,1,1
2993,1,0,1,0
2994,1,0,1,4
2995,1,0,1,3
2996,1,0,1,2
2997,1,0,1,2
2998,1,0,1,4
2999,1,0,1,3
3000,1,0,1,2
3001,1,0,1,1
3002,1,0,1,0
3003,1,0,1,4
3004,1,0,1,3
3005,1,0,1,2
3006,1,0,1,0
3007,1,0,1,0
3008,1,0,1,4
3009,1,0,1,3
3010,1,0,1,2
3011,1,0,1,1
3012,1,0,1,0
3013,1,0,1,4
3014,1,0,1,3
3015,1,0,1,4
3016,1,0,1,2
3017,1,0,1,1
3018,1,0,1,0
3019,1,0,1,4
3020,1,0,1,3
3021,1,0,1,2
3022,1,0,1,1
3023,1,0,1,0
3024,1,0,1,3
3025,1,0,1,3
3026,1,0,1,2
3027,1,0,1,1
3028,1,0,1,0
3029,1,0,1,4
3030,1,0,1,3
3031,1,0,1,2
3032,1,0,1,1
3033,1,0,1,4
3034,1,0,1,0
3035,1,0,1,4
3036,1,0,1,3
3037,1,0,1,2
3038,1,0,1,1
3039,1,0,1,0
3040,1,0,1,4
3041,1,0,1,3
3042,1,0,1,1
3043,1,0,1,1
3044,1,0,1,0
3045,1,0,1,4
3046,1,0,1,3
3047,1,0,1,2
3048,1,0,1,1
3049,1,0,1,0
3050,1,0,1,4
3051,1,0,1,0
3052,1,0,1,3
3053,1,0,1,2
3054,1,0,1,1
3055,1,0,1,0
3056,1,0,1,4
3057,1,0,1,3
3058,1,0,1,2
3059,1,0,1,1
3060,1,0,1,4
3061,1,0,1,4
3062,1,0,1,3
3063,1,0,1,2
3064,1,0,1,1
3065,1,0,1,0
3066,1,0,1,4
3067,1,0,1,3
3068,1,0,1,2
3069,1,0,1,2
3070,1,0,1,4
3071,1,0,1,3
3072,1,0,1,2
3073,1,0,1,1
3074,1,0,1,0
3075,1,0,1,4
3076,1,0,1,3
3077,1,0,1,2
3078,1,0,1,0
3079,1,0,1,0
3080,1,0,1,4
3081,1,0,1,3
3082,1,0,1,2
3083,1,0,1,1
3084,1,0,1,0
3085,1,0,1,4
3086,1,0,1,4
3087,1,0,1,2
3088,1,0,1,1
3089,1,0,1,0
3090,1,0,1,4
3091,1,0,1,3
3092,1,0,1,2
3093,1,0,1,1
3094,1,0,1,0
3095,1,0,1,3
3096,1,0,1,3
3097,1,0,1,2
3098,1,0,1,1
3099,1,0,1,0
3100,1,0,1,4
3101,1,0,1,3
3102,1,0,1,2
3103,1,0,1,1
3104,1,0,1,3
3105,1,0,1,2
3106,1,0,1,1
3107,1,0,1,0
3108,1,0,1,4
3109,1,0,1,3
3110,1,0,1,2
3111,1,0,1,1
3112,1,0,1,0
3113,1,0,1,3
3114,1,0,1,3
3115,1,0,1,2
3116,1,0,1,1
3117,1,0,1,0
3118,1,0,1,4
3119,1,0,1,3
3120,1,0,1,2
3121,1,0,1,1
3122,1,0,1,2
3123,1,0,1,0
3124,1,0,1,4
3125,1,0,1,3
3126,1,0,1,2
3127,1,0,1,1
3128,1,0,1,0
3129,1,0,1,4
3130,1,0,1,3
3131,1,0,1,1
3132,1,0,1,1
3133,1,0,1,0
3134,1,0,1,4
3135,1,0,1,3
3136,1,0,1,2
3137,1,0,1,1
3138,1,0,1,0
3139,1,0,1,4
3140,1,0,1,4
3141,1,0,1,1
3142,1,0,1,0
3143,1,0,1,4
3144,1,0,1,3
3145,1,0,1,2
3146,1,0,1,1
3147,1,0,1,0
3148,1,0,1,4
3149,1,0,1,2
3150,1,0,1,2
3151,1,0,1,1
3152,1,0,1,0
3153,1,0,1,4
3154,1,0,1,3
3155,1,0,1,2
3156,1,0,1,1
3157,1,0,1,0
3158,1,0,1,1
3159,1,0,1,4
3160,1,0,1,3
3161,1,0,1,2
3162,1,0,1,1
3163,1,0,1,0
3164,1,0,1,4
3165,1,0,1,3
3166,1,0,1,2
3167,1,0,1,0
3168,1,0,1,0
3169,1,0,1,4
3170,1,0,1,3
3171,1,0,1,2
3172,1,0,1,1
3173,1,0,1,0
3174,1,0,1,4
3175,1,0,1,3
3176,1,0,1,2
3177,1,0,1,0
3178,1,0,1,4
3179,1,0,1,3
3180,1,0,1,2
3181,1,0,1,1
3182,1,0,1,0
3183,1,0,1,4
3184,1,0,1,3
3185,1,0,1,1
3186,1,0,1,1
3187,1,0,1,0
3188,1,0,1,4
3189,1,0,1,3
3190,1,0,1,2
3191,1,0,1,1
3192,1,0,1,0
3193,1,0,1,4
3194,1,0,1,0
3195,1,0,1,3
3196,1,0,1,2
3197,1,0,1,1
3198,1,0,1,0
3199,1,0,1,4
3200,1,0,1,3
3201,1,0,1,2
3202,1,0,1,1
3203,1,0,1,4
3204,1,0,1,4
3205,1,0,1,3
3206,1,0,1,2
3207,1,0,1,1
3208,1,0,1,0
3209,1,0,1,4
3210,1,0,1,3
3211,1,0,1,2
3212,1,0,1,2
3213,1,0,1,4
3214,1,0,1,3
3215,1,0,1,2
3216,1,0,1,1
3217,1,0,1,0
3218,1,0,1,4
3219,1,0,1,3
3220,1,0,1,2
3221,1,0,1,0
3222,1,0,1,0
3223,1,0,1,4
3224,1,0,1,3
3225,1,0,1,2
3226,1,0,1,1
3227,1,0,1,0
3228,1,0,1,4
3229,1,0,1,3
3230,1,0,1,4
3231,1,0,1,2
3232,1,0,1,1
3233,1,0,1,0
3234,1,0,1,4
3235,1,0,1,3
3236,1,0,1,2
3237,1,0,1,1
3238,1,0,1,0
3239,1,0,1,3
3240,1,0,1,3
3241,1,0,1,2
3242,1,0,1,1
3243,1,0,1,0
3244,1,0,1,4
3245,1,0,1,3
3246,1,0,1,2
3247,1,0,1,1
3248,1,0,1,3
3249,1,0,1,2
3250,1,0,1,1
3251,1,0,1,0
3252,1,0,1,4
3253,1,0,1,3
3254,1,0,1,2
3255,1,0,1,1
3256,1,0,1,0
3257,1,0,1,3
3258,1,0,1,3
3259,1,0,1,2
3260,1,0,1,1
3261,1,0,1,0
3262,1,0,1,4
3263,1,0,1,3
3264,1,0,1,2
3265,1,0,1,1
3266,1,0,1,2
3267,1,0,1,0
3268,1,0,1,4
3269,1,0,1,3
3270,1,0,1,2
3271,1,0,1,1
3272,1,0,1,0
3273,1,0,1,4
3274,1,0,1,3
3275,1,0,1,1
3276,1,0,1,1
3277,1,0,1,0
3278,1,0,1,4
3279,1,0,1,3
3280,1,0,1,2
3281,1,0,1,1
3282,1,0,1,0
3283,1,0,1,4
3284,1,0,1,4
3285,1,0,1,1
3286,1,0,1,0
3287,1,0,1,4
3288,1,0,1,3
3289,1,0,1,2
3290,1,0,1,1
3291,1,0,1,0
3292,1,0,1,4
3293,1,0,1,2
3294,1,0,1,2
3295,1,0,1,1
3296,1,0,1,0
3297,1,0,1,4
3298,1,0,1,3
3299,1,0,1,2
3300,1,0,1,1
3301,1,0,1,0
3302,1,0,1,1
3303,1,0,1,4
3304,1,0,1,3
3305,1,0,1,2
3306,1,0,1,1
3307,1,0,1,0
3308,1,0,1,4
3309,1,0,1,3
3310,1,0,1,2
3311,1,0,1,0
3312,1,0,1,0
3313,1,0,1,4
3314,1,0,1,3
3315,1,0,1,2
3316,1,0,1,1
3317,1,0,1,0
3318,1,0,1,4
3319,1,0,1,3
3320,1,0,1,1
3321,1,0,1,1
3322,1,0,1,0
3323,1,0,1,4
3324,1,0,1,3
3325,1,0,1,2
3326,1,0,1,1
3327,1,0,1,0
3328,1,0,1,4
3329,1,0,1,2
3330,1,0,1,2
3331,1,0,1,1
3332,1,0,1,0
3333,1,0,1,4
3334,1,0,1,3
3335,1,0,1,2
3336,1,0,1,1
3337,1,0,1,0
3338,1,0,1,1
3339,1,0,1,4
3340,1,0,1,3
3341,1,0,1,2
3342,1,0,1,1
3343,1,0,1,0
3344,1,0,1,4
3345,1,0,1,3
3346,1,0,1,2
3347,1,0,1,0
3348,1,0,1,0
3349,1,0,1,4
3350,1,0,1,3
3351,1,0,1,2
3352,1,0,1,1
3353,1,0,1,0
3354,1,0,1,4
3355,1,0,1,3
3356,1,0,1,3
3357,1,0,1,0
3358,1,0,1,4
3359,1,0,1,3
3360,1,0,1,2
3361,1,0,1,1
3362,1,0,1,0
3363,1,0,1,4
3364,1,0,1,3
3365,1,0,1,1
3366,1,0,1,1
3367,1,0,1,0
3368,1,0,1,4
3369,1,0,1,3
3370,1,0,1,2
3371,1,0,1,1
3372,1,0,1,0
3373,1,0,1,0
3374,1,0,1,3
3375,1,0,1,2
3376,1,0,1,1
3377,1,0,1,0
3378,1,0,1,4
3379,1,0,1,3
3380,1,0,1,2
3381,1,0,1,1
3382,1,0,1,4
3383,1,0,1,4
3384,1,0,1,3
3385,1,0,1,2
3386,1,0,1,1
3387,1,0,1,0
3388,1,0,1,4
3389,1,0,1,3
3390,1,0,1,2
3391,1,0,1,4
3392,1,0,1,3
3393,1,0,1,2
3394,1,0,1,1
3395,1,0,1,0
3396,1,0,1,4
3397,1,0,1,3
3398,1,0,1,2
3399,1,0,1,1
3400,1,0,1,4
3401,1,0,1,4
3402,1,0,1,3
3403,1,0,1,2
3404,1,0,1,1
3405,1,0,1,0
3406,1,0,1,4
3407,1,0,1,3
3408,1,0,1,2
3409,1,0,1,3
3410,1,0,1,1
3411,1,0,1,0
3412,1,0,1,4
3413,1,0,1,3
3414,1,0,1,2
3415,1,0,1,1
3416,1,0,1,0
3417,1,0,1,4
3418,1,0,1,2
3419,1,0,1,2
3420,1,0,1,1
3421,1,0,1,0
3422,1,0,1,4
3423,1,0,1,3
3424,1,0,1,2
3425,1,0,1,1
3426,1,0,1,0
3427,1,0,1,0
3428,1,0,1,2
3429,1,0,1,1
3430,1,0,1,0
3431,1,0,1,4
3432,1,0,1,3
3433,1,0,1,2
3434,1,0,1,1
3435,1,0,1,0
3436,1,0,1,3
3437,1,0,1,3
3438,1,0,1,2
3439,1,0,1,1
3440,1,0,1,0
3441,1,0,1,4
3442,1,0,1,3
3443,1,0,1,2
3444,1,0,1,1
3445,1,0,1,2
3446,1,0,1,0
3447,1,0,1,4
3448,1,0,1,3
3449,1,0,1,2
3450,1,0,1,1
3451,1,0,1,0
3452,1,0,1,4
3453,1,0,1,3
3454,1,0,1,1
3455,1,0,1,1
3456,1,0,1,0
3457,1,0,1,4
3458,1,0,1,3
3459,1,0,1,2
3460,1,0,1,1
3461,1,0,1,0
3462,1,0,1,4
3463,1,0,1,0
3464,1,0,1,0
3465,1,0,1,1
3466,1,0,1,2
3467,1,0,1,3
3468,1,0,1,4
3469,1,0,1,0
3470,1,0,1,0
3471,1,0,1,2
3472,1,0,1,3
3473,1,0,1,4
3474,1,0,1,0
3475,1,0,1,1
3476,1,0,1,2
3477,1,0,1,3
3478,1,0,1,4
3479,1,0,1,2
3480,1,0,1,2
3481,1,0,1,3
3482,1,0,1,4
3483,1,0,1,0
3484,1,0,1,1
3485,1,0,1,2
3486,1,0,1,3
3487,1,0,1,4
3488,1,0,1,1
3489,1,0,1,4
3490,1,0,1,1
3491,1,0,1,2
3492,1,0,1,4
3493,1,0,1,0
3494,1,0,1,2
3495,1,0,1,4
3496,1,0,1,0
3497,1,0,1,4
3498,1,0,1,0
3499,1,0,1,1
3500,1,0,1,2
3501,1,0,1,3
3502,1,0,1,0
3503,1,0,1,4
3504,1,0,1,3
3505,1,0,1,1
3506,1,0,1,1
3507,1,0,1,3
3508,1,0,1,1
3509,1,0,1,0
3510,1,0,1,3
3511,1,0,1,3
3512,1,0,1,2
3513,1,0,1,4
3514,1,0,1,4
3515,1,0,1,4
3516,1,0,1,2
3517,1,0,1,1
3518,1,0,1,0
3519,1,0,1,4
3520,1,0,1,3
3521,1,0,1,2
3522,1,0,1,1
3523,1,0,1,0
3524,1,0,1,3
3525,1,0,1,3
3526,1,0,1,2
3527,1,0,1,1
3528,1,0,1,0
3529,1,0,1,4
3530,1,0,1,3
3531,1,0,1,2
3532,1,0,1,1
3533,1,0,1,3
3534,1,0,1,2
3535,1,0,1,1
3536,1,0,1,0
3537,1,0,1,4
3538,1,0,1,3
3539,1,0,1,2
3540,1,0,1,1
3541,1,0,1,0
3542,1,0,1,3
3543,1,0,1,3
3544,1,0,1,2
3545,1,0,1,1
3546,1,0,1,0
3547,1,0,1,4
3548,1,0,1,3
3549,1,0,1,2
3550,1,0,1,1
3551,1,0,1,2
3552,1,0,1,0
3553,1,0,1,4
3554,1,0,1,3
3555,1,0,1,2
3556,1,0,1,1
3557,1,0,1,0
3558,1,0,1,4
3559,1,0,1,3
3560,1,0,1,1
3561,1,0,1,1
3562,1,0,1,0
3563,1,0,1,4
3564,1,0,1,3
3565,1,0,1,2
3566,1,0,1,1
3567,1,0,1,0
3568,1,0,1,4
3569,1,0,1,4
3570,1,0,1,1
3571,1,0,1,0
3572,1,0,1,4
3573,1,0,1,3
3574,1,0,1,2
3575,1,0,1,1
3576,1,0,1,0
3577,1,0,1,4
3578,1,0,1,2
3579,1,0,1,2
3580,1,0,1,1
3581,1,0,1,0
3582,1,0,1,4
3583,1,0,1,3
3584,1,0,1,2
3585,1,0,1,1
3586,1,0,1,0
3587,1,0,1,1
3588,1,0,1,4
3589,1,0,1,3
3590,1,0,1,2
3591,1,0,1,1
3592,1,0,1,0
3593,1,0,1,4
3594,1,0,1,3
3595,1,0,1,2
3596,1,0,1,0
3597,1,0,1,0
3598,1,0,1,4
3599,1,0,1,3
3600,1,0,1,2
3601,1,0,1,1
3602,1,0,1,0
3603,1,0,1,4
3604,1,0,1,3
3605,1,0,1,1
3606,1,0,1,2
3607,1,0,1,1
3608,1,0,1,0
3609,1,0,1,4
3610,1,0,1,3
3611,1,0,1,2
3612,1,0,1,1
3613,1,0,1,0
3614,1,0,1,3
3615,1,0,1,3
3616,1,0,1,2
3617,1,0,1,1
3618,1,0,1,0
3619,1,0,1,4
3620,1,0,1,3
3621,1,0,1,2
3622,1,0,1,1
3623,1,0,1,2
3624,1,0,1,0
3625,1,0,1,4
3626,1,0,1,3
3627,1,0,1,2
3628,1,0,1,1
3629,1,0,1,0
3630,1,0,1,4
3631,1,0,1,3
3632,1,0,1,1
3633,1,0,1,1
3634,1,0,1,0
3635,1,0,1,4
3636,1,0,1,3
3637,1,0,1,2
3638,1,0,1,1
3639,1,0,1,0
3640,1,0,1,4
3641,1,0,1,4
3642,1,0,1,1
3643,1,0,1,0
3644,1,0,1,4
3645,1,0,1,3
3646,1,0,1,2
3647,1,0,1,1
3648,1,0,1,0
3649,1,0,1,4
3650,1,0,1,2
3651,1,0,1,2
3652,1,0,1,1
3653,1,0,1,0
3654,1,0,1,4
3655,1,0,1,3
3656,1,0,1,2
3657,1,0,1,1
3658,1,0,1,1
3659,1,0,1,4
3660,1,0,1,3
3661,1,0,1,2
3662,1,0,1,1
3663,1,0,1,0
3664,1,0,1,4
3665,1,0,1,3
3666,1,0,1,2
3667,1,0,1,0
3668,1,0,1,0
3669,1,0,1,4
3670,1,0,1,3
3671,1,0,1,2
3672,1,0,1,1
3673,1,0,1,0
3674,1,0,1,4
3675,1,0,1,3
3676,1,0,1,0
3677,1,0,1,4
3678,1,0,1,3
3679,1,0,1,2
3680,1,0,1,1
3681,1,0,1,0
3682,1,0,1,4
3683,1,0,1,3
3684,1,0,1,2
3685,1,0,1,0
3686,1,0,1,0
3687,1,0,1,4
3688,1,0,1,3
3689,1,0,1,2
3690,1,0,1,1
3691,1,0,1,0
3692,1,0,1,4
3693,1,0,1,3
3694,1,0,1,4
3695,1,0,1,2
3696,1,0,1,1
3697,1,0,1,0
3698,1,0,1,4
3699,1,0,1,3
3700,1,0,1,2
3701,1,0,1,1
3702,1,0,1,0
3703,1,0,1,3
3704,1,0,1,3
3705,1,0,1,2
3706,1,0,1,1
3707,1,0,1,0
3708,1,0,1,4
3709,1,0,1,3
3710,1,0,1,2
3711,1,0,1,1
3712,1,0,1,1
3713,1,0,1,3
3714,1,0,1,2
3715,1,0,1,1
3716,1,0,1,0
3717,1,0,1,4
3718,1,0,1,3
3719,1,0,1,2
3720,1,0,1,1
3721,1,0,1,4
3722,1,0,1,4
3723,1,0,1,3
3724,1,0,1,2
3725,1,0,1,1
3726,1,0,1,0
3727,1,0,1,4
3728,1,0,1,3
3729,1,0,1,2
3730,1,0,1,3
3731,1,0,1,1
3732,1,0,1,0
3733,1,0,1,4
3734,1,0,1,3
3735,1,0,1,2
3736,1,0,1,1
3737,1,0,1,0
3738,1,0,1,4
3739,1,0,1,2
3740,1,0,1,2
3741,1,0,1,1
3742,1,0,1,0
3743,1,0,1,4
3744,1,0,1,3
3745,1,0,1,2
3746,1,0,1,1
3747,1,0,1,0
3748,1,0,1,4
3749,1,0,1,1
3750,1,0,1,0
3751,1,0,1,4
3752,1,0,1,3
3753,1,0,1,2
3754,1,0,1,1
3755,1,0,1,0
3756,1,0,1,4
3757,1,0,1,2
3758,1,0,1,2
3759,1,0,1,1
3760,1,0,1,0
3761,1,0,1,4
3762,1,0,1,3
3763,1,0,1,2
3764,1,0,1,1
3765,1,0,1,0
3766,1,0,1,1
3767,1,0,1,4
3768,1,0,1,3
3769,1,0,1,2
3770,1,0,1,1
3771,1,0,1,0
3772,1,0,1,4
3773,1,0,1,3
3774,1,0,1,2
3775,1,0,1,0
3776,1,0,1,0
3777,1,0,1,4
3778,1,0,1,3
3779,1,0,1,2
3780,1,0,1,1
3781,1,0,1,0
3782,1,0,1,4
3783,1,0,1,3
3784,1,0,1,3
3785,1,0,1,0
3786,1,0,1,4
3787,1,0,1,3
3788,1,0,1,2
3789,1,0,1,1
3790,1,0,1,0
3791,1,0,1,4
3792,1,0,1,3
3793,1,0,1,1
3794,1,0,1,1
3795,1,0,1,0
3796,1,0,1,4
3797,1,0,1,3
3798,1,0,1,2
3799,1,0,1,1
3800,1,0,1,0
3801,1,0,1,0
3802,1,0,1,3
3803,1,0,1,2
3804,1,0,1,1
3805,1,0,1,0
3806,1,0,1,4
3807,1,0,1,3
3808,1,0,1,2
3809,1,0,1,1
3810,1,0,1,4
3811,1,0,1,4
3812,1,0,1,3
3813,1,0,1,2
3814,1,0,1,1
3815,1,0,1,0
3816,1,0,1,4
3817,1,0,1,3
3818,1,0,1,2
3819,1,0,1,4
3820,1,0,1,3
3821,1,0,1,2
3822,1,0,1,1
3823,1,0,1,0
3824,1,0,1,4
3825,1,0,1,3
3826,1,0,1,2
3827,1,0,1,1
3828,1,0,1,4
3829,1,0,1,4
3830,1,0,1,3
3831,1,0,1,2
3832,1,0,1,1
3833,1,0,1,0
3834,1,0,1,4
3835,1,0,1,3
3836,1,0,1,2
3837,1,0,1,3
3838,1,0,1,1
3839,1,0,1,0
3840,1,0,1,4
3841,1,0,1,3
3842,1,0,1,2
3843,1,0,1,1
3844,1,0,1,0
3845,1,0,1,4
3846,1,0,1,2
3847,1,0,1,2
3848,1,0,1,1
3849,1,0,1,0
3850,1,0,1,4
3851,1,0,1,3
3852,1,0,1,2
3853,1,0,1,1
3854,1,0,1,0
3855,1,0,1,0
3856,1,0,1,2
3857,1,0,1,1
3858,1,0,1,0
3859,1,0,1,4
3860,1,0,1,3
3861,1,0,1,2
3862,1,0,1,1
3863,1,0,1,0
3864,1,0,1,3
3865,1,0,1,3
3866,1,0,1,2
3867,1,0,1,1
3868,1,0,1,0
3869,1,0,1,4
3870,1,0,1,3
3871,1,0,1,2
3872,1,0,1,1
3873,1,0,1,2
3874,1,0,1,0
3875,1,0,1,4
3876,1,0,1,3
3877,1,0,1,2
3878,1,0,1,1
3879,1,0,1,0
3880,1,0,1,4
3881,1,0,1,3
3882,1,0,1,1
3883,1,0,1,1
3884,1,0,1,0
3885,1,0,1,4
3886,1,0,1,3
3887,1,0,1,2
3888,1,0,1,1
3889,1,0,1,0
3890,1,0,1,4
3891,1,0,1,2
3892,1,0,1,3
3893,1,0,1,2
3894,1,0,1,1
3895,1,0,1,0
3896,1,0,1,4
3897,1,0,1,3
3898,1,0,1,2
3899,1,0,1,1
3900,1,0,1,4
3901,1,0,1,4
3902,1,0,1,3
3903,1,0,1,2
3904,1,0,1,1
3905,1,0,1,0
3906,1,0,1,4
3907,1,0,1,3
3908,1,0,1,2
3909,1,0,1,3
3910,1,0,1,1
3911,1,0,1,0
3912,1,0,1,4
3913,1,0,1,3
3914,1,0,1,2
3915,1,0,1,1
3916,1,0,1,0
3917,1,0,1,4
3918,1,0,1,2
3919,1,0,1,2
3920,1,0,1,1
3921,1,0,1,0
3922,1,0,1,4
3923,1,0,1,3
3924,1,0,1,2
3925,1,0,1,1
3926,1,0,1,0
3927,1,0,1,0
3928,1,0,1,2
3929,1,0,1,1
3930,1,0,1,0
3931,1,0,1,4
3932,1,0,1,3
3933,1,0,1,2
3934,1,0,1,1
3935,1,0,1,0
3936,1,0,1,3
3937,1,0,1,3
3938,1,0,1,2
3939,1,0,1,1
3940,1,0,1,0
3941,1,0,1,4
3942,1,0,1,3
3943,1,0,1,2
3944,1,0,1,2
3945,1,0,1,0
3946,1,0,1,4
3947,1,0,1,3
3948,1,0,1,2
3949,1,0,1,1
3950,1,0,1,0
3951,1,0,1,4
3952,1,0,1,3
3953,1,0,1,1
3954,1,0,1,1
3955,1,0,1,0
3956,1,0,1,4
3957,1,0,1,3
3958,1,0,1,2
3959,1,0,1,1
3960,1,0,1,0
3961,1,0,1,4
3962,1,0,1,1
3963,1,0,1,0
3964,1,0,1,3
3965,1,0,1,4
3966,1,0,1,3
3967,1,0,1,2
3968,1,0,1,1
3969,1,0,1,0
3970,1,0,1,4
3971,1,0,1,3
3972,1,0,1,1
3973,1,0,1,1
3974,1,0,1,0
3975,1,0,1,4
3976,1,0,1,3
3977,1,0,1,2
3978,1,0,1,1
3979,1,0,1,0
3980,1,0,1,4
3981,1,0,1,0
3982,1,0,1,3
3983,1,0,1,2
3984,1,0,1,1
3985,1,0,1,0
3986,1,0,1,4
3987,1,0,1,3
3988,1,0,1,2
3989,1,0,1,1
3990,1,0,1,4
3991,1,0,1,4
3992,1,0,1,3
3993,1,0,1,2
3994,1,0,1,1
3995,1,0,1,0
3996,1,0,1,4
3997,1,0,1,3
3998,1,0,1,2
3999,1,0,1,2
4000,1,0,1,4
4001,1,0,1,3
4002,1,0,1,2
4003,1,0,1,1
4004,1,0,1,0
4005,1,0,1,4
4006,1,0,1,3
4007,1,0,1,2
4008,1,0,1,0
4009,1,0,1,0
4010,1,0,1,4
4011,1,0,1,3
4012,1,0,1,2
4013,1,0,1,1
4014,1,0,1,0
4015,1,0,1,4
4016,1,0,1,3
4017,1,0,1,4
4018,1,0,1,2
4019,1,0,1,1
4020,1,0,1,0
4021,1,0,1,4
4022,1,0,1,3
4023,1,0,1,2
4024,1,0,1,1
4025,1,0,1,0
4026,1,0,1,3
4027,1,0,1,3
4028,1,0,1,2
4029,1,0,1,1
4030,1,0,1,0
4031,1,0,1,4
4032,1,0,1,3
4033,1,0,1,2
4034,1,0,1,1
4035,1,0,1,0
4036,1,0,1,2
4037,1,0,1,1
4038,1,0,1,0
4039,1,0,1,4
4040,1,0,1,3
4041,1,0,1,2
4042,1,0,1,1
4043,1,0,1,0
4044,1,0,1,3
4045,1,0,1,3
4046,1,0,1,2
4047,1,0,1,1
4048,1,0,1,0
4049,1,0,1,4
4050,1,0,1,3
4051,1,0,1,2
4052,1,0,1,1
4053,1,0,1,2
4054,1,0,1,0
4055,1,0,1,4
4056,1,0,1,3
4057,1,0,1,2
4058,1,0,1,1
4059,1,0,1,0
4060,1,0,1,4
4061,1,0,1,3
4062,1,0,1,1
4063,1,0,1,1
4064,1,0,1,0
4065,1,0,1,4
4066,1,0,1,3
4067,1,0,1,2
4068,1,0,1,1
4069,1,0,1,0
4070,1,0,1,4
4071,1,0,1,4
4072,1,0,1,1
4073,1,0,1,0
4074,1,0,1,4
4075,1,0,1,3
4076,1,0,1,2
4077,1,0,1,1
4078,1,0,1,0
4079,1,0,1,4
4080,1,0,1,2
4081,1,0,1,2
4082,1,0,1,1
4083,1,0,1,0
4084,1,0,1,4
4085,1,0,1,3
4086,1,0,1,2
4087,1,0,1,1
4088,1,0,1,1
4089,1,0,1,4
4090,1,0,1,3
4091,1,0,1,2
4092,1,0,1,1
4093,1,0,1,0
4094,1,0,1,4
4095,1,0,1,3
4096,1,0,1,2
4097,1,0,1,0
4098,1,0,1,0
4099,1,0,1,4
4100,1,0,1,3
4101,1,0,1,2
4102,1,0,1,1
4103,1,0,1,0
4104,1,0,1,4
4105,1,0,1,3
4106,1,0,1,3
4107,1,0,1,4
4108,1,0,1,3
4109,1,0,1,2
4110,1,0,1,1
4111,1,0,1,0
4112,1,0,1,4
4113,1,0,1,3
4114,1,0,1,2
4115,1,0,1,0
4116,1,0,1,0
4117,1,0,1,4
4118,1,0,1,3
4119,1,0,1,2
4120,1,0,1,1
4121,1,0,1,0
4122,1,0,1,4
4123,1,0,1,3
4124,1,0,1,4
4125,1,0,1,2
4126,1,0,1,1
4127,1,0,1,0
4128,1,0,1,4
4129,1,0,1,3
4130,1,0,1,2
4131,1,0,1,1
4132,1,0,1,0
4133,1,0,1,3
4134,1,0,1,3
4135,1,0,1,2
4136,1,0,1,1
4137,1,0,1,0
4138,1,0,1,4
4139,1,0,1,3
4140,1,0,1,2
4141,1,0,1,1
4142,1,0,1,1
4143,1,0,1,3
4144,1,0,1,2
4145,1,0,1,1
4146,1,0,1,0
4147,1,0,1,4
4148,1,0,1,3
4149,1,0,1,2
4150,1,0,1,1
4151,1,0,1,4
4152,1,0,1,4
4153,1,0,1,3
4154,1,0,1,2
4155,1,0,1,1
4156,1,0,1,0
4157,1,0,1,4
4158,1,0,1,3
4159,1,0,1,2
4160,1,0,1,3
4161,1,0,1,1
4162,1,0,1,0
4163,1,0,1,4
4164,1,0,1,3
4165,1,0,1,2
4166,1,0,1,1
4167,1,0,1,0
4168,1,0,1,4
4169,1,0,1,2
4170,1,0,1,2
4171,1,0,1,1
4172,1,0,1,0
4173,1,0,1,4
4174,1,0,1,3
4175,1,0,1,2
4176,1,0,1,1
4177,1,0,1,0
4178,1,0,1,3
4179,1,0,1,4
4180,1,0,1,1
4181,1,0,1,1
4182,1,0,1,4
4183,1,0,1,4
4184,1,0,1,0
4185,1,0,1,4
4186,1,0,1,2
4187,1,0,1,3
4188,1,0,1,2
4189,1,0,1,0
4190,1,0,1,1
4191,1,0,1,3
4192,1,0,1,2
4193,1,0,1,4
4194,1,0,1,3
4195,1,0,1,1
4196,1,0,1,0
4197,1,0,1,4
4198,1,0,1,3
4199,1,0,1,1
4200,1,0,1,0
4201,1,0,1,4
4202,1,0,1,1
4203,1,0,1,0
4204,1,0,1,3
4205,1,0,1,2
4206,1,0,1,1
4207,1,0,1,3
4208,1,0,1,2
4209,1,0,1,1
4210,1,0,1,0
4211,1,0,1,3
4212,1,0,1,2
4213,1,0,1,1
4214,1,0,1,0
4215,1,0,1,4
4216,1,0,1,3
4217,1,0,1,2
4218,1,0,1,0
4219,1,0,1,2
4220,1,0,1,0
4221,1,0,1,1
4222,1,0,1,3
4223,1,0,1,1
4224,1,0,1,0
4225,1,0,1,4
4226,1,0,1,0
4227,1,0,1,4
4228,1,0,1,2
4229,1,0,1,3
4230,1,0,1,2
4231,1,0,1,1
4232,1,0,1,0
4233,1,0,1,2
4234,1,0,1,3
4235,1,0,1,4
4236,1,0,1,4
4237,1,0,1,4
4238,1,0,1,1
4239,1,0,1,3
4240,1,0,1,4
4241,1,0,1,0
4242,1,0,1,2
4243,1,0,1,3
4244,1,0,1,1
4245,1,0,1,0
4246,1,0,1,3
4247,1,0,1,4
4248,1,0,1,3
4249,1,0,1,2
4250,1,0,1,1
4251,1,0,1,0
4252,1,0,1,4
4253,1,0,1,3
4254,1,0,1,2
4255,1,0,1,1
4256,1,0,1,0
4257,1,0,1,4
4258,1,0,1,2
4259,1,0,1,2
4260,1,0,1,1
4261,1,0,1,0
4262,1,0,1,4
4263,1,0,1,3
4264,1,0,1,2
4265,1,0,1,1
4266,1,0,1,0
4267,1,0,1,1
4268,1,0,1,4
4269,1,0,1,3
4270,1,0,1,2
4271,1,0,1,1
4272,1,0,1,0
4273,1,0,1,4
4274,1,0,1,3
4275,1,0,1,2
4276,1,0,1,0
4277,1,0,1,0
4278,1,0,1,4
4279,1,0,1,3
4280,1,0,1,2
4281,1,0,1,1
4282,1,0,1,0
4283,1,0,1,4
4284,1,0,1,3
4285,1,0,1,3
4286,1,0,1,0
4287,1,0,1,4
4288,1,0,1,3
4289,1,0,1,2
4290,1,0,1,1
4291,1,0,1,0
4292,1,0,1,4
4293,1,0,1,2
4294,1,0,1,1
4295,1,0,1,1
4296,1,0,1,0
4297,1,0,1,4
4298,1,0,1,3
4299,1,0,1,2
4300,1,0,1,1
4301,1,0,1,0
4302,1,0,1,0
4303,1,0,1,3
4304,1,0,1,2
4305,1,0,1,1
4306,1,0,1,0
4307,1,0,1,4
4308,1,0,1,3
4309,1,0,1,2
4310,1,0,1,1
4311,1,0,1,4
4312,1,0,1,4
4313,1,0,1,3
4314,1,0,1,2
4315,1,0,1,1
4316,1,0,1,0
4317,1,0,1,4
4318,1,0,1,3
4319,1,0,1,2
4320,1,0,1,0
4321,1,0,1,4
4322,1,0,1,3
4323,1,0,1,2
4324,1,0,1,1
4325,1,0,1,0
4326,1,0,1,4
4327,1,0,1,3
4328,1,0,1,2
4329,1,0,1,0
4330,1,0,1,0
4331,1,0,1,4
4332,1,0,1,3
4333,1,0,1,2
4334,1,0,1,1
4335,1,0,1,0
4336,1,0,1,4
4337,1,0,1,3
4338,1,0,1,4
4339,1,0,1,2
4340,1,0,1,1
4341,1,0,1,0
4342,1,0,1,4
4343,1,0,1,3
4344,1,0,1,2
4345,1,0,1,1
4346,1,0,1,0
4347,1,0,1,3
4348,1,0,1,3
4349,1,0,1,2
4350,1,0,1,1
4351,1,0,1,0
4352,1,0,1,4
4353,1,0,1,3
4354,1,0,1,2
4355,1,0,1,1
4356,1,0,1,1
4357,1,0,1,3
4358,1,0,1,2
4359,1,0,1,1
4360,1,0,1,0
4361,1,0,1,4
4362,1,0,1,3
4363,1,0,1,2
4364,1,0,1,1
4365,1,0,1,4
4366,1,0,1,4
4367,1,0,1,3
4368,1,0,1,2
4369,1,0,1,1
4370,1,0,1,0
4371,1,0,1,4
4372,1,0,1,3
4373,1,0,1,2
4374,1,0,1,3
4375,1,0,1,1
4376,1,0,1,0
4377,1,0,1,4
4378,1,0,1,3
4379,1,0,1,2
4380,1,0,1,1
4381,1,0,1,0
4382,1,0,1,4
4383,1,0,1,2
4384,1,0,1,2
4385,1,0,1,1
4386,1,0,1,0
4387,1,0,1,4
4388,1,0,1,3
4389,1,0,1,2
4390,1,0,1,1
4391,1,0,1,1
4392,1,0,1,2
4393,1,0,1,1
4394,1,0,1,0
4395,1,0,1,4
4396,1,0,1,3
4397,1,0,1,2
4398,1,0,1,1
4399,1,0,1,0
4400,1,0,1,4
4401,1,0,1,2
4402,1,0,1,2
4403,1,0,1,1
4404,1,0,1,0
4405,1,0,1,4
4406,1,0,1,3
4407,1,0,1,2
4408,1,0,1,1
4409,1,0,1,0
4410,1,0,1,1
4411,1,0,1,4
4412,1,0,1,3
4413,1,0,1,2
4414,1,0,1,1
4415,1,0,1,0
4416,1,0,1,4
4417,1,0,1,3
4418,1,0,1,2
4419,1,0,1,0
4420,1,0,1,0
4421,1,0,1,4
4422,1,0,1,3
4423,1,0,1,2
4424,1,0,1,1
4425,1,0,1,0
4426,1,0,1,4
4427,1,0,1,3
4428,1,0,1,3
4429,1,0,1,0
4430,1,0,1,4
4431,1,0,1,3
4432,1,0,1,2
4433,1,0,1,1
4434,1,0,1,0
4435,1,0,1,4
4436,1,0,1,3
4437,1,0,1,1
4438,1,0,1,1
4439,1,0,1,0
4440,1,0,1,4
4441,1,0,1,3
4442,1,0,1,2
4443,1,0,1,1
4444,1,0,1,0
4445,1,0,1,4
4446,1,0,1,0
4447,1,0,1,3
4448,1,0,1,2
4449,1,0,1,1
4450,1,0,1,0
4451,1,0,1,4
4452,1,0,1,3
4453,1,0,1,2
4454,1,0,1,1
4455,1,0,1,4
4456,1,0,1,4
4457,1,0,1,3
4458,1,0,1,2
4459,1,0,1,1
4460,1,0,1,0
4461,1,0,1,4
4462,1,0,1,3
4463,1,0,1,2
4464,1,0,1,0
4465,1,0,1,0
4466,1,0,1,4
4467,1,0,1,3
4468,1,0,1,2
4469,1,0,1,1
4470,1,0,1,0
4471,1,0,1,4
4472,1,0,1,3
4473,1,0,1,1
4474,1,0,1,1
4475,1,0,1,0
4476,1,0,1,4
4477,1,0,1,3
4478,1,0,1,2
4479,1,0,1,1
4480,1,0,1,0
4481,1,0,1,4
4482,1,0,1,0
4483,1,0,1,3
4484,1,0,1,2
4485,1,0,1,1
4486,1,0,1,0
4487,1,0,1,4
4488,1,0,1,3
4489,1,0,1,2
4490,1,0,1,1
4491,1,0,1,4
4492,1,0,1,4
4493,1,0,1,3
4494,1,0,1,2
4495,1,0,1,1
4496,1,0,1,0
4497,1,0,1,4
4498,1,0,1,3
4499,1,0,1,2
4500,1,0,1,2
4501,1,0,1,4
4502,1,0,1,3
4503,1,0,1,2
4504,1,0,1,1
4505,1,0,1,0
4506,1,0,1,4
4507,1,0,1,3
4508,1,0,1,2
4509,1,0,1,0
4510,1,0,1,0
4511,1,0,1,4
4512,1,0,1,3
4513,1,0,1,2
4514,1,0,1,1
4515,1,0,1,0
4516,1,0,1,4
4517,1,0,1,4
4518,1,0,1,2
4519,1,0,1,1
4520,1,0,1,0
4521,1,0,1,4
4522,1,0,1,3
4523,1,0,1,2
4524,1,0,1,1
4525,1,0,1,0
4526,1,0,1,3
4527,1,0,1,3
4528,1,0,1,2
4529,1,0,1,1
4530,1,0,1,0
4531,1,0,1,4
4532,1,0,1,3
4533,1,0,1,2
4534,1,0,1,1
4535,1,0,1,3
4536,1,0,1,2
4537,1,0,1,1
4538,1,0,1,0
4539,1,0,1,4
4540,1,0,1,3
4541,1,0,1,2
4542,1,0,1,1
4543,1,0,1,0
4544,1,0,1,3
4545,1,0,1,3
4546,1,0,1,2
4547,1,0,1,1
4548,1,0,1,0
4549,1,0,1,4
4550,1,0,1,3
4551,1,0,1,2
4552,1,0,1,1
4553,1,0,1,2
4554,1,0,1,0
4555,1,0,1,4
4556,1,0,1,3
4557,1,0,1,2
4558,1,0,1,1
4559,1,0,1,0
4560,1,0,1,4
4561,1,0,1,3
4562,1,0,1,1
4563,1,0,1,1
4564,1,0,1,0
4565,1,0,1,4
4566,1,0,1,3
4567,1,0,1,2
4568,1,0,1,1
4569,1,0,1,0
4570,1,0,1,4
4571,1,0,1,4
4572,1,0,1,1
4573,1,0,1,0
4574,1,0,1,4
4575,1,0,1,3
4576,1,0,1,2
4577,1,0,1,1
4578,1,0,1,0
4579,1,0,1,4
4580,1,0,1,2
4581,1,0,1,2
4582,1,0,1,1
4583,1,0,1,0
4584,1,0,1,4
4585,1,0,1,3
4586,1,0,1,2
4587,1,0,1,1
4588,1,0,1,0
4589,1,0,1,1
4590,1,0,1,4
4591,1,0,1,3
4592,1,0,1,2
4593,1,0,1,1
4594,1,0,1,0
4595,1,0,1,4
4596,1,0,1,3
4597,1,0,1,2
4598,1,0,1,0
4599,1,0,1,0
4600,1,0,1,4
4601,1,0,1,3
4602,1,0,1,2
4603,1,0,1,1
4604,1,0,1,0
4605,1,0,1,4
4606,1,0,1,3
4607,1,0,1,0
4608,1,0,1,4
4609,1,0,1,3
4610,1,0,1,2
4611,1,0,1,1
4612,1,0,1,0
4613,1,0,1,4
4614,1,0,1,3
4615,1,0,1,2
4616,1,0,1,0
4617,1,0,1,0
4618,1,0,1,4
4619,1,0,1,3
4620,1,0,1,2
4621,1,0,1,1
4622,1,0,1,0
4623,1,0,1,4
4624,1,0,1,3
4625,1,0,1,4
4626,1,0,1,2
4627,1,0,1,1
4628,1,0,1,0
4629,1,0,1,4
4630,1,0,1,3
4631,1,0,1,2
4632,1,0,1,1
4633,1,0,1,0
4634,1,0,1,3
4635,1,0,1,3
4636,1,0,1,2
4637,1,0,1,1
4638,1,0,1,0
4639,1,0,1,4
4640,1,0,1,3
4641,1,0,1,2
4642,1,0,1,1
4643,1,0,1,1
4644,1,0,1,3
4645,1,0,1,2
4646,1,0,1,1
4647,1,0,1,0
4648,1,0,1,4
4649,1,0,1,3
4650,1,0,1,2
4651,1,0,1,1
4652,1,0,1,4
4653,1,0,1,4
4654,1,0,1,3
4655,1,0,1,2
4656,1,0,1,1
4657,1,0,1,0
4658,1,0,1,4
4659,1,0,1,3
4660,1,0,1,3
4661,1,0,1,1
4662,1,0,1,0
4663,1,0,1,4
4664,1,0,1,3
4665,1,0,1,2
4666,1,0,1,1
4667,1,0,1,0
4668,1,0,1,4
4669,1,0,1,2
4670,1,0,1,2
4671,1,0,1,1
4672,1,0,1,0
4673,1,0,1,4
4674,1,0,1,3
4675,1,0,1,2
4676,1,0,1,1
4677,1,0,1,0
4678,1,0,1,2
4679,1,0,1,1
4680,1,0,1,0
4681,1,0,1,4
4682,1,0,1,3
4683,1,0,1,2
4684,1,0,1,1
4685,1,0,1,0
4686,1,0,1,4
4687,1,0,1,2
4688,1,0,1,2
4689,1,0,1,1
4690,1,0,1,0
4691,1,0,1,4
4692,1,0,1,3
4693,1,0,1,2
4694,1,0,1,1
4695,1,0,1,0
4696,1,0,1,1
4697,1,0,1,4
4698,1,0,1,3
4699,1,0,1,2
4700,1,0,1,1
4701,1,0,1,0
4702,1,0,1,4
4703,1,0,1,3
4704,1,0,1,2
4705,1,0,1,0
4706,1,0,1,0
4707,1,0,1,4
4708,1,0,1,3
4709,1,0,1,2
4710,1,0,1,1
4711,1,0,1,0
4712,1,0,1,4
4713,1,0,1,3
4714,1,0,1,3
4715,1,0,1,0
4716,1,0,1,4
4717,1,0,1,3
4718,1,0,1,2
4719,1,0,1,1
4720,1,0,1,0
4721,1,0,1,4
4722,1,0,1,3
4723,1,0,1,1
4724,1,0,1,1
4725,1,0,1,0
4726,1,0,1,4
4727,1,0,1,3
4728,1,0,1,2
4729,1,0,1,1
4730,1,0,1,0
4731,1,0,1,4
4732,1,0,1,0
4733,1,0,1,3
4734,1,0,1,2
4735,1,0,1,1
4736,1,0,1,0
4737,1,0,1,4
4738,1,0,1,3
4739,1,0,1,2
4740,1,0,1,1
4741,1,0,1,4
4742,1,0,1,4
4743,1,0,1,3
4744,1,0,1,2
4745,1,0,1,1
4746,1,0,1,0
4747,1,0,1,4
4748,1,0,1,3
4749,1,0,1,2
4750,1,0,1,0
4751,1,0,1,1
4752,1,0,1,0
4753,1,0,1,4
4754,1,0,1,3
4755,1,0,1,2
4756,1,0,1,1
4757,1,0,1,0
4758,1,0,1,4
4759,1,0,1,2
4760,1,0,1,2
4761,1,0,1,1
4762,1,0,1,0
4763,1,0,1,4
4764,1,0,1,3
4765,1,0,1,2
4766,1,0,1,1
4767,1,0,1,0
4768,1,0,1,1
4769,1,0,1,4
4770,1,0,1,3
4771,1,0,1,2
4772,1,0,1,1
4773,1,0,1,0
4774,1,0,1,4
4775,1,0,1,3
4776,1,0,1,2
4777,1,0,1,0
4778,1,0,1,0
4779,1,0,1,4
4780,1,0,1,3
4781,1,0,1,2
4782,1,0,1,1
4783,1,0,1,0
4784,1,0,1,4
4785,1,0,1,3
4786,1,0,1,3
4787,1,0,1,0
4788,1,0,1,4
4789,1,0,1,3
4790,1,0,1,2
4791,1,0,1,1
4792,1,0,1,0
4793,1,0,1,4
4794,1,0,1,3
4795,1,0,1,1
4796,1,0,1,1
4797,1,0,1,0
4798,1,0,1,4
4799,1,0,1,3
4800,1,0,1,2
4801,1,0,1,1
4802,1,0,1,0
4803,1,0,1,0
4804,1,0,1,3
4805,1,0,1,2
4806,1,0,1,1
4807,1,0,1,0
4808,1,0,1,4
4809,1,0,1,3
4810,1,0,1,2
4811,1,0,1,1
4812,1,0,1,4
4813,1,0,1,4
4814,1,0,1,3
4815,1,0,1,2
4816,1,0,1,1
4817,1,0,1,0
4818,1,0,1,4
4819,1,0,1,3
4820,1,0,1,2
4821,1,0,1,4
4822,1,0,1,3
4823,1,0,1,2
4824,1,0,1,1
4825,1,0,1,0
4826,1,0,1,4
4827,1,0,1,3
4828,1,0,1,2
4829,1,0,1,1
4830,1,0,1,4
4831,1,0,1,4
4832,1,0,1,3
4833,1,0,1,2
4834,1,0,1,1
4835,1,0,1,0
4836,1,0,1,4
4837,1,0,1,3
4838,1,0,1,2
4839,1,0,1,3
4840,1,0,1,1
4841,1,0,1,0
4842,1,0,1,4
4843,1,0,1,3
4844,1,0,1,2
4845,1,0,1,1
4846,1,0,1,0
4847,1,0,1,4
4848,1,0,1,2
4849,1,0,1,2
4850,1,0,1,1
4851,1,0,1,0
4852,1,0,1,4
4853,1,0,1,3
4854,1,0,1,2
4855,1,0,1,1
4856,1,0,1,0
4857,1,0,1,0
4858,1,0,1,2
4859,1,0,1,1
4860,1,0,1,0
4861,1,0,1,4
4862,1,0,1,3
4863,1,0,1,2
4864,1,0,1,1
4865,1,0,1,0
4866,1,0,1,3
4867,1,0,1,3
4868,1,0,1,2
4869,1,0,1,1
4870,1,0,1,0
4871,1,0,1,4
4872,1,0,1,3
4873,1,0,1,2
4874,1,0,1,1
4875,1,0,1,2
4876,1,0,1,0
4877,1,0,1,4
4878,1,0,1,3
4879,1,0,1,2
4880,1,0,1,1
4881,1,0,1,0
4882,1,0,1,4
4883,1,0,1,3
4884,1,0,1,1
4885,1,0,1,1
4886,1,0,1,0
4887,1,0,1,4
4888,1,0,1,3
4889,1,0,1,2
4890,1,0,1,1
4891,1,0,1,0
4892,1,0,1,4
4893,1,0,1,3
4894,1,0,1,1
4895,1,0,1,0
4896,1,0,1,4
4897,1,0,1,3
4898,1,0,1,2
4899,1,0,1,1
4900,1,0,1,0
4901,1,0,1,4
4902,1,0,1,2
4903,1,0,1,2
4904,1,0,1,1
4905,1,0,1,0
4906,1,0,1,4
4907,1,0,1,3
4908,1,0,1,2
4909,1,0,1,1
4910,1,0,1,0
4911,1,0,1,1
4912,1,0,1,4
4913,1,0,1,3
4914,1,0,1,2
4915,1,0,1,1
4916,1,0,1,0
4917,1,0,1,4
4918,1,0,1,3
4919,1,0,1,2
4920,1,0,1,0
4921,1,0,1,0
4922,1,0,1,4
4923,1,0,1,3
4924,1,0,1,2
4925,1,0,1,1
4926,1,0,1,0
4927,1,0,1,4
4928,1,0,1,3
4929,1,0,1,3
4930,1,0,1,0
4931,1,0,1,4
4932,1,0,1,3
4933,1,0,1,2
4934,1,0,1,1
4935,1,0,1,0
4936,1,0,1,4
4937,1,0,1,3
4938,1,0,1,1
4939,1,0,1,1
4940,1,0,1,0
4941,1,0,1,4
4942,1,0,1,3
4943,1,0,1,2
4944,1,0,1,1
4945,1,0,1,0
4946,1,0,1,4
4947,1,0,1,0
4948,1,0,1,3
4949,1,0,1,2
4950,1,0,1,1
4951,1,0,1,0
4952,1,0,1,4
4953,1,0,1,3
4954,1,0,1,2
4955,1,0,1,1
4956,1,0,1,4
4957,1,0,1,4
4958,1,0,1,3
4959,1,0,1,2
4960,1,0,1,1
4961,1,0,1,0
4962,1,0,1,4
4963,1,0,1,3
4964,1,0,1,2
4965,1,0,1,4
4966,1,0,1,3
4967,1,0,1,2
4968,1,0,1,1
4969,1,0,1,0
4970,1,0,1,4
4971,1,0,1,3
4972,1,0,1,2
4973,1,0,1,1
4974,1,0,1,4
4975,1,0,1,4
4976,1,0,1,3
4977,1,0,1,2
4978,1,0,1,1
4979,1,0,1,0
4980,1,0,1,4
4981,1,0,1,3
4982,1,0,1,2
4983,1,0,1,3
4984,1,0,1,1
4985,1,0,1,0
4986,1,0,1,4
4987,1,0,1,3
4988,1,0,1,2
4989,1,0,1,1
4990,1,0,1,0
4991,1,0,1,4
4992,1,0,1,2
4993,1,0,1,2
4994,1,0,1,1
4995,1,0,1,0
4996,1,0,1,4
4997,1,0,1,3
4998,1,0,1,2
4999,1,0,1,1
5000,1,0,1,0
5001,1,0,1,0
5002,1,0,1,2
5003,1,0,1,1
5004,1,0,1,0
5005,1,0,1,4
5006,1,0,1,3
5007,1,0,1,2
5008,1,0,1,1
5009,1,0,1,0
5010,1,0,1,3
5011,1,0,1,3
5012,1,0,1,2
5013,1,0,1,1
5014,1,0,1,0
5015,1,0,1,4
5016,1,0,1,3
5017,1,0,1,2
5018,1,0,1,1
5019,1,0,1,2
5020,1,0,1,0
5021,1,0,1,4
5022,1,0,1,3
5023,1,0,1,2
5024,1,0,1,1
5025,1,0,1,0
5026,1,0,1,4
5027,1,0,1,3
5028,1,0,1,1
5029,1,0,1,1
5030,1,0,1,0
5031,1,0,1,4
5032,1,0,1,3
5033,1,0,1,2
5034,1,0,1,1
5035,1,0,1,0
5036,1,0,1,4
5037,1,0,1,2
5038,1,0,1,2
5039,1,0,1,1
5040,1,0,1,0
5041,1,0,1,4
5042,1,0,1,3
5043,1,0,1,2
5044,1,0,1,1
5045,1,0,1,0
5046,1,0,1,3
5047,1,0,1,3
5048,1,0,1,2
5049,1,0,1,1
5050,1,0,1,0
5051,1,0,1,4
5052,1,0,1,3
5053,1,0,1,2
5054,1,0,1,1
5055,1,0,1,2
5056,1,0,1,0
5057,1,0,1,4
5058,1,0,1,3
5059,1,0,1,2
5060,1,0,1,1
5061,1,0,1,0
5062,1,0,1,4
5063,1,0,1,3
5064,1,0,1,1
5065,1,0,1,1
5066,1,0,1,0
5067,1,0,1,4
5068,1,0,1,3
5069,1,0,1,2
5070,1,0,1,1
5071,1,0,1,0
5072,1,0,1,4
5073,1,0,1,4
5074,1,0,1,1
5075,1,0,1,0
5076,1,0,1,4
5077,1,0,1,3
5078,1,0,1,2
5079,1,0,1,1
5080,1,0,1,0
5081,1,0,1,4
5082,1,0,1,2
5083,1,0,1,2
5084,1,0,1,1
5085,1,0,1,0
5086,1,0,1,4
5087,1,0,1,3
5088,1,0,1,2
5089,1,0,1,1
5090,1,0,1,1
5091,1,0,1,4
5092,1,0,1,3
5093,1,0,1,2
5094,1,0,1,1
5095,1,0,1,0
5096,1,0,1,4
5097,1,0,1,3
5098,1,0,1,2
5099,1,0,1,0
5100,1,0,1,0
5101,1,0,1,4
5102,1,0,1,3
5103,1,0,1,2
5104,1,0,1,1
5105,1,0,1,0
5106,1,0,1,4
5107,1,0,1,3
5108,1,0,1,0
5109,1,0,1,4
5110,1,0,1,3
5111,1,0,1,2
5112,1,0,1,1
5113,1,0,1,0
5114,1,0,1,4
5115,1,0,1,3
5116,1,0,1,2
5117,1,0,1,0
5118,1,0,1,0
5119,1,0,1,4
5120,1,0,1,3
5121,1,0,1,2
5122,1,0,1,1
5123,1,0,1,0
5124,1,0,1,4
5125,1,0,1,3
5126,1,0,1,4
5127,1,0,1,2
5128,1,0,1,1
5129,1,0,1,0
5130,1,0,1,4
5131,1,0,1,3
5132,1,0,1,2
5133,1,0,1,1
5134,1,0,1,0
5135,1,0,1,3
5136,1,0,1,3
5137,1,0,1,2
5138,1,0,1,1
5139,1,0,1,0
5140,1,0,1,4
5141,1,0,1,3
5142,1,0,1,2
5143,1,0,1,1
5144,1,0,1,1
5145,1,0,1,3
5146,1,0,1,2
5147,1,0,1,1
5148,1,0,1,0
5149,1,0,1,4
5150,1,0,1,3
5151,1,0,1,2
5152,1,0,1,1
5153,1,0,1,4
5154,1,0,1,4
5155,1,0,1,3
5156,1,0,1,2
5157,1,0,1,1
5158,1,0,1,0
5159,1,0,1,4
5160,1,0,1,3
5161,1,0,1,2
5162,1,0,1,3
5163,1,0,1,1
5164,1,0,1,0
5165,1,0,1,4
5166,1,0,1,3
5167,1,0,1,2
5168,1,0,1,1
5169,1,0,1,0
5170,1,0,1,4
5171,1,0,1,2
5172,1,0,1,2
5173,1,0,1,1
5174,1,0,1,0
5175,1,0,1,4
5176,1,0,1,3
5177,1,0,1,2
5178,1,0,1,1
5179,1,0,1,0
5180,1,0,1,2
5181,1,0,1,2
5182,1,0,1,1
5183,1,0,1,0
5184,1,0,1,4
5185,1,0,1,3
5186,1,0,1,2
5187,1,0,1,1
5188,1,0,1,0
5189,1,0,1,3
5190,1,0,1,3
5191,1,0,1,2
5192,1,0,1,1
5193,1,0,1,0
5194,1,0,1,4
5195,1,0,1,3
5196,1,0,1,2
5197,1,0,1,1
5198,1,0,1,2
5199,1,0,1,0
5200,1,0,1,4
5201,1,0,1,3
5202,1,0,1,2
5203,1,0,1,1
5204,1,0,1,0
5205,1,0,1,4
5206,1,0,1,3
5207,1,0,1,1
5208,1,0,1,1
5209,1,0,1,0
5210,1,0,1,4
5211,1,0,1,3
5212,1,0,1,2
5213,1,0,1,1
5214,1,0,1,0
5215,1,0,1,4
5216,1,0,1,4
5217,1,0,1,1
5218,1,0,1,0
5219,1,0,1,4
5220,1,0,1,3
5221,1,0,1,2
5222,1,0,1,1
5223,1,0,1,0
5224,1,0,1,4
5225,1,0,1,2
5226,1,0,1,2
5227,1,0,1,1
5228,1,0,1,0
5229,1,0,1,4
5230,1,0,1,3
5231,1,0,1,2
5232,1,0,1,1
5233,1,0,1,1
5234,1,0,1,4
5235,1,0,1,3
5236,1,0,1,2
5237,1,0,1,1
5238,1,0,1,0
5239,1,0,1,4
5240,1,0,1,3
5241,1,0,1,2
5242,1,0,1,0
5243,1,0,1,0
5244,1,0,1,4
5245,1,0,1,3
5246,1,0,1,2
5247,1,0,1,1
5248,1,0,1,0
5249,1,0,1,4
5250,1,0,1,3
5251,1,0,1,0
5252,1,0,1,4
5253,1,0,1,3
5254,1,0,1,2
5255,1,0,1,1
5256,1,0,1,0
5257,1,0,1,4
5258,1,0,1,3
5259,1,0,1,2
5260,1,0,1,0
5261,1,0,1,0
5262,1,0,1,4
5263,1,0,1,3
5264,1,0,1,2
5265,1,0,1,1
5266,1,0,1,0
5267,1,0,1,4
5268,1,0,1,3
5269,1,0,1,4
5270,1,0,1,2
5271,1,0,1,1
5272,1,0,1,0
5273,1,0,1,4
5274,1,0,1,3
5275,1,0,1,2
5276,1,0,1,1
5277,1,0,1,0
5278,1,0,1,3
5279,1,0,1,3
5280,1,0,1,2
5281,1,0,1,1
5282,1,0,1,0
5283,1,0,1,4
5284,1,0,1,3
5285,1,0,1,2
5286,1,0,1,1
5287,1,0,1,1
5288,1,0,1,3
5289,1,0,1,2
5290,1,0,1,1
5291,1,0,1,0
5292,1,0,1,4
5293,1,0,1,3
5294,1,0,1,2
5295,1,0,1,1
5296,1,0,1,4
5297,1,0,1,4
5298,1,0,1,3
5299,1,0,1,2
5300,1,0,1,1
5301,1,0,1,0
5302,1,0,1,4
5303,1,0,1,3
5304,1,0,1,2
5305,1,0,1,3
5306,1,0,1,1
5307,1,0,1,0
5308,1,0,1,4
5309,1,0,1,3
5310,1,0,1,2
5311,1,0,1,1
5312,1,0,1,0
5313,1,0,1,4
5314,1,0,1,2
5315,1,0,1,2
5316,1,0,1,1
5317,1,0,1,0
5318,1,0,1,4
5319,1,0,1,3
5320,1,0,1,2
5321,1,0,1,1
5322,1,0,1,0
5323,1,0,1,3
5324,1,0,1,4
5325,1,0,1,3
5326,1,0,1,2
5327,1,0,1,1
5328,1,0,1,0
5329,1,0,1,4
5330,1,0,1,3
5331,1,0,1,2
5332,1,0,1,0
5333,1,0,1,0
5334,1,0,1,4
5335,1,0,1,3
5336,1,0,1,2
5337,1,0,1,1
5338,1,0,1,0
5339,1,0,1,4
5340,1,0,1,3
5341,1,0,1,4
5342,1,0,1,2
5343,1,0,1,1
5344,1,0,1,0
5345,1,0,1,4
5346,1,0,1,3
5347,1,0,1,2
5348,1,0,1,1
5349,1,0,1,0
5350,1,0,1,3
5351,1,0,1,3
5352,1,0,1,2
5353,1,0,1,1
5354,1,0,1,0
5355,1,0,1,4
5356,1,0,1,3
5357,1,0,1,2
5358,1,0,1,1
5359,1,0,1,1
5360,1,0,1,3
5361,1,0,1,2
5362,1,0,1,1
5363,1,0,1,0
5364,1,0,1,4
5365,1,0,1,3
5366,1,0,1,2
5367,1,0,1,1
5368,1,0,1,4
5369,1,0,1,4
5370,1,0,1,3
5371,1,0,1,2
5372,1,0,1,1
5373,1,0,1,0
5374,1,0,1,4
5375,1,0,1,3
5376,1,0,1,3
5377,1,0,1,1
5378,1,0,1,0
5379,1,0,1,4
5380,1,0,1,3
5381,1,0,1,2
5382,1,0,1,1
5383,1,0,1,0
5384,1,0,1,4
5385,1,0,1,2
5386,1,0,1,2
5387,1,0,1,1
5388,1,0,1,0
5389,1,0,1,4
5390,1,0,1,3
5391,1,0,1,2
5392,1,0,1,1
5393,1,0,1,0
5394,1,0,1,2
5395,1,0,1,1
5396,1,0,1,0
5397,1,0,1,4
5398,1,0,1,3
5399,1,0,1,2
5400,1,0,1,1
5401,1,0,1,0
5402,1,0,1,4
5403,1,0,1,2
5404,1,0,1,2
5405,1,0,1,1
5406,1,0,1,0
5407,1,0,1,4
5408,1,0,1,3
5409,1,0,1,2
5410,1,0,1,1
5411,1,0,1,0
5412,1,0,1,1
5413,1,0,1,4
5414,1,0,1,3
5415,1,0,1,2
5416,1,0,1,1
5417,1,0,1,0
5418,1,0,1,4
5419,1,0,1,3
5420,1,0,1,2
5421,1,0,1,0
5422,1,0,1,0
5423,1,0,1,4
5424,1,0,1,3
5425,1,0,1,2
5426,1,0,1,1
5427,1,0,1,0
5428,1,0,1,4
5429,1,0,1,3
5430,1,0,1,3
5431,1,0,1,0
5432,1,0,1,4
5433,1,0,1,3
5434,1,0,1,2
5435,1,0,1,1
5436,1,0,1,0
5437,1,0,1,4
5438,1,0,1,3
5439,1,0,1,1
5440,1,0,1,1
5441,1,0,1,0
5442,1,0,1,4
5443,1,0,1,3
5444,1,0,1,2
5445,1,0,1,1
5446,1,0,1,0
5447,1,0,1,4
5448,1,0,1,0
5449,1,0,1,3
5450,1,0,1,2
5451,1,0,1,1
5452,1,0,1,0
5453,1,0,1,4
5454,1,0,1,3
5455,1,0,1,2
5456,1,0,1,1
5457,1,0,1,4
5458,1,0,1,4
5459,1,0,1,3
5460,1,0,1,2
5461,1,0,1,1
5462,1,0,1,0
5463,1,0,1,4
5464,1,0,1,3
5465,1,0,1,2
5466,1,0,1,1
5467,1,0,1,3
5468,1,0,1,2
5469,1,0,1,1
5470,1,0,1,0
5471,1,0,1,4
5472,1,0,1,3
5473,1,0,1,2
5474,1,0,1,1
5475,1,0,1,4
5476,1,0,1,4
5477,1,0,1,3
5478,1,0,1,2
5479,1,0,1,1
5480,1,0,1,0
5481,1,0,1,4
5482,1,0,1,3
5483,1,0,1,2
5484,1,0,1,3
5485,1,0,1,1
5486,1,0,1,0
5487,1,0,1,4
5488,1,0,1,3
5489,1,0,1,2
5490,1,0,1,1
5491,1,0,1,0
5492,1,0,1,4
5493,1,0,1,2
5494,1,0,1,2
5495,1,0,1,1
5496,1,0,1,0
5497,1,0,1,4
5498,1,0,1,3
5499,1,0,1,2
5500,1,0,1,1
5501,1,0,1,0
5502,1,0,1,0
5503,1,0,1,2
5504,1,0,1,1
5505,1,0,1,0
5506,1,0,1,4
5507,1,0,1,3
5508,1,0,1,2
5509,1,0,1,1
5510,1,0,1,0
5511,1,0,1,3
5512,1,0,1,3
5513,1,0,1,2
5514,1,0,1,1
5515,1,0,1,0
5516,1,0,1,4
5517,1,0,1,3
5518,1,0,1,2
5519,1,0,1,2
5520,1,0,1,0
5521,1,0,1,4
5522,1,0,1,3
5523,1,0,1,2
5524,1,0,1,1
5525,1,0,1,0
5526,1,0,1,4
5527,1,0,1,3
5528,1,0,1,1
5529,1,0,1,1
5530,1,0,1,0
5531,1,0,1,4
5532,1,0,1,3
5533,1,0,1,2
5534,1,0,1,1
5535,1,0,1,0
5536,1,0,1,4
5537,1,0,1,1
5538,1,0,1,0
5539,1,0,1,4
5540,1,0,1,3
5541,1,0,1,2
5542,1,0,1,1
5543,1,0,1,0
5544,1,0,1,4
5545,1,0,1,3
5546,1,0,1,1
5547,1,0,1,1
5548,1,0,1,0
5549,1,0,1,4
5550,1,0,1,3
5551,1,0,1,2
5552,1,0,1,1
5553,1,0,1,0
5554,1,0,1,4
5555,1,0,1,0
5556,1,0,1,3
5557,1,0,1,2
5558,1,0,1,1
5559,1,0,1,0
5560,1,0,1,4
5561,1,0,1,3
5562,1,0,1,2
5563,1,0,1,1
5564,1,0,1,4
5565,1,0,1,4
5566,1,0,1,3
5567,1,0,1,2
5568,1,0,1,1
5569,1,0,1,0
5570,1,0,1,4
5571,1,0,1,3
5572,1,0,1,2
5573,1,0,1,2
5574,1,0,1,4
5575,1,0,1,3
5576,1,0,1,2
5577,1,0,1,1
5578,1,0,1,0
5579,1,0,1,4
5580,1,0,1,3
5581,1,0,1,2
5582,1,0,1,0
5583,1,0,1,0
5584,1,0,1,4
5585,1,0,1,3
5586,1,0,1,2
5587,1,0,1,1
5588,1,0,1,0
5589,1,0,1,4
5590,1,0,1,3
5591,1,0,1,4
5592,1,0,1,2
5593,1,0,1,1
5594,1,0,1,0
5595,1,0,1,4
5596,1,0,1,3
5597,1,0,1,2
5598,1,0,1,1
5599,1,0,1,0
5600,1,0,1,3
5601,1,0,1,3
5602,1,0,1,2
5603,1,0,1,1
5604,1,0,1,0
5605,1,0,1,4
5606,1,0,1,3
5607,1,0,1,2
5608,1,0,1,1
5609,1,0,1,4
5610,1,0,1,0
5611,1,0,1,4
5612,1,0,1,3
5613,1,0,1,2
5614,1,0,1,1
5615,1,0,1,0
5616,1,0,1,4
5617,1,0,1,3
5618,1,0,1,1
5619,1,0,1,1
5620,1,0,1,0
5621,1,0,1,4
5622,1,0,1,3
5623,1,0,1,2
5624,1,0,1,1
5625,1,0,1,0
5626,1,0,1,4
5627,1,0,1,0
5628,1,0,1,3
5629,1,0,1,2
5630,1,0,1,1
5631,1,0,1,0
5632,1,0,1,4
5633,1,0,1,3
5634,1,0,1,2
5635,1,0,1,1
5636,1,0,1,4
5637,1,0,1,4
5638,1,0,1,3
5639,1,0,1,2
5640,1,0,1,1
5641,1,0,1,0
5642,1,0,1,4
5643,1,0,1,3
5644,1,0,1,2
5645,1,0,1,2
5646,1,0,1,4
5647,1,0,1,3
5648,1,0,1,2
5649,1,0,1,1
5650,1,0,1,0
5651,1,0,1,4
5652,1,0,1,3
5653,1,0,1,2
5654,1,0,1,0
5655,1,0,1,0
5656,1,0,1,4
5657,1,0,1,3
5658,1,0,1,2
5659,1,0,1,1
5660,1,0,1,0
5661,1,0,1,4
5662,1,0,1,4
5663,1,0,1,2
5664,1,0,1,1
5665,1,0,1,0
5666,1,0,1,4
5667,1,0,1,3
5668,1,0,1,2
5669,1,0,1,1
5670,1,0,1,0
5671,1,0,1,3
5672,1,0,1,3
5673,1,0,1,2
5674,1,0,1,1
5675,1,0,1,0
5676,1,0,1,4
5677,1,0,1,3
5678,1,0,1,2
5679,1,0,1,1
5680,1,0,1,3
5681,1,0,1,2
5682,1,0,1,1
5683,1,0,1,0
5684,1,0,1,4
5685,1,0,1,3
5686,1,0,1,2
5687,1,0,1,1
5688,1,0,1,0
5689,1,0,1,3
5690,1,0,1,3
5691,1,0,1,2
5692,1,0,1,1
5693,1,0,1,0
5694,1,0,1,4
5695,1,0,1,3
5696,1,0,1,2
5697,1,0,1,1
5698,1,0,1,2
5699,1,0,1,0
5700,1,0,1,4
5701,1,0,1,4
5702,1,0,1,3
5703,1,0,1,2
5704,1,0,1,1
5705,1,0,1,0
5706,1,0,1,4
5707,1,0,1,3
5708,1,0,1,1
5709,1,0,1,1
5710,1,0,1,0
5711,1,0,1,4
5712,1,0,1,3
5713,1,0,1,2
5714,1,0,1,1
5715,1,0,1,0
5716,1,0,1,4
5717,1,0,1,4
5718,1,0,1,1
5719,1,0,1,0
5720,1,0,1,4
5721,1,0,1,3
5722,1,0,1,2
5723,1,0,1,1
5724,1,0,1,2
5725,1,0,1,0
5726,1,0,1,4
5727,1,0,1,2
5728,1,0,1,2
5729,1,0,1,1
5730,1,0,1,0
5731,1,0,1,4
5732,1,0,1,3
5733,1,0,1,3
5734,1,0,1,2
5735,1,0,1,1
5736,1,0,1,0
5737,1,0,1,1
5738,1,0,1,4
5739,1,0,1,3
5740,1,0,1,2
5741,1,0,1,1
5742,1,0,1,0
5743,1,0,1,4
5744,1,0,1,3
5745,1,0,1,2
5746,1,0,1,0
5747,1,0,1,0
5748,1,0,1,4
5749,1,0,1,3
5750,1,0,1,2
5751,1,0,1,1
5752,1,0,1,0
5753,1,0,1,4
5754,1,0,1,3
5755,1,0,1,0
5756,1,0,1,1
